,Salm,Allikas
0,"It is twenty years since I first determined to attempt the translation
of _Faust_, in the original metres. At that time, although more than a
score of English translations of the First Part, and three or four of
the Second Part, were in existence, the experiment had not yet been
made. The prose version of Hayward seemed to have been accepted as the
standard, in default of anything more satisfactory: the English critics,
generally sustaining the translator in his views concerning the
secondary importance of form in Poetry, practically discouraged any
further attempt; and no one, familiar with rhythmical expression through
the needs of his own nature, had devoted the necessary love and patience
to an adequate reproduction of the great work of Goethe's life.",Faust
1,"[B] ""You are right,"" said Goethe; ""there are great and mysterious
agencies included in the various forms of Poetry. If the substance of my
'Roman Elegies' were to be expressed in the tone and measure of Byron's
'Don Juan,' it would really have an atrocious effect.""--_Eckermann_.",Faust
2,"""The rhythm,"" said Goethe, ""is an unconscious result of the poetic mood.
If one should stop to consider it mechanically, when about to write a
poem, one would become bewildered and accomplish nothing of real
poetical value.""--_Ibid_.",Faust
3,"""_All that is poetic in character should be rythmically treated_! Such
is my conviction; and if even a sort of poetic prose should be gradually
introduced, it would only show that the distinction between prose and
poetry had been completely lost sight of.""--_Goethe to Schiller_, 1797.",Faust
4,"Tycho Mommsen, in his excellent essay, _Die Kunst des Deutschen
Uebersetzers aus neueren Sprachen_, goes so far as to say: ""The metrical
or rhymed modelling of a poetical work is so essentially the germ of its
being, that, rather than by giving it up, we might hope to construct a
similar work of art before the eyes of our countrymen, by giving up or
changing the substance. The immeasurable result which has followed works
wherein the form has been retained--such as the Homer of Voss, and the
Shakespeare of Tieck and Schlegel--is an incontrovertible evidence of
the vitality of the endeavor.""",Faust
5,"[C] ""Goethe's poems exercise a great sway over me, not only by their
meaning, but also by their rhythm. It is a language which stimulates me
to composition.""--_Beethoven_.",Faust
6,"[E] Mr. Lewes gives the following advice: ""The English reader would
perhaps best succeed who should first read Dr. Anster's brilliant
paraphrase, and then carefully go through Hayward's prose translation.""
This is singularly at variance with the view he has just expressed. Dr.
Anster's version is an almost incredible dilution of the original,
written in _other_ metres; while Hayward's entirely omits the element of
poetry.",Faust
7,"""Kommt, wie der Wind kommt, Wenn Wälder erzittern Kommt, wie die
Brandung Wenn Flotten zersplittern! Schnell heran, schnell herab,
Schneller kommt Al'e!--Häuptling und Bub' und Knapp, Herr und Vasalle!""",Faust
8,"""Es fällt der Strahl auf Burg und Thal, Und schneeige Gipfel, reich an
Sagen; Viel' Lichter wehn auf blauen Seen, Bergab die Wasserstürze
jagen! Blas, Hüfthorn, blas, in Wiederhall erschallend: Blas,
Horn--antwortet, Echos, hallend, hallend, hallend!""",Faust
9,"I have a more serious objection, however, to urge against Mr. Hayward's
prose translation. Where all the restraints of verse are flung aside, we
should expect, at least, as accurate a reproduction of the sense,
spirit, and tone of the original, as the genius of our language will
permit. So far from having given us such a reproduction, Mr. Hayward not
only occasionally mistakes the exact meaning of the German text,[H] but,
wherever two phrases may be used to express the meaning with equal
fidelity, he very frequently selects that which has the less grace,
strength, or beauty.[I]",Faust
10,"[H] On his second page, the line _Mein Lied ertönt der unbekannten
Menge_, ""My song sounds to the unknown multitude,"" is translated: ""My
_sorrow_ voices itself to the strange throng."" Other English
translators, I notice, have followed Mr. Hayward in mistaking _Lied_ for
_Leid_.",Faust
11,"I:
 I take but one out of numerous instances, for the sake of
illustration. The close of the Soldier's Song (Part I. Scene II.) is:--",Faust
12,"          ""Kühn is das Mühen,
          Herrlich der Lohn!
          Und die Soldaten
          Ziehen davon.""",Faust
13,"          Bold is the endeavor,
          Splendid the pay!
          And the soldiers
          March away.",Faust
14,"          Bold the adventure,
          Noble the reward--
          And the soldiers
          Are off.",Faust
15,"While, therefore, I heartily recognize his lofty appreciation of
_Faust_,--while I honor him for the patient and conscientious labor he
has bestowed upon his translation,--I cannot but feel that he has
himself illustrated the unsoundness of his argument. Nevertheless, the
circumstance that his prose translation of _Faust_ has received so much
acceptance proves those qualities of the original work which cannot be
destroyed by a test so violent. From the cold bare outline thus
produced, the reader unacquainted with the German language would
scarcely guess what glow of color, what richness of changeful life, what
fluent grace and energy of movement have been lost in the process. We
must, of course, gratefully receive such an outline, where a nearer
approach to the form of the original is impossible, but, until the
latter has been demonstrated, we are wrong to remain content with the
cheaper substitute.",Faust
16,"It seems to me that in all discussions upon this subject the capacities
of the English language have received but scanty justice. The
intellectual tendencies of our race have always been somewhat
conservative, and its standards of literary taste or belief, once set
up, are not varied without a struggle. The English ear is suspicious of
new metres and unaccustomed forms of expression: there are critical
detectives on the track of every author, and a violation of the accepted
canons is followed by a summons to judgment. Thus the tendency is to
contract rather than to expand the acknowledged excellences of the
language.[J]",Faust
17,"[K] ""At present, everything runs in technical grooves, and the critical
gentlemen begin to wrangle whether in a rhyme an _s_ should correspond
with an _s_ and not with _sz_. If I were young and reckless enough, I
would purposely offend all such technical caprices: I would use
alliteration, assonance, false rhyme, just according to my own will or
convenience--but, at the same time, I would attend to the main thing,
and endeavor to say so many good things that every one would be
attracted to read and remember them.""--_Goethe_, in 1831.",Faust
18,"_Erhabener Geist, im Geisterreich verloren!
Wo immer Deine lichte Wohnung sey,
Zum höh'ren Schaffen bist Du neugeboren,
Und singest dort die voll're Litanei.
Von jenem Streben das Du auserkoren,
Vom reinsten Aether, drin Du athmest frei,
O neige Dich zu gnädigem Erwiedern
Des letzten Wiederhalls von Deinen Liedern!",Faust
19,"Den alten Musen die bestäubten Kronen
Nahmst Du, zu neuem Glanz, mit kühner Hand:
Du löst die Räthsel ältester Aeonen
Durch jüngeren Glauben, helleren Verstand,
Und machst, wo rege Menschengeister wohnen,
Die ganze Erde Dir zum Vaterland;
Und Deine Jünger sehn in Dir, verwundert,
Verkörpert schon das werdende Jahrhundert.",Faust
20,"Was Du gesungen, Aller Lust und Klagen,
Des Lebens Wiedersprüche, neu vermählt,--
Die Harfe tausendstimmig frisch geschlagen,
Die Shakspeare einst, die einst Homer gewählt,--
Darf ich in fremde Klänge übertragen
Das Alles, wo so Mancher schon gefehlt?
Lass Deinen Geist in meiner Stimme klingen,
Und was Du sangst, lass mich es Dir nachsingen!_",Faust
21,"Again ye come, ye hovering Forms! I find ye,
As early to my clouded sight ye shone!
Shall I attempt, this once, to seize and bind ye?
Still o'er my heart is that illusion thrown?
Ye crowd more near! Then, be the reign assigned ye,
And sway me from your misty, shadowy zone!
My bosom thrills, with youthful passion shaken,
From magic airs that round your march awaken.",Faust
22,"Of joyous days ye bring the blissful vision;
The dear, familiar phantoms rise again,
And, like an old and half-extinct tradition,
First Love returns, with Friendship in his train.
Renewed is Pain: with mournful repetition
Life tracks his devious, labyrinthine chain,
And names the Good, whose cheating fortune tore them
From happy hours, and left me to deplore them.",Faust
23,"Dispersed the friendly troop, with all its pleasures,
And still, alas! the echoes first that rang!
I bring the unknown multitude my treasures;
Their very plaudits give my heart a pang,
And those beside, whose joy my Song so flattered,
If still they live, wide through the world are scattered.",Faust
24,"And grasps me now a long-unwonted yearning
For that serene and solemn Spirit-Land:
My song, to faint Aeolian murmurs turning,
Sways like a harp-string by the breezes fanned.
I thrill and tremble; tear on tear is burning,
And the stern heart is tenderly unmanned.
What I possess, I see far distant lying,
And what I lost, grows real and undying.",Faust
25,"
Speak not to me of yonder motley masses,
Whom but to see, puts out the fire of Song!
Hide from my view the surging crowd that passes,
And in its whirlpool forces us along!
No, lead me where some heavenly silence glasses
The purer joys that round the Poet throng,--
Where Love and Friendship still divinely fashion
The bonds that bless, the wreaths that crown his passion!
Ah, every utterance from the depths of feeling
The timid lips have stammeringly expressed,--
Now failing, now, perchance, success revealing,--
Gulps the wild Moment in its greedy breast;
Or oft, reluctant years its warrant sealing,
Its perfect stature stands at last confessed!
What dazzles, for the Moment spends its spirit:
What's genuine, shall Posterity inherit.",Faust
26,"
Posterity! Don't name the word to me!
If _I_ should choose to preach Posterity,
Where would you get contemporary fun?
That men _will_ have it, there's no blinking:
A fine young fellow's presence, to my thinking,
Is something worth, to every one.
Who genially his nature can outpour,
Takes from the People's moods no irritation;
The wider circle he acquires, the more
Securely works his inspiration.
Then pluck up heart, and give us sterling coin!
Let Fancy be with her attendants fitted,--
Sense, Reason, Sentiment, and Passion join,--
But have a care, lest Folly be omitted!",Faust
27,"Chiefly, enough of incident prepare!
They come to look, and they prefer to stare.
Reel off a host of threads before their faces,
So that they gape in stupid wonder: then
By sheer diffuseness you have won their graces,
And are, at once, most popular of men.
Only by mass you touch the mass; for any
Will finally, himself, his bit select:
Who offers much, brings something unto many,
And each goes home content with the effect,
If you've a piece, why, just in pieces give it:
A hash, a stew, will bring success, believe it!
'Tis easily displayed, and easy to invent.
What use, a Whole compactly to present?
Your hearers pick and pluck, as soon as they receive it!",Faust
28,"You do not feel, how such a trade debases;
How ill it suits the Artist, proud and true!
The botching work each fine pretender traces
Is, I perceive, a principle with you.",Faust
29,"Then give me back that time of pleasures,
While yet in joyous growth I sang,--
When, like a fount, the crowding measures
Uninterrupted gushed and sprang!
Then bright mist veiled the world before me,
In opening buds a marvel woke,
As I the thousand blossoms broke,
Which every valley richly bore me!
I nothing had, and yet enough for youth--
Joy in Illusion, ardent thirst for Truth.
Give, unrestrained, the old emotion,
The bliss that touched the verge of pain,
The strength of Hate, Love's deep devotion,--
O, give me back my youth again!",Faust
30,"Youth, good my friend, you certainly require
When foes in combat sorely press you;
When lovely maids, in fond desire,
Hang on your bosom and caress you;
When from the hard-won goal the wreath
Beckons afar, the race awaiting;
When, after dancing out your breath,
You pass the night in dissipating:--
But that familiar harp with soul
To play,--with grace and bold expression,
And towards a self-erected goal
To walk with many a sweet digression,--
This, aged Sirs, belongs to you,
And we no less revere you for that reason:
Age childish makes, they say, but 'tis not true;
We're only genuine children still, in Age's season!",Faust
31,"The sun-orb sings, in emulation,
'Mid brother-spheres, his ancient round:
His path predestined through Creation
He ends with step of thunder-sound.
The angels from his visage splendid
Draw power, whose measure none can say;
The lofty works, uncomprehended,
Are bright as on the earliest day.",Faust
32,"And swift, and swift beyond conceiving,
The splendor of the world goes round,
Day's Eden-brightness still relieving
The awful Night's intense profound:
The ocean-tides in foam are breaking,
Against the rocks' deep bases hurled,
And both, the spheric race partaking,
Eternal, swift, are onward whirled!",Faust
33,"And rival storms abroad are surging
From sea to land, from land to sea.
A chain of deepest action forging
Round all, in wrathful energy.
There flames a desolation, blazing
Before the Thunder's crashing way:
Yet, Lord, Thy messengers are praising
The gentle movement of Thy Day.",Faust
34,"Though still by them uncomprehended,
From these the angels draw their power,
And all Thy works, sublime and splendid,
Are bright as in Creation's hour.",Faust
35,"Since Thou, O Lord, deign'st to approach again
And ask us how we do, in manner kindest,
And heretofore to meet myself wert fain,
Among Thy menials, now, my face Thou findest.
Pardon, this troop I cannot follow after
With lofty speech, though by them scorned and spurned:
My pathos certainly would move Thy laughter,
If Thou hadst not all merriment unlearned.
Of suns and worlds I've nothing to be quoted;
How men torment themselves, is all I've noted.
The little god o' the world sticks to the same old way,
And is as whimsical as on Creation's day.
Life somewhat better might content him,
But for the gleam of heavenly light which Thou hast lent him:
He calls it Reason--thence his power's increased,
To be far beastlier than any beast.
Saving Thy Gracious Presence, he to me
A long-legged grasshopper appears to be,
That springing flies, and flying springs,
And in the grass the same old ditty sings.
Would he still lay among the grass he grows in!
Each bit of dung he seeks, to stick his nose in.",Faust
36,"Hast thou, then, nothing more to mention?
Com'st ever, thus, with ill intention?
Find'st nothing right on earth, eternally?",Faust
37,"No, Lord! I find things, there, still bad as they can be.
Man's misery even to pity moves my nature;
I've scarce the heart to plague the wretched creature.",Faust
38,"Forsooth! He serves you after strange devices:
No earthly meat or drink the fool suffices:
His spirit's ferment far aspireth;
Half conscious of his frenzied, crazed unrest,
The fairest stars from Heaven he requireth,
From Earth the highest raptures and the best,
And all the Near and Far that he desireth
Fails to subdue the tumult of his breast.",Faust
39,"Though still confused his service unto Me,
I soon shall lead him to a clearer morning.
Sees not the gardener, even while buds his tree,
Both flower and fruit the future years adorning?",Faust
40,"What will you bet? There's still a chance to gain him,
If unto me full leave you give,
Gently upon _my_ road to train him!",Faust
41,"As long as he on earth shall live,
So long I make no prohibition.
While Man's desires and aspirations stir,
He cannot choose but err.",Faust
42,"My thanks! I find the dead no acquisition,
And never cared to have them in my keeping.
I much prefer the cheeks where ruddy blood is leaping,
And when a corpse approaches, close my house:
It goes with me, as with the cat the mouse.",Faust
43,"Enough! What thou hast asked is granted.
Turn off this spirit from his fountain-head;
To trap him, let thy snares be planted,
And him, with thee, be downward led;
Then stand abashed, when thou art forced to say:
A good man, through obscurest aspiration,
Has still an instinct of the one true way.",Faust
44,"Agreed! But 'tis a short probation.
About my bet I feel no trepidation.
If I fulfill my expectation,
You'll let me triumph with a swelling breast:
Dust shall he eat, and with a zest,
As did a certain snake, my near relation.",Faust
45,"Therein thou'rt free, according to thy merits;
The like of thee have never moved My hate.
Of all the bold, denying Spirits,
The waggish knave least trouble doth create.
Man's active nature, flagging, seeks too soon the level;
Unqualified repose he learns to crave;
Whence, willingly, the comrade him I gave,
Who works, excites, and must create, as Devil.
But ye, God's sons in love and duty,
Enjoy the rich, the ever-living Beauty!
Creative Power, that works eternal schemes,
Clasp you in bonds of love, relaxing never,
And what in wavering apparition gleams
Fix in its place with thoughts that stand forever!",Faust
46,"I like, at times, to hear The Ancient's word,
And have a care to be most civil:
It's really kind of such a noble Lord
So humanly to gossip with the Devil!
[Illustration]
[Illustration]",Faust
47,"I've studied now Philosophy
And Jurisprudence, Medicine,--
And even, alas! Theology,--
From end to end, with labor keen;
And here, poor fool! with all my lore
I stand, no wiser than before:
I'm Magister--yea, Doctor--hight,
And straight or cross-wise, wrong or right,
These ten years long, with many woes,
I've led my scholars by the nose,--
And see, that nothing can be known!
_That_ knowledge cuts me to the bone.
I'm cleverer, true, than those fops of teachers,
Doctors and Magisters, Scribes and Preachers;
Neither scruples nor doubts come now to smite me,
Nor Hell nor Devil can longer affright me.",Faust
48,"For this, all pleasure am I foregoing;
I do not pretend to aught worth knowing,
I do not pretend I could be a teacher
To help or convert a fellow-creature.
Then, too, I've neither lands nor gold,
Nor the world's least pomp or honor hold--
No dog would endure such a curst existence!
Wherefore, from Magic I seek assistance,
That many a secret perchance I reach
Through spirit-power and spirit-speech,
And thus the bitter task forego
Of saying the things I do not know,--
That I may detect the inmost force
Which binds the world, and guides its course;
Its germs, productive powers explore,
And rummage in empty words no more!",Faust
49,"O full and splendid Moon, whom I
Have, from this desk, seen climb the sky
So many a midnight,--would thy glow
For the last time beheld my woe!
Ever thine eye, most mournful friend,
O'er books and papers saw me bend;
But would that I, on mountains grand,
Amid thy blessed light could stand,
With spirits through mountain-caverns hover,
Float in thy twilight the meadows over,
And, freed from the fumes of lore that swathe me,
To health in thy dewy fountains bathe me!",Faust
50,"Ah, me! this dungeon still I see.
This drear, accursed masonry,
Where even the welcome daylight strains
But duskly through the painted panes.
Hemmed in by many a toppling heap
Of books worm-eaten, gray with dust,
Which to the vaulted ceiling creep,
Against the smoky paper thrust,--
With glasses, boxes, round me stacked,
And instruments together hurled,
Ancestral lumber, stuffed and packed--
Such is my world: and what a world!",Faust
51,"And do I ask, wherefore my heart
Falters, oppressed with unknown needs?
Why some inexplicable smart
All movement of my life impedes?
Alas! in living Nature's stead,
Where God His human creature set,
In smoke and mould the fleshless dead
And bones of beasts surround me yet!",Faust
52,"Fly! Up, and seek the broad, free land!
And this one Book of Mystery
From Nostradamus' very hand,
Is't not sufficient company?
When I the starry courses know,
And Nature's wise instruction seek,
With light of power my soul shall glow,
As when to spirits spirits speak.
Tis vain, this empty brooding here,
Though guessed the holy symbols be:
Ye, Spirits, come--ye hover near--
Oh, if you hear me, answer me!",Faust
53,"Ha! what a sudden rapture leaps from this
I view, through all my senses swiftly flowing!
I feel a youthful, holy, vital bliss
In every vein and fibre newly glowing.
Was it a God, who traced this sign,
With calm across my tumult stealing,
My troubled heart to joy unsealing,
With impulse, mystic and divine,
The powers of Nature here, around my path, revealing?
Am I a God?--so clear mine eyes!
In these pure features I behold
Creative Nature to my soul unfold.
What says the sage, now first I recognize:
""The spirit-world no closures fasten;
Thy sense is shut, thy heart is dead:
Disciple, up! untiring, hasten
To bathe thy breast in morning-red!""",Faust
54,"How each the Whole its substance gives,
Each in the other works and lives!
Like heavenly forces rising and descending,
Their golden urns reciprocally lending,
With wings that winnow blessing
From Heaven through Earth I see them pressing,
Filling the All with harmony unceasing!
How grand a show! but, ah! a show alone.
Thee, boundless Nature, how make thee my own?
Where you, ye beasts? Founts of all Being, shining,
Whereon hang Heaven's and Earth's desire,
Whereto our withered hearts aspire,--
Ye flow, ye feed: and am I vainly pining?",Faust
55,"How otherwise upon me works this sign!
Thou, Spirit of the Earth, art nearer:
Even now my powers are loftier, clearer;
I glow, as drunk with new-made wine:
New strength and heart to meet the world incite me,
The woe of earth, the bliss of earth, invite me,
And though the shock of storms may smite me,
No crash of shipwreck shall have power to fright me!
Clouds gather over me--
The moon conceals her light--
The lamp's extinguished!--
Mists rise,--red, angry rays are darting
Around my head!--There falls
A horror from the vaulted roof,
And seizes me!
I feel thy presence, Spirit I invoke!
Reveal thyself!
Ha! in my heart what rending stroke!
With new impulsion
My senses heave in this convulsion!
I feel thee draw my heart, absorb, exhaust me:
Thou must! thou must! and though my life it cost me!",Faust
56,"(_He seizes the book, and mysteriously pronounces the sign of
the Spirit. A ruddy flame flashes: the Spirit appears in
the flame_.)",Faust
57,"To view me is thine aspiration,
My voice to hear, my countenance to see;
Thy powerful yearning moveth me,
Here am I!--what mean perturbation
Thee, superhuman, shakes? Thy soul's high calling, where?
Where is the breast, which from itself a world did bear,
And shaped and cherished--which with joy expanded,
To be our peer, with us, the Spirits, banded?
Where art thou, Faust, whose voice has pierced to me,
Who towards me pressed with all thine energy?
_He_ art thou, who, my presence breathing, seeing,
Trembles through all the depths of being,
A writhing worm, a terror-stricken form?",Faust
58,"  In the tides of Life, in Action's storm,
  A fluctuant wave,
  A shuttle free,
  Birth and the Grave,
  An eternal sea,
  A weaving, flowing
  Life, all-glowing,
Thus at Time's humming loom 'tis my hand prepares
The garment of Life which the Deity wears!",Faust
59,"O Death!--I know it--'tis my Famulus!
My fairest luck finds no fruition:
In all the fullness of my vision
The soulless sneak disturbs me thus!",Faust
60,"Pardon, I heard your declamation;
'Twas sure an old Greek tragedy you read?
In such an art I crave some preparation,
Since now it stands one in good stead.
I've often heard it said, a preacher
Might learn, with a comedian for a teacher.",Faust
61,"Ah, when one studies thus, a prisoned creature,
That scarce the world on holidays can see,--
Scarce through a glass, by rare occasion,
How shall one lead it by persuasion?",Faust
62,"You'll ne'er attain it, save you know the feeling,
Save from the soul it rises clear,
Serene in primal strength, compelling
The hearts and minds of all who hear.
You sit forever gluing, patching;
You cook the scraps from others' fare;
And from your heap of ashes hatching
A starveling flame, ye blow it bare!
Take children's, monkeys' gaze admiring,
If such your taste, and be content;
But ne'er from heart to heart you'll speak inspiring,
Save your own heart is eloquent!",Faust
63,"Seek thou the honest recompense!
Beware, a tinkling fool to be!
With little art, clear wit and sense
Suggest their own delivery;
And if thou'rt moved to speak in earnest,
What need, that after words thou yearnest?
Yes, your discourses, with their glittering show,
Where ye for men twist shredded thought like paper,
Are unrefreshing as the winds that blow
The rustling leaves through chill autumnal vapor!",Faust
64,"Ah, God! but Art is long,
And Life, alas! is fleeting.
And oft, with zeal my critic-duties meeting,
In head and breast there's something wrong.",Faust
65,"How hard it is to compass the assistance
Whereby one rises to the source!
And, haply, ere one travels half the course
Must the poor devil quit existence.",Faust
66,"Is parchment, then, the holy fount before thee,
A draught wherefrom thy thirst forever slakes?
No true refreshment can restore thee,
Save what from thine own soul spontaneous breaks.",Faust
67,"Pardon! a great delight is granted
When, in the spirit of the ages planted,
We mark how, ere our times, a sage has thought,
And then, how far his work, and grandly, we have brought.",Faust
68,"O yes, up to the stars at last!
Listen, my friend: the ages that are past
Are now a book with seven seals protected:
What you the Spirit of the Ages call
Is nothing but the spirit of you all,
Wherein the Ages are reflected.
So, oftentimes, you miserably mar it!
At the first glance who sees it runs away.
An offal-barrel and a lumber-garret,
Or, at the best, a Punch-and-Judy play,
With maxims most pragmatical and hitting,
As in the mouths of puppets are befitting!",Faust
69,"Yes, of the kind which men attain!
Who dares the child's true name in public mention?
The few, who thereof something really learned,
Unwisely frank, with hearts that spurned concealing,
And to the mob laid bare each thought and feeling,
Have evermore been crucified and burned.
I pray you, Friend, 'tis now the dead of night;
Our converse here must be suspended.",Faust
70,"I would have shared your watches with delight,
That so our learned talk might be extended.
To-morrow, though, I'll ask, in Easter leisure,
This and the other question, at your pleasure.
Most zealously I seek for erudition:
Much do I know--but to know all is my ambition.",Faust
71,"That brain, alone, not loses hope, whose choice is
To stick in shallow trash forevermore,--
Which digs with eager hand for buried ore,
And, when it finds an angle-worm, rejoices!",Faust
72,"Dare such a human voice disturb the flow,
Around me here, of spirit-presence fullest?
And yet, this once my thanks I owe
To thee, of all earth's sons the poorest, dullest!
For thou hast torn me from that desperate state
Which threatened soon to overwhelm my senses:
The apparition was so giant-great,
It dwarfed and withered all my soul's pretences!",Faust
73,"I, image of the Godhead, who began--
Deeming Eternal Truth secure in nearness--
To sun myself in heavenly light and clearness,
And laid aside the earthly man;—
I, more than Cherub, whose free force had planned
To flow through Nature’s veins in glad pulsation,
To reach beyond, enjoying in creation
The life of Gods, behold my expiation!
A thunder-word hath swept me from my stand.27",Faust
74,"With thee I dare not venture to compare me.
Though I possessed the power to draw thee near me,
The power to keep thee was denied my hand.
When that ecstatic moment held me,
I felt myself so small, so great;
But thou hast ruthlessly repelled me
Back upon Man’s uncertain fate.
What shall I shun? Whose guidance borrow?
Shall I accept that stress and strife?
Ah! every deed of ours, no less than every sorrow,
Impedes the onward march of life.",Faust
75,"Some alien substance more and more is cleaving
To all the mind conceives of grand and fair;
When this world’s Good is won by our achieving,
The Better, then, is named a cheat and snare.
The fine emotions, whence our lives we mould,
Lie in the earthly tumult dumb and cold.
If hopeful Fancy once, in daring flight,
Her longings to the Infinite expanded,
Yet now a narrow space contents her quite,
Since Time’s wild wave so many a fortune stranded.
Care at the bottom of the heart is lurking:
Her secret pangs in silence working,
She, restless, rocks herself, disturbing joy and rest:
In newer masks her face is ever drest,
By turns as house and land, as wife and child, presented,—
As water, fire, as poison, steel:
We dread the blows we never feel,
And what we never lose is yet by us lamented!",Faust
76,"I am not like the Gods! That truth is felt too deep:
The worm am I, that in the dust doth creep,—
That, while in dust it lives and seeks its bread,
Is crushed and buried by the wanderer’s tread.",Faust
77,"Yet, wherefore tums my gaze to yonder point so lightly?
Is yonder flask a magnet for mine eyes?
Whence, all around me, glows the air so brightly,
As when in woods at night the mellow moonbeam lies?",Faust
78,"I hail thee, wondrous, rarest vial!
I take thee down devoutly, for the trial:
Man’s art and wit I venerate in thee.
Thou summary of gentle slumber-juices,
Essence of deadly finest powers and uses,
Unto thy master show thy favor free!
I see thee, and the stings of pain diminish;
I grasp thee, and my struggles slowly finish:
My spirit’s flood-tide ebbeth more and more.
Out on the open ocean speeds my dreaming;
The glassy flood before my feet is gleaming,
A new day beckons to a newer shore!",Faust
79,"
CHORUS OF ANGELS.32
Christ is arisen!
Joy to the Mortal One,
Whom the unmerited,
Clinging, inherited
Needs did imprison.",Faust
80,"
FAUST.
What hollow humming, what a sharp, clear stroke,
Drives from my lip the goblet’s, at their meeting?
Announce the booming bells already woke
The first glad hour of Easter’s festal greeting?
Ye choirs, have ye begun the sweet, consoling chant,
Which, through the night of Death, the angels ministrant
Sang, God's new Covenant repeating?",Faust
81,"          With spices and precious
          Balm, we arrayed him;
          Faithful and gracious,
          We tenderly laid him:
          Linen to bind him
          Cleanlily wound we:
          Ah! when we would find him,
          Christ no more found we!",Faust
82,"          Christ is ascended!
          Bliss hath invested him,--
          Woes that molested him,
          Trials that tested him,
          Gloriously ended!",Faust
83,"        Has He, victoriously,
        Burst from the vaulted
        Grave, and all-gloriously
        Now sits exalted?
        Is He, in glow of birth,
        Rapture creative near?
        Ah! to the woe of earth
        Still are we native here.
        We, his aspiring
        Followers, Him we miss;
        Weeping, desiring,
        Master, Thy bliss!",Faust
84,"        Christ is arisen,
        Out of Corruption's womb:
        Burst ye the prison,
        Break from your gloom!
        Praising and pleading him,
        Lovingly needing him,
        Brotherly feeding him,
        Preaching and speeding him,
        Blessing, succeeding Him,
        Thus is the Master near,--
        Thus is He here!
[Illustration]",Faust
85,"Come up to Burgdorf? There you'll find good cheer,
The finest lasses and the best of beer,
And jolly rows and squabbles, trust me!",Faust
86,"You swaggering fellow, is your hide
A third time itching to be tried?
I won't go there, your jolly rows disgust me!",Faust
87,"That's no great luck for me, 'tis plain.
You'll have him, when and where you wander:
His partner in the dance you'll be,--
But what is all your fun to me?",Faust
88,"Deuce! how they step, the buxom wenches!
Come, Brother! we must see them to the benches.
A strong, old beer, a pipe that stings and bites,
A girl in Sunday clothes,--these three are my delights.",Faust
89,"Just see those handsome fellows, there!
It's really shameful, I declare;--
To follow servant-girls, when they
Might have the most genteel society to-day!",Faust
90,"Not quite so fast! Two others come behind,--
Those, dressed so prettily and neatly.
My neighbor's one of them, I find,
A girl that takes my heart, completely.
They go their way with looks demure,
But they'll accept us, after all, I'm sure.",Faust
91,"No, Brother! not for me their formal ways.
Quick! lest our game escape us in the press:
The hand that wields the broom on Saturdays
Will best, on Sundays, fondle and caress.",Faust
92,"He suits me not at all, our new-made Burgomaster!
Since he's installed, his arrogance grows faster.
How has he helped the town, I say?
Things worsen,--what improvement names he?
Obedience, more than ever, claims he,
And more than ever we must pay!",Faust
93,"  Good gentlemen and lovely ladies,
  So red of cheek and fine of dress,
  Behold, how needful here your aid is,
  And see and lighten my distress!
  Let me not vainly sing my ditty;
  He's only glad who gives away:
  A holiday, that shows your pity,
  Shall be for me a harvest-day!",Faust
94,"On Sundays, holidays, there's naught I take delight in,
Like gossiping of war, and war's array,
When down in Turkey, far away,
The foreign people are a-fighting.
One at the window sits, with glass and friends,
And sees all sorts of ships go down the river gliding:
And blesses then, as home he wends
At night, our times of peace abiding.",Faust
95,"Yes, Neighbor! that's my notion, too:
Why, let them break their heads, let loose their passions,
And mix things madly through and through,
So, here, we keep our good old fashions!",Faust
96,"Dear me, how fine! So handsome, and so young!
Who wouldn't lose his heart, that met you?
Don't be so proud! I'll hold my tongue,
And what you'd like I'll undertake to get you.",Faust
97,"Come, Agatha! I shun the witch's sight
Before folks, lest there be misgiving:
'Tis true, she showed me, on Saint Andrew's Night,
My future sweetheart, just as he were living.",Faust
98,"She showed me mine, in crystal clear,
With several wild young blades, a soldier-lover:
I seek him everywhere, I pry and peer,
And yet, somehow, his face I can't discover.",Faust
99,"        Castles, with lofty
        Ramparts and towers,
        Maidens disdainful
        In Beauty's array,
        Both shall be ours!
        Bold is the venture,
        Splendid the pay!
        Lads, let the trumpets
        For us be suing,--
        Calling to pleasure,
        Calling to ruin.
        Stormy our life is;
        Such is its boon!
        Maidens and castles
        Capitulate soon.
        Bold is the venture,
        Splendid the pay!
        And the soldiers go marching,
        Marching away!",Faust
100,"To stroll with you, Sir Doctor, flatters;
'Tis honor, profit, unto me.
But I, alone, would shun these shallow matters,
Since all that's coarse provokes my enmity.
This fiddling, shouting, ten-pin rolling
I hate,--these noises of the throng:
They rave, as Satan were their sports controlling.
And call it mirth, and call it song!",Faust
101,"          All for the dance the shepherd dressed,
          In ribbons, wreath, and gayest vest
            Himself with care arraying:
          Around the linden lass and lad
          Already footed it like mad:
            Hurrah! hurrah!
            Hurrah--tarara-la!
          The fiddle-bow was playing.",Faust
102,"          He broke the ranks, no whit afraid,
          And with his elbow punched a maid,
            Who stood, the dance surveying:
          The buxom wench, she turned and said:
          ""Now, you I call a stupid-head!""
            Hurrah! hurrah!
            Hurrah--tarara-la!
          ""Be decent while you're staying!""",Faust
103,"          Then round the circle went their flight,
          They danced to left, they danced to right:
          Their kirtles all were playing.
          They first grew red, and then grew warm,
          And rested, panting, arm in arm,--
            Hurrah! hurrah!
            Hurrah--tarara-la!
          And hips and elbows straying.",Faust
104,"          Now, don't be so familiar here!
          How many a one has fooled his dear,
          Waylaying and betraying!",Faust
105,"          And yet, he coaxed her soon aside,
          And round the linden sounded wide.
            Hurrah! hurrah!
            Hurrah--tarara-la!
          And the fiddle-bow was playing.",Faust
106,"Sir Doctor, it is good of you,
That thus you condescend, to-day,
Among this crowd of merry folk,
A highly-learned man, to stray.
Then also take the finest can,
We fill with fresh wine, for your sake:
I offer it, and humbly wish
That not alone your thirst is slake,--
That, as the drops below its brink,
So many days of life you drink!",Faust
107,"In truth, 'tis well and fitly timed,
That now our day of joy you share,
Who heretofore, in evil days,
Gave us so much of helping care.
Still many a man stands living here,
Saved by your father's skillful hand,
That snatched him from the fever's rage
And stayed the plague in all the land.
Then also you, though but a youth,
Went into every house of pain:
Many the corpses carried forth,
But you in health came out again.",Faust
108,"With what a feeling, thou great man, must thou
Receive the people's honest veneration!
How lucky he, whose gifts his station
With such advantages endow!
Thou'rt shown to all the younger generation:
Each asks, and presses near to gaze;
The fiddle stops, the dance delays.
Thou goest, they stand in rows to see,
And all the caps are lifted high;
A little more, and they would bend the knee
As if the Holy Host came by.",Faust
109,"Why, therefore, yield to such depression?
A good man does his honest share
In exercising, with the strictest care,
The art bequeathed to his possession!
Dost thou thy father honor, as a youth?
Then may his teaching cheerfully impel thee:
Dost thou, as man, increase the stores of truth?
Then may thine own son afterwards excel thee.",Faust
110,"I've had, myself, at times, some odd caprices,
But never yet such impulse felt, as this is.
One soon fatigues, on woods and fields to look,
Nor would I beg the bird his wing to spare us:
How otherwise the mental raptures bear us
From page to page, from book to book!
Then winter nights take loveliness untold,
As warmer life in every limb had crowned you;
And when your hands unroll some parchment rare and old,
All Heaven descends, and opens bright around you!",Faust
111,"One impulse art thou conscious of, at best;
O, never seek to know the other!
Two souls, alas! reside within my breast,
And each withdraws from, and repels, its brother.
One with tenacious organs holds in love
And clinging lust the world in its embraces;
The other strongly sweeps, this dust above,
Into the high ancestral spaces.
If there be airy spirits near,
'Twixt Heaven and Earth on potent errands fleeing,
Let them drop down the golden atmosphere,
And bear me forth to new and varied being!
Yea, if a magic mantle once were mine,
To waft me o'er the world at pleasure,
I would not for the costliest stores of treasure--
Not for a monarch's robe--the gift resign.",Faust
112,"Invoke not thus the well-known throng,
Which through the firmament diffused is faring,
And danger thousand-fold, our race to wrong.
In every quarter is preparing.
Swift from the North the spirit-fangs so sharp
Sweep down, and with their barbéd points assail you;
Then from the East they come, to dry and warp
Your lungs, till breath and being fail you:
If from the Desert sendeth them the South,
With fire on fire your throbbing forehead crowning,
The West leads on a host, to cure the drouth
Only when meadow, field, and you are drowning.
They gladly hearken, prompt for injury,--
Gladly obey, because they gladly cheat us;
From Heaven they represent themselves to be,
And lisp like angels, when with lies they meet us.
But, let us go! 'Tis gray and dusky all:
The air is cold, the vapors fall.
At night, one learns his house to prize:--
Why stand you thus, with such astonished eyes?
What, in the twilight, can your mind so trouble?",Faust
113,"Seest thou the spiral circles, narrowing faster,
Which he, approaching, round us seems to wind?
A streaming trail of fire, if I see rightly,
Follows his path of mystery.",Faust
114,"I see him timidly, in doubt, around us running,
Since, in his master's stead, two strangers doth he find.",Faust
115,"A dog thou seest, and not a phantom, here!
Behold him stop--upon his belly crawl--His
tail set wagging: canine habits, all!",Faust
116,"'Tis the absurdest, drollest beast.
Stand still, and you will see him wait;
Address him, and he gambols straight;
If something's lost, he'll quickly bring it,--
Your cane, if in the stream you fling it.",Faust
117,"The dog, when he's well educated,
Is by the wisest tolerated.
Yes, he deserves your favor thoroughly,--
The clever scholar of the students, he!",Faust
118,"     Behind me, field and meadow sleeping,
     I leave in deep, prophetic night,
     Within whose dread and holy keeping
     The better soul awakes to light.
     The wild desires no longer win us,
     The deeds of passion cease to chain;
     The love of Man revives within us,
     The love of God revives again.",Faust
119,"Be still, thou poodle; make not such racket and riot!
Why at the threshold wilt snuffing be?
Behind the stove repose thee in quiet!
My softest cushion I give to thee.
As thou, up yonder, with running and leaping
Amused us hast, on the mountain's crest,",Faust
120,"     Ah, when, within our narrow chamber
     The lamp with friendly lustre glows,
     Flames in the breast each faded ember,
     And in the heart, itself that knows.
     Then Hope again lends sweet assistance,
     And Reason then resumes her speech:
     One yearns, the rivers of existence,
     The very founts of Life, to reach.",Faust
121,"Snarl not, poodle! To the sound that rises,
The sacred tones that my soul embrace,
This bestial noise is out of place.
We are used to see, that Man despises
What he never comprehends,
And the Good and the Beautiful vilipends,
Finding them often hard to measure:
Will the dog, like man, snarl _his_ displeasure?",Faust
122,"But ah! I feel, though will thereto be stronger,
Contentment flows from out my breast no longer.
Why must the stream so soon run dry and fail us,
And burning thirst again assail us?
Therein I've borne so much probation!
And yet, this want may be supplied us;
We call the Supernatural to guide us;
We pine and thirst for Revelation,
Which nowhere worthier is, more nobly sent,
Than here, in our New Testament.
I feel impelled, its meaning to determine,--
With honest purpose, once for all,
The hallowed Original
To change to my beloved German.",Faust
123,"(_He opens a volume, and commences_.)
'Tis written: ""In the Beginning was the _Word_.""
Here am I balked: who, now can help afford?
The _Word?_--impossible so high to rate it;
And otherwise must I translate it.
If by the Spirit I am truly taught.
Then thus: ""In the Beginning was the _Thought_""
This first line let me weigh completely,
Lest my impatient pen proceed too fleetly.
Is it the _Thought_ which works, creates, indeed?
""In the Beginning was the _Power,""_ I read.
Yet, as I write, a warning is suggested,
That I the sense may not have fairly tested.
The Spirit aids me: now I see the light!
""In the Beginning was the _Act_,"" I write.",Faust
124,"If I must share my chamber with thee,
Poodle, stop that howling, prithee!
Cease to bark and bellow!
Such a noisy, disturbing fellow
I'll no longer suffer near me.
One of us, dost hear me!
Must leave, I fear me.
No longer guest-right I bestow;
The door is open, art free to go.
But what do I see in the creature?
Is that in the course of nature?
Is't actual fact? or Fancy's shows?
How long and broad my poodle grows!
He rises mightily:
A canine form that cannot be!
What a spectre I've harbored thus!
He resembles a hippopotamus,
With fiery eyes, teeth terrible to see:
O, now am I sure of thee!
For all of thy half-hellish brood
The Key of Solomon is good.",Faust
125,"     Some one, within, is caught!
     Stay without, follow him not!
     Like the fox in a snare,
     Quakes the old hell-lynx there.
     Take heed--look about!
     Back and forth hover,
     Under and over,
     And he'll work himself out.
     If your aid avail him,
     Let it not fail him;
     For he, without measure,
     Has wrought for our pleasure.",Faust
126,"First, to encounter the beast,
The Words of the Four be addressed:
    Salamander, shine glorious!
    Wave, Undine, as bidden!
    Sylph, be thou hidden!
    Gnome, be laborious!",Faust
127,"Who knows not their sense
(These elements),--
Their properties
And power not sees,--
No mastery he inherits
Over the Spirits.",Faust
128,"     Vanish in flaming ether,
     Salamander!
     Flow foamingly together,
     Undine!
     Shine in meteor-sheen,
     Sylph!
     Bring help to hearth and shelf.
     Incubus! Incubus!
     Step forward, and finish thus!",Faust
129,"Of the Four, no feature
Lurks in the creature.
Quiet he lies, and grins disdain:
Not yet, it seems, have I given him pain.
Now, to undisguise thee,
Hear me exorcise thee!
Art thou, my gay one,
Hell's fugitive stray-one?
The sign witness now,
Before which they bow,
The cohorts of Hell!",Faust
130,"     Base Being, hearest thou?
     Knowest and fearest thou
     The One, unoriginate,
     Named inexpressibly,
     Through all Heaven impermeate,
     Pierced irredressibly!",Faust
131,"Behind the stove still banned,
See it, an elephant, expand!
It fills the space entire,
Mist-like melting, ever faster.
'Tis enough: ascend no higher,--
Lay thyself at the feet of the Master!
Thou seest, not vain the threats I bring thee:
With holy fire I'll scorch and sting thee!
Wait not to know
The threefold dazzling glow!
Wait not to know
The strongest art within my hands!",Faust
132,"(_while the vapor is dissipating, steps forth from behind the
stove, in the costume of a Travelling Scholar_.)
Why such a noise? What are my lord's commands?",Faust
133,"A question small, it seems,
For one whose mind the Word so much despises;
Who, scorning all external gleams,
The depths of being only prizes.",Faust
134,"With all you gentlemen, the name's a test,
Whereby the nature usually is expressed.
Clearly the latter it implies
In names like Beelzebub, Destroyer, Father of Lies.
Who art thou, then?",Faust
135,"I am the Spirit that Denies!
And justly so: for all things, from the Void
Called forth, deserve to be destroyed:
'Twere better, then, were naught created.
Thus, all which you as Sin have rated,--
Destruction,--aught with Evil blent,--
That is my proper element.",Faust
136,"The modest truth I speak to thee.
If Man, that microcosmic fool, can see
Himself a whole so frequently,
Part of the Part am I, once All, in primal Night,--
Part of the Darkness which brought forth the Light,
The haughty Light, which now disputes the space,
And claims of Mother Night her ancient place.
And yet, the struggle fails; since Light, howe'er it weaves,
Still, fettered, unto bodies cleaves:
It flows from bodies, bodies beautifies;
By bodies is its course impeded;
And so, but little time is needed,
I hope, ere, as the bodies die, it dies!",Faust
137,"I see the plan thou art pursuing:
Thou canst not compass general ruin,
And hast on smaller scale begun.",Faust
138,"And truly 'tis not much, when all is done.
That which to Naught is in resistance set,--
The Something of this clumsy world,--has yet,
With all that I have undertaken,
Not been by me disturbed or shaken:
From earthquake, tempest, wave, volcano's brand,
Back into quiet settle sea and land!
And that damned stuff, the bestial, human brood,--
What use, in having that to play with?
How many have I made away with!
And ever circulates a newer, fresher blood.
It makes me furious, such things beholding:
From Water, Earth, and Air unfolding,
A thousand germs break forth and grow,
In dry, and wet, and warm, and chilly;
And had I not the Flame reserved, why, really,
There's nothing special of my own to show!",Faust
139,"So, to the actively eternal
Creative force, in cold disdain
You now oppose the fist infernal,
Whose wicked clench is all in vain!
Some other labor seek thou rather,
Queer Son of Chaos, to begin!",Faust
140,"Well, we'll consider: thou canst gather
My views, when next I venture in.
Might I, perhaps, depart at present?",Faust
141,"Why thou shouldst ask, I don't perceive.
Though our acquaintance is so recent,
For further visits thou hast leave.
The window's here, the door is yonder;
A chimney, also, you behold.",Faust
142,"I must confess that forth I may not wander,
My steps by one slight obstacle controlled,--
The wizard's-foot, that on your threshold made is.",Faust
143,"The pentagram prohibits thee?
Why, tell me now, thou Son of Hades,
If that prevents, how cam'st thou in to me?
Could such a spirit be so cheated?",Faust
144,"Inspect the thing: the drawing's not completed.
The outer angle, you may see,
Is open left--the lines don't fit it.",Faust
145,"Well,--Chance, this time, has fairly hit it!
And thus, thou'rt prisoner to me?
It seems the business has succeeded.",Faust
146,"The poodle naught remarked, as after thee he speeded;
But other aspects now obtain:
The Devil can't get out again.",Faust
147,"For Devils and for spectres this is law:
Where they have entered in, there also they withdraw.
The first is free to us; we're governed by the second.",Faust
148,"In Hell itself, then, laws are reckoned?
That's well! So might a compact be
Made with you gentlemen--and binding,--surely?",Faust
149,"All that is promised shall delight thee purely;
No skinflint bargain shalt thou see.
But this is not of swift conclusion;
We'll talk about the matter soon.
And now, I do entreat this boon--
Leave to withdraw from my intrusion.",Faust
150,"I have not snares around thee cast;
Thyself hast led thyself into the meshes.
Who traps the Devil, hold him fast!
Not soon a second time he'll catch a prey so precious.",Faust
151,"An't please thee, also I'm content to stay,
And serve thee in a social station;
But stipulating, that I may
With arts of mine afford thee recreation.",Faust
152,"My friend, thou'lt win, past all pretences,
More in this hour to soothe thy senses,
Than in the year's monotony.
That which the dainty spirits sing thee,
The lovely pictures they shall bring thee,
Are more than magic's empty show.
Thy scent will be to bliss invited;
Thy palate then with taste delighted,
Thy nerves of touch ecstatic glow!
All unprepared, the charm I spin:
We're here together, so begin!",Faust
153,"He sleeps! Enough, ye fays! your airy number
Have sung him truly into slumber:
For this performance I your debtor prove.--
Not yet art thou the man, to catch the Fiend and hold him!--
With fairest images of dreams infold him,
Plunge him in seas of sweet untruth!
Yet, for the threshold's magic which controlled him,
The Devil needs a rat's quick tooth.
I use no lengthened invocation:
Here rustles one that soon will work my liberation.",Faust
154,"The lord of rats and eke of mice,
Of flies and bed-bugs, frogs and lice,
Summons thee hither to the door-sill,
To gnaw it where, with just a morsel
Of oil, he paints the spot for thee:--
There com'st thou, hopping on to me!
To work, at once! The point which made me craven
Is forward, on the ledge, engraven.
Another bite makes free the door:
So, dream thy dreams, O Faust, until we meet once more!",Faust
155,"Am I again so foully cheated?
Remains there naught of lofty spirit-sway,
But that a dream the Devil counterfeited,
And that a poodle ran away?",Faust
156,"                   Thus thou pleasest me.
I hope we'll suit each other well;
For now, thy vapors to dispel,
I come, a squire of high degree,
In scarlet coat, with golden trimming,
A cloak in silken lustre swimming,
A tall cock's-feather in my hat,
A long, sharp sword for show or quarrel,--
And I advise thee, brief and flat,
To don the self-same gay apparel,
That, from this den released, and free,
Life be at last revealed to thee!",Faust
157,"O fortunate, for whom, when victory glances,
The bloody laurels on the brow he bindeth!
Whom, after rapid, maddening dances,
In clasping maiden-arms he findeth!
O would that I, before that spirit-power,
Ravished and rapt from life, had sunken!",Faust
158,"Though some familiar tone, retrieving
My thoughts from torment, led me on,
And sweet, clear echoes came, deceiving
A faith bequeathed from Childhood's dawn,
Yet now I curse whate'er entices
And snares the soul with visions vain;
With dazzling cheats and dear devices
Confines it in this cave of pain!
Cursed be, at once, the high ambition
Wherewith the mind itself deludes!
Cursed be the glare of apparition
That on the finer sense intrudes!
Cursed be the lying dream's impression
Of name, and fame, and laurelled brow!
Cursed, all that flatters as possession,
As wife and child, as knave and plow!
Cursed Mammon be, when he with treasures
To restless action spurs our fate!
Cursed when, for soft, indulgent leisures,
He lays for us the pillows straight!
Cursed be the vine's transcendent nectar,--
The highest favor Love lets fall!
Cursed, also, Hope!--cursed Faith, the spectre!
And cursed be Patience most of all!",Faust
159,"     Woe! woe!
     Thou hast it destroyed,
     The beautiful world,
     With powerful fist:
     In ruin 'tis hurled,
     By the blow of a demigod shattered!
     The scattered
     Fragments into the Void we carry,
     Deploring
     The beauty perished beyond restoring.
     Mightier
     For the children of men,
     Brightlier
     Build it again,
     In thine own bosom build it anew!
     Bid the new career
     Commence,
     With clearer sense,
     And the new songs of cheer
     Be sung thereto!",Faust
160,"These are the small dependants
Who give me attendance.
Hear them, to deeds and passion
Counsel in shrewd old-fashion!
Into the world of strife,
Out of this lonely life
That of senses and sap has betrayed thee,
They would persuade thee.
This nursing of the pain forego thee,
That, like a vulture, feeds upon thy breast!
The worst society thou find'st will show thee
Thou art a man among the rest.
But 'tis not meant to thrust
Thee into the mob thou hatest!
I am not one of the greatest,
Yet, wilt thou to me entrust
Thy steps through life, I'll guide thee,--
Will willingly walk beside thee,--
Will serve thee at once and forever
With best endeavor,
And, if thou art satisfied,
Will as servant, slave, with thee abide.",Faust
161,"No--no! The Devil is an egotist,
And is not apt, without a why or wherefore,
""For God's sake,"" others to assist.
Speak thy conditions plain and clear!
With such a servant danger comes, I fear.",Faust
162,"_Here_, an unwearied slave, I'll wear thy tether,
And to thine every nod obedient be:
When _There_ again we come together,
Then shalt thou do the same for me.",Faust
163,"The _There_ my scruples naught increases.
When thou hast dashed this world to pieces,
The other, then, its place may fill.
Here, on this earth, my pleasures have their sources;
Yon sun beholds my sorrows in his courses;
And when from these my life itself divorces,
Let happen all that can or will!
I'll hear no more: 'tis vain to ponder
If there we cherish love or hate,
Or, in the spheres we dream of yonder,
A High and Low our souls await.",Faust
164,"In this sense, even, canst thou venture.
Come, bind thyself by prompt indenture,
And thou mine arts with joy shalt see:
What no man ever saw, I'll give to thee.",Faust
165,"Canst thou, poor Devil, give me whatsoever?
When was a human soul, in its supreme endeavor,
E'er understood by such as thou?
Yet, hast thou food which never satiates, now,--
The restless, ruddy gold hast thou,
That runs, quicksilver-like, one's fingers through,--
A game whose winnings no man ever knew,--
A maid that, even from my breast,
Beckons my neighbor with her wanton glances,
And Honor's godlike zest,
The meteor that a moment dances,--
Show me the fruits that, ere they're gathered, rot,
And trees that daily with new leafage clothe them!",Faust
166,"Such a demand alarms me not:
Such treasures have I, and can show them.
But still the time may reach us, good my friend.
When peace we crave and more luxurious diet.",Faust
167,"When on an idler's bed I stretch myself in quiet.
There let, at once, my record end!
Canst thou with lying flattery rule me,
Until, self-pleased, myself I see,--
Canst thou with rich enjoyment fool me,
Let that day be the last for me!
The bet I offer.",Faust
168,"FAUST
                         And heartily!
When thus I hail the Moment flying:
""Ah, still delay--thou art so fair!""
Then bind me in thy bonds undying,
My final ruin then declare!
Then let the death-bell chime the token.
Then art thou from thy service free!
The clock may stop, the hand be broken,
Then Time be finished unto me!",Faust
169,"Thou hast a perfect right thereto.
My powers I have not rashly estimated:
A slave am I, whate'er I do--
If thine, or whose? 'tis needless to debate it.",Faust
170,"Then at the Doctors'-banquet I, to-day,
Will as a servant wait behind thee.
But one thing more! Beyond all risk to bind thee,
Give me a line or two, I pray.",Faust
171,"Demand'st thou, Pedant, too, a document?
Hast never known a man, nor proved his word's intent?
Is't not enough, that what I speak to-day
Shall stand, with all my future days agreeing?
In all its tides sweeps not the world away,
And shall a promise bind my being?
Yet this delusion in our hearts we bear:
Who would himself therefrom deliver?
Blest he, whose bosom Truth makes pure and fair!
No sacrifice shall he repent of ever.
Nathless a parchment, writ and stamped with care,
A spectre is, which all to shun endeavor.
The word, alas! dies even in the pen,
And wax and leather keep the lordship then.
What wilt from me, Base Spirit, say?--
Brass, marble, parchment, paper, clay?
The terms with graver, quill, or chisel, stated?
I freely leave the choice to thee.",Faust
172,"Why heat thyself, thus instantly,
With eloquence exaggerated?
Each leaf for such a pact is good;
And to subscribe thy name thou'lt take a drop of blood.",Faust
173,"Fear not that I this pact shall seek to sever?
The promise that I make to thee
Is just the sum of my endeavor.
I have myself inflated all too high;
My proper place is thy estate:
The Mighty Spirit deigns me no reply,
And Nature shuts on me her gate.
The thread of Thought at last is broken,
And knowledge brings disgust unspoken.
Let us the sensual deeps explore,
To quench the fervors of glowing passion!
Let every marvel take form and fashion
Through the impervious veil it wore!
Plunge we in Time's tumultuous dance,
In the rush and roll of Circumstance!
Then may delight and distress,
And worry and success,
Alternately follow, as best they can:
Restless activity proves the man!",Faust
174,"For you no bound, no term is set.
Whether you everywhere be trying,
Or snatch a rapid bliss in flying,
May it agree with you, what you get!
Only fall to, and show no timid balking.",Faust
175,"But thou hast heard, 'tis not of joy we're talking.
I take the wildering whirl, enjoyment's keenest pain,
Enamored hate, exhilarant disdain.
My bosom, of its thirst for knowledge sated,
Shall not, henceforth, from any pang be wrested,
And all of life for all mankind created
Shall be within mine inmost being tested:
The highest, lowest forms my soul shall borrow,
Shall heap upon itself their bliss and sorrow,
And thus, my own sole self to all their selves expanded,
I too, at last, shall with them all be stranded!",Faust
176,"Believe me, who for many a thousand year
The same tough meat have chewed and tested,
That from the cradle to the bier
No man the ancient leaven has digested!
Trust one of us, this Whole supernal
Is made but for a God's delight!
_He_ dwells in splendor single and eternal,
But _us_ he thrusts in darkness, out of sight,
And _you_ he dowers with Day and Night.",Faust
177,"A good reply!
One only fear still needs repeating:
The art is long, the time is fleeting.
Then let thyself be taught, say I!
Go, league thyself with a poet,
Give the rein to his imagination,
Then wear the crown, and show it,
Of the qualities of his creation,--
The courage of the lion's breed,
The wild stag's speed,
The Italian's fiery blood,
The North's firm fortitude!
Let him find for thee the secret tether
That binds the Noble and Mean together.
And teach thy pulses of youth and pleasure
To love by rule, and hate by measure!
I'd like, myself, such a one to see:
Sir Microcosm his name should be.",Faust
178,"What am I, then, if 'tis denied my part
The crown of all humanity to win me,
Whereto yearns every sense within me?",Faust
179,"Why, on the whole, thou'rt--what thou art.
Set wigs of million curls upon thy head, to raise thee,
Wear shoes an ell in height,--the truth betrays thee,
And thou remainest--what thou art.",Faust
180,"I feel, indeed, that I have made the treasure
Of human thought and knowledge mine, in vain;
And if I now sit down in restful leisure,
No fount of newer strength is in my brain:
I am no hair's-breadth more in height,
Nor nearer, to the Infinite,",Faust
181,"Good Sir, you see the facts precisely
As they are seen by each and all.
We must arrange them now, more wisely,
Before the joys of life shall pall.
Why, Zounds! Both hands and feet are, truly--
And head and virile forces--thine:
Yet all that I indulge in newly,
Is't thence less wholly mine?
If I've six stallions in my stall,
Are not their forces also lent me?
I speed along, completest man of all,
As though my legs were four-and-twenty.
Take hold, then! let reflection rest,
And plunge into the world with zest!
I say to thee, a speculative wight
Is like a beast on moorlands lean,
That round and round some fiend misleads to evil plight,
While all about lie pastures fresh and green.",Faust
182,"We'll try a wider sphere.
What place of martyrdom is here!
Is't life, I ask, is't even prudence,
To bore thyself and bore the students?
Let Neighbor Paunch to that attend!
Why plague thyself with threshing straw forever?
The best thou learnest, in the end
Thou dar'st not tell the youngsters--never!
I hear one's footsteps, hither steering.",Faust
183,"So long the poor boy waits a hearing,
He must not unconsoled depart.
Thy cap and mantle straightway lend me!
I'll play the comedy with art.",Faust
184,"My wits, be certain, will befriend me.
But fifteen minutes' time is all I need;
For our fine trip, meanwhile, prepare thyself with speed!",Faust
185,"Reason and Knowledge only thou despise,
The highest strength in man that lies!
Let but the Lying Spirit bind thee
With magic works and shows that blind thee,
And I shall have thee fast and sure!--
Fate such a bold, untrammelled spirit gave him,
As forwards, onwards, ever must endure;
Whose over-hasty impulse drave him
Past earthly joys he might secure.
Dragged through the wildest life, will I enslave him,
Through flat and stale indifference;
With struggling, chilling, checking, so deprave him
That, to his hot, insatiate sense,
The dream of drink shall mock, but never lave him:
Refreshment shall his lips in vain implore--
Had he not made himself the Devil's, naught could save
him,
Still were he lost forevermore!",Faust
186,"A short time, only, am I here,
And come, devoted and sincere,
To greet and know the man of fame,
Whom men to me with reverence name.",Faust
187,"Receive me now, I pray, as one
Who comes to you with courage good,
Somewhat of cash, and healthy blood:
My mother was hardly willing to let me;
But knowledge worth having I fain would get me.",Faust
188,"I'd like to leave it, I must avow;
I find these walls, these vaulted spaces
Are anything but pleasant places.
Tis all so cramped and close and mean;
One sees no tree, no glimpse of green,
And when the lecture-halls receive me,
Seeing, hearing, and thinking leave me.",Faust
189,"All that depends on habitude.
So from its mother's breasts a child
At first, reluctant, takes its food,
But soon to seek them is beguiled.
Thus, at the breasts of Wisdom clinging,
Thou'lt find each day a greater rapture bringing.",Faust
190,"I crave the highest erudition;
And fain would make my acquisition
All that there is in Earth and Heaven,
In Nature and in Science too.",Faust
191,"Body and soul thereon I'll wreak;
Yet, truly, I've some inclination
On summer holidays to seek
A little freedom and recreation.",Faust
192,"Your mind will shortly be set aright,
When you have learned, all things reducing,
To classify them for your using.",Faust
193,"And after--first and foremost duty--Of
Metaphysics learn the use and beauty!
See that you most profoundly gain
What does not suit the human brain!
A splendid word to serve, you'll find
For what goes in--or won't go in--your mind.
But first, at least this half a year,
To order rigidly adhere;
Five hours a day, you understand,
And when the clock strikes, be on hand!
Prepare beforehand for your part
With paragraphs all got by heart,
So you can better watch, and look
That naught is said but what is in the book:
Yet in thy writing as unwearied be,
As did the Holy Ghost dictate to thee!",Faust
194,"No need to tell me twice to do it!
I think, how useful 'tis to write;
For what one has, in black and white,
One carries home and then goes through it.",Faust
195,"Nor can I therefore greatly blame you students:
I know what science this has come to be.
All rights and laws are still transmitted
Like an eternal sickness of the race,--
From generation unto generation fitted,
And shifted round from place to place.
Reason becomes a sham, Beneficence a worry:
Thou art a grandchild, therefore woe to thee!
The right born with us, ours in verity,
This to consider, there's, alas! no hurry.",Faust
196,"My own disgust is strengthened by your speech:
O lucky he, whom you shall teach!
I've almost for Theology decided.",Faust
197,"I should not wish to see you here misguided:
For, as regards this science, let me hint
'Tis very hard to shun the false direction;
There's so much secret poison lurking in 't,
So like the medicine, it baffles your detection.
Hear, therefore, one alone, for that is best, in sooth,
And simply take your master's words for truth.
On _words_ let your attention centre!
Then through the safest gate you'll enter
The temple-halls of Certainty.",Faust
198,"Of course! But only shun too over-sharp a tension,
For just where fails the comprehension,
A word steps promptly in as deputy.
With words 'tis excellent disputing;
Systems to words 'tis easy suiting;
On words 'tis excellent believing;
No word can ever lose a jot from thieving.",Faust
199,"Pardon! With many questions I detain you.
Yet must I trouble you again.
Of Medicine I still would fain
Hear one strong word that might explain you.
Three years is but a little space.
And, God! who can the field embrace?
If one some index could be shown,
'Twere easier groping forward, truly.",Faust
200,"I swear to you, 'tis like a dream to me.
Might I again presume, with trust unbounded,
To hear your wisdom thoroughly expounded?",Faust
201,"I cannot really go away:
Allow me that my album first I reach you,--
Grant me this favor, I beseech you!",Faust
202,"Follow the ancient text, and the snake thou wast ordered to trample!
With all thy likeness to God, thou'lt yet be a sorry example!",Faust
203,"As best it pleases thee.
The little world, and then the great, we'll see.
With what delight, what profit winning,
Shalt thou sponge through the term beginning!",Faust
204,"Yet with the flowing beard I wear,
Both ease and grace will fail me there.
The attempt, indeed, were a futile strife;
I never could learn the ways of life.
I feel so small before others, and thence
Should always find embarrassments.",Faust
205,"My friend, thou soon shalt lose all such misgiving:
Be thou but self-possessed, thou hast the art of living!",Faust
206,"We'll spread this cloak with proper art,
Then through the air direct our courses.
But only, on so bold a flight,
Be sure to have thy luggage light.
A little burning air, which I shall soon prepare us,
Above the earth will nimbly bear us,
And, if we're light, we'll travel swift and clear:
I gratulate thee on thy new career!",Faust
207,"Is no one laughing? no one drinking?
I'll teach you how to grin, I'm thinking.
To-day you're like wet straw, so tame;
And usually you're all aflame.",Faust
208,"The throats are tuned, commence!
(_Sings_.)
_The dear old holy Roman realm,
How does it hold together_?",Faust
209,"A nasty song! Fie! a political song--
A most offensive song! Thank God, each morning, therefore,
That you have not the Roman realm to care for!
At least, I hold it so much gain for me,
That I nor Chancellor nor Kaiser be.
Yet also we must have a ruling head, I hope,
And so we'll choose ourselves a Pope.
You know the quality that can
Decide the choice, and elevate the man.",Faust
210,"     _Draw the latch! the darkness makes:
     Draw the latch! the lover wakes.
     Shut the latch! the morning breaks_.",Faust
211,"Yes, sing away, sing on, and praise, and brag of her!
I'll wait my proper time for laughter:
Me by the nose she led, and now she'll lead you after.
Her paramour should be an ugly gnome,
Where four roads cross, in wanton play to meet her:
An old he-goat, from Blocksberg coming home,
Should his good-night in lustful gallop bleat her!
A fellow made of genuine flesh and blood
Is for the wench a deal too good.
Greet her? Not I: unless, when meeting,
To smash her windows be a greeting!",Faust
212,"Attention! Hearken now to me!
Confess, Sirs, I know how to live.
Enamored persons here have we,
And I, as suits their quality,
Must something fresh for their advantage give.
Take heed! 'Tis of the latest cut, my strain,
And all strike in at each refrain!",Faust
213,"     There was a rat in the cellar-nest,
     Whom fat and butter made smoother:
     He had a paunch beneath his vest
     Like that of Doctor Luther.
     The cook laid poison cunningly,
     And then as sore oppressed was he
     As if he had love in his bosom.",Faust
214,"     He ran around, he ran about,
     His thirst in puddles laving;
     He gnawed and scratched the house throughout.
     But nothing cured his raving.
     He whirled and jumped, with torment mad,
     And soon enough the poor beast had,
     As if he had love in his bosom.",Faust
215,"     And driven at last, in open day,
     He ran into the kitchen,
     Fell on the hearth, and squirming lay,
     In the last convulsion twitching.
     Then laughed the murderess in her glee:
     ""Ha! ha! he's at his last gasp,"" said she,
     ""As if he had love in his bosom!""",Faust
216,"The bald-pate pot-belly I have noted:
Misfortune tames him by degrees;
For in the rat by poison bloated
His own most natural form he sees.",Faust
217,"Before all else, I bring thee hither
Where boon companions meet together,
To let thee see how smooth life runs away.
Here, for the folk, each day's a holiday:
With little wit, and ease to suit them,
They whirl in narrow, circling trails,
Like kittens playing with their tails?
And if no headache persecute them,
So long the host may credit give,
They merrily and careless live.",Faust
218,"The fact is easy to unravel,
Their air's so odd, they've just returned from travel:
A single hour they've not been here.",Faust
219,"Let me alone! I'll set them first to drinking,
And then, as one a child's tooth draws, with cleverness,
I'll worm their secret out, I'm thinking.
They're of a noble house, that's very clear:
Haughty and discontented they appear.",Faust
220,"Our thanks: we give the same.
(_Murmurs, inspecting_ MEPHISTOPHELES _from the side_.)
In one foot is the fellow lame?",Faust
221,"Is it permitted that we share your leisure?
In place of cheering drink, which one seeks vainly here,
Your company shall give us pleasure.",Faust
222,"No doubt 'twas late when you from Rippach started?
And supping there with Hans occasioned your delay?",Faust
223,"We passed, without a call, to-day.
At our last interview, before we parted
Much of his cousins did he speak, entreating
That we should give to each his kindly greeting.",Faust
224,"If I am right, we heard the sound
Of well-trained voices, singing chorus;
And truly, song must here rebound
Superbly from the arches o'er us.",Faust
225,"     There was a king once reigning,
     Who had a big black flea,
     And loved him past explaining,
     As his own son were he.
     He called his man of stitches;
     The tailor came straightway:
     Here, measure the lad for breeches.
     And measure his coat, I say!",Faust
226,"But mind, allow the tailor no caprices:
Enjoin upon him, as his head is dear,
To most exactly measure, sew and shear,
So that the breeches have no creases!",Faust
227,"     In silk and velvet gleaming
     He now was wholly drest--
     Had a coat with ribbons streaming,
     A cross upon his breast.
     He had the first of stations,
     A minister's star and name;
     And also all his relations
     Great lords at court became.",Faust
228,"     And the lords and ladies of honor
     Were plagued, awake and in bed;
     The queen she got them upon her,
     The maids were bitten and bled.
     And they did not dare to brush them,
     Or scratch them, day or night:
     We crack them and we crush them,
     At once, whene'er they bite.",Faust
229,"I fain would drink with you, my glass to Freedom clinking,
If 'twere a better wine that here I see you drinking.",Faust
230,"Did I not fear the landlord might complain,
I'd treat these worthy guests, with pleasure,
To some from out our cellar's treasure.",Faust
231,"And if the wine be good, our praises shall be ample.
But do not give too very small a sample;
For, if its quality I decide,
With a good mouthful I must be supplied.",Faust
232,"Good! if I have the choice, so let the wine be Rhenish!
Our Fatherland can best the sparkling cup replenish.",Faust
233,"What's foreign one can't always keep quite clear of,
For good things, oft, are not so near;
A German can't endure the French to see or hear of,
Yet drinks their wines with hearty cheer.",Faust
234,"(_as_ MEPHISTOPHELES _approaches his seat_)
For me, I grant, sour wine is out of place;
Fill up my glass with sweetest, will you?",Faust
235,"O no! with gentlemen of such pretence,
That were to venture far, indeed.
Speak out, and make your choice with speed!
With what a vintage can I serve you?",Faust
236,"     Grapes the vine-stem bears,
     Horns the he-goat wears!
     The grapes are juicy, the vines are wood,
     The wooden table gives wine as good!
     Into the depths of Nature peer,--
     Only believe there's a miracle here!",Faust
237,"'Tis magic! Strike--
The knave is outlawed! Cut him as you like!
(_They draw their knives, and rush upon_ MEPHISTOPHELES.)",Faust
238,"I saw him with these eyes upon a wine-cask riding
Out of the cellar-door, just now.
Still in my feet the fright like lead is weighing.
(_He turns towards the table_.)
Why! If the fount of wine should still be playing?",Faust
239,"(_Upon a low hearth stands a great caldron, under which a fire
is burning. Various figures appear in the vapors which
rise from the caldron. An ape sits beside it, skims it, and
watches lest it boil over. The he-ape, with the young
ones, sits near and warms himself. Ceiling and walls are
covered with the most fantastic witch-implements_.)",Faust
240,"These crazy signs of witches' craft repel me!
I shall recover, dost thou tell me,
Through this insane, chaotic play?
From an old hag shall I demand assistance?
And will her foul mess take away
Full thirty years from my existence?
Woe's me, canst thou naught better find!
Another baffled hope must be lamented:
Has Nature, then, and has a noble mind
Not any potent balsam yet invented?",Faust
241,"Once more, my friend, thou talkest sensibly.
There is, to make thee young, a simpler mode and apter;
But in another book 'tis writ for thee,
And is a most eccentric chapter.",Faust
242,"Good! the method is revealed
Without or gold or magic or physician.
Betake thyself to yonder field,
There hoe and dig, as thy condition;
Restrain thyself, thy sense and will
Within a narrow sphere to flourish;
With unmixed food thy body nourish;
Live with the ox as ox, and think it not a theft
That thou manur'st the acre which thou reapest;--
That, trust me, is the best mode left,
Whereby for eighty years thy youth thou keepest!",Faust
243,"I am not used to that; I cannot stoop to try it--
To take the spade in hand, and ply it.
The narrow being suits me not at all.",Faust
244,"That were a charming sport, I own:
I'd build a thousand bridges meanwhile, I've a notion.
Not Art and Science serve, alone;
Patience must in the work be shown.
Long is the calm brain active in creation;
Time, only, strengthens the fine fermentation.
And all, belonging thereunto,
Is rare and strange, howe'er you take it:
The Devil taught the thing, 'tis true,
And yet the Devil cannot make it.
(_Perceiving the Animals_)
See, what a delicate race they be!
That is the maid! the man is he!
(_To the Animals_)
It seems the mistress has gone away?",Faust
245,"     O cast thou the dice!
     Make me rich in a trice,
     Let me win in good season!
     Things are badly controlled,
     And had I but gold,
     So had I my reason.",Faust
246,"     The world's the ball:
     Doth rise and fall,
     And roll incessant:
     Like glass doth ring,
     A hollow thing,--
     How soon will't spring,
     And drop, quiescent?
     Here bright it gleams,
     Here brighter seems:
     I live at present!
     Dear son, I say,
     Keep thou away!
     Thy doom is spoken!
     'Tis made of clay,
     And will be broken.",Faust
247,"(_who during all this time has been standing before a mirror,
now approaching and now retreating from it_)",Faust
248,"What do I see? What heavenly form revealed
Shows through the glass from Magic's fair dominions!
O lend me, Love, the swiftest of thy pinions,
And bear me to her beauteous field!
Ah, if I leave this spot with fond designing,
If I attempt to venture near,
Dim, as through gathering mist, her charms appear!--
A woman's form, in beauty shining!
Can woman, then, so lovely be?
And must I find her body, there reclining,
Of all the heavens the bright epitome?
Can Earth with such a thing be mated?",Faust
249,"Why, surely, if a God first plagues Himself six days,
Then, self-contented, _Bravo_! says,
Must something clever be created.
This time, thine eyes be satiate!
I'll yet detect thy sweetheart and ensnare her,
And blest is he, who has the lucky fate,
Some day, as bridegroom, home to bear her.",Faust
250,"(FAUST _gazes continually in the mirror_. MEPHISTOPHELES,
_stretching himself out on the settle, and playing with the
brush, continues to speak_.)",Faust
251,"(_who up to this time have been making all kinds of fantastic
movements together bring a crown to_ MEPHISTOPHELES
_with great noise_.)",Faust
252,"(_The caldron, which the_ SHE-APE _has up to this time neglected
to watch, begins to boil over: there ensues a great flame_,
_which blazes out the chimney. The_ WITCH _comes careering
down through the flame, with terrible cries_.)",Faust
253,"     Ow! ow! ow! ow!
     The damnéd beast--the curséd sow!
     To leave the kettle, and singe the Frau!
     Accurséd fere!",Faust
254,"     What is that here?
     Who are you here?
     What want you thus?
     Who sneaks to us?
     The fire-pain
     Burn bone and brain!",Faust
255,"(_She plunges the skimming-ladle into the caldron, and scatters
flames towards_ FAUST, MEPHISTOPHELES, _and the Animals.
The Animals whimper_.)",Faust
256,"(_reversing the brush, which he has been holding in his hand,
and striding among the jars and glasses_)",Faust
257,"     In two! in two!
     There lies the brew!
     There lies the glass!
     The joke will pass,
     As time, foul ass!
     To the singing of thy crew.",Faust
258,"Ha! know'st thou me? Abomination, thou!
Know'st thou, at last, thy Lord and Master?
What hinders me from smiting now
Thee and thy monkey-sprites with fell disaster?
Hast for the scarlet coat no reverence?
Dost recognize no more the tall cock's-feather?
Have I concealed this countenance?--
Must tell my name, old face of leather?",Faust
259,"O pardon, Sir, the rough salute!
Yet I perceive no cloven foot;
And both your ravens, where are _they_ now?",Faust
260,"This time, I'll let thee 'scape the debt;
For since we two together met,
'Tis verily full many a day now.
Culture, which smooth the whole world licks,
Also unto the Devil sticks.
The days of that old Northern phantom now are over:
Where canst thou horns and tail and claws discover?
And, as regards the foot, which I can't spare, in truth,
'Twould only make the people shun me;
Therefore I've worn, like many a spindly youth,
False calves these many years upon me.",Faust
261,"It's long been written in the Book of Fable;
Yet, therefore, no whit better men we see:
The Evil One has left, the evil ones are stable.
Sir Baron call me thou, then is the matter good;
A cavalier am I, like others in my bearing.
Thou hast no doubt about my noble blood:
See, here's the coat-of-arms that I am wearing!",Faust
262,"Give us a goblet of the well-known juice!
But, I must beg you, of the oldest brewage;
The years a double strength produce.",Faust
263,"With all my heart! Now, here's a bottle,
Wherefrom, sometimes, I wet my throttle,
Which, also, not the slightest, stinks;
And willingly a glass I'll fill him.",Faust
264,"Yet, if this man without due preparation drinks,
As well thou know'st, within an hour 'twill kill him.",Faust
265,"He is a friend of mine, with whom it will agree,
And he deserves thy kitchen's best potation:
Come, draw thy circle, speak thine adjuration,
And fill thy goblet full and free!",Faust
266,"(_with fantastic gestures draws a circle and places mysterious
articles therein; meanwhile the glasses begin to ring, the
caldron to sound, and make a musical accompaniment.
Finally she brings a great book, and stations in the circle
the Apes, who are obliged to serve as reading-desk, and to
hold the torches. She then beckons_ FAUST _to approach_.)",Faust
267,"Now, what shall come of this? the creatures antic,
The crazy stuff, the gestures frantic,--
All the repulsive cheats I view,--
Are known to me, and hated, too.",Faust
268,"O, nonsense! That's a thing for laughter;
Don't be so terribly severe!
She juggles you as doctor now, that, after,
The beverage may work the proper cheer.",Faust
269,"     See, thus it's done!
     Make ten of one,
     And two let be,
     Make even three,
     And rich thou 'It be.
     Cast o'er the four!
     From five and six
     (The witch's tricks)
     Make seven and eight,
     'Tis finished straight!
     And nine is one,
     And ten is none.
     This is the witch's once-one's-one!",Faust
270,"Thou'lt hear much more before we leave her.
'Tis all the same: the book I can repeat,
Such time I've squandered o'er the history:
A contradiction thus complete
Is always for the wise, no less than fools, a mystery.
The art is old and new, for verily
All ages have been taught the matter,--
By Three and One, and One and Three,
Error instead of Truth to scatter.
They prate and teach, and no one interferes;
All from the fellowship of fools are shrinking.
Man usually believes, if only words he hears,
That also with them goes material for thinking!",Faust
271,"     The lofty skill
     Of Science, still
     From all men deeply hidden!
     Who takes no thought,
     To him 'tis brought,
     'Tis given unsought, unbidden!",Faust
272,"What nonsense she declaims before us!
My head is nigh to split, I fear:
It seems to me as if I hear
A hundred thousand fools in chorus.",Faust
273,"O Sibyl excellent, enough of adjuration!
But hither bring us thy potation,
And quickly fill the beaker to the brim!
This drink will bring my friend no injuries:
He is a man of manifold degrees,
And many draughts are known to him.",Faust
274,"(_The_ WITCH, _with many ceremonies, pours the drink into a
cup; as_ FAUST _sets it to his lips, a light flame arises_.)",Faust
275,"Down with it quickly! Drain it off!
'Twill warm thy heart with new desire:
Art with the Devil hand and glove,
And wilt thou be afraid of fire?",Faust
276,"Come, walk at once! A rapid occupation
Must start the needful perspiration,
And through thy frame the liquor's potence fling.
The noble indolence I'll teach thee then to treasure,
And soon thou'lt be aware, with keenest thrills of pleasure,
How Cupid stirs and leaps, on light and restless wing.",Faust
277,"By Heaven, the girl is wondrous fair!
Of all I've seen, beyond compare;
So sweetly virtuous and pure,
And yet a little pert, be sure!
The lip so red, the cheek's clear dawn,
[Illustration:]
I'll not forget while the world rolls on!
How she cast down her timid eyes,
Deep in my heart imprinted lies:
How short and sharp of speech was she,
Why, 'twas a real ecstasy!",Faust
278,"She, there? She's coming from confession,
Of every sin absolved; for I,
Behind her chair, was listening nigh.
So innocent is she, indeed,
That to confess she had no need.
I have no power o'er souls so green.",Faust
279,"How now! You're talking like Jack Rake,
Who every flower for himself would take,
And fancies there are no favors more,
Nor honors, save for him in store;
Yet always doesn't the thing succeed.",Faust
280,"Most Worthy Pedagogue, take heed!
Let not a word of moral law be spoken!
I claim, I tell thee, all my right;
And if that image of delight
Rest not within mine arms to-night,
At midnight is our compact broken.",Faust
281,"But think, the chances of the case!
I need, at least, a fortnight's space,
To find an opportune occasion.",Faust
282,"You almost like a Frenchman prate;
Yet, pray, don't take it as annoyance!
Why, all at once, exhaust the joyance?
Your bliss is by no means so great
As if you'd use, to get control,
All sorts of tender rigmarole,
And knead and shape her to your thought,
As in Italian tales 'tis taught.",Faust
283,"But now, leave jesting out of sight!
I tell you, once for all, that speed
With this fair girl will not succeed;
By storm she cannot captured be;
We must make use of strategy.",Faust
284,"Get me something the angel keeps!
Lead me thither where she sleeps!
Get me a kerchief from her breast,--
A garter that her knee has pressed!",Faust
285,"That you may see how much I'd fain
Further and satisfy your pain,
We will no longer lose a minute;
I'll find her room to-day, and take you in it.",Faust
286,"No!
Unto a neighbor she must go,
And meanwhile thou, alone, mayst glow
With every hope of future pleasure,
Breathing her atmosphere in fullest measure.",Faust
287,"Presents at once? That's good: he's certain to get at her!
Full many a pleasant place I know,
And treasures, buried long ago:
I must, perforce, look up the matter. _[Exit_.
[Illustration]",Faust
288,"I'd something give, could I but say
Who was that gentleman, to-day.
Surely a gallant man was he,
And of a noble family;
And much could I in his face behold,--
And he wouldn't, else, have been so bold!",Faust
289,"O welcome, twilight soft and sweet,
That breathes throughout this hallowed shrine!
Sweet pain of love, bind thou with fetters fleet
The heart that on the dew of hope must pine!
How all around a sense impresses
Of quiet, order, and content!
This poverty what bounty blesses!
What bliss within this narrow den is pent!",Faust
290,"Receive me, thou, that in thine open arms
Departed joy and pain wert wont to gather!
How oft the children, with their ruddy charms,
Hung here, around this throne, where sat the father!
Perchance my love, amid the childish band,
Grateful for gifts the Holy Christmas gave her,
Here meekly kissed the grandsire's withered hand.
I feel, O maid! thy very soul
Of order and content around me whisper,--
Which leads thee with its motherly control,
The cloth upon thy board bids smoothly thee unroll,
The sand beneath thy feet makes whiter, crisper.
O dearest hand, to thee 'tis given
To change this hut into a lower heaven!
And here!",Faust
291,"What sweetest thrill is in my blood!
Here could I spend whole hours, delaying:
Here Nature shaped, as if in sportive playing,
The angel blossom from the bud.
Here lay the child, with Life's warm essence
The tender bosom filled and fair,
And here was wrought, through holier, purer presence,
The form diviner beings wear!",Faust
292,"And I? What drew me here with power?
How deeply am I moved, this hour!
What seek I? Why so full my heart, and sore?
Miserable Faust! I know thee now no more.",Faust
293,"Is there a magic vapor here?
I came, with lust of instant pleasure,
And lie dissolved in dreams of love's sweet leisure!
Are we the sport of every changeful atmosphere?",Faust
294,"And if, this moment, came she in to me,
How would I for the fault atonement render!
How small the giant lout would be,
Prone at her feet, relaxed and tender!",Faust
295,"Here is a casket, not unmeet,
Which elsewhere I have just been earning.
Here, set it in the press, with haste!
I swear, 'twill turn her head, to spy it:
Some baubles I therein had placed,
That you might win another by it.
True, child is child, and play is play.",Faust
296,"Ask you, pray?
Yourself, perhaps, would keep the bubble?
Then I suggest, 'twere fair and just
To spare the lovely day your lust,
And spare to me the further trouble.
You are not miserly, I trust?
I rub my hands, in expectation tender--",Faust
297,"Now quick, away!
The sweet young maiden to betray,
So that by wish and will you bend her;
And you look as though
To the lecture-hall you were forced to go,--
As if stood before you, gray and loath,
Physics and Metaphysics both!
But away! [_Exeunt_.",Faust
298,"And yet 'tis not so warm outside.
I feel, I know not why, such fear!--
Would mother came!--where can she bide?
My body's chill and shuddering,--
I'm but a silly, fearsome thing!",Faust
299,"        There was a King in Thule,
        Was faithful till the grave,--
        To whom his mistress, dying,
        A golden goblet gave.",Faust
300,"        Naught was to him more precious;
        He drained it at every bout:
        His eyes with tears ran over,
        As oft as he drank thereout.",Faust
301,"        When came his time of dying,
        The towns in his land he told,
        Naught else to his heir denying
        Except the goblet of gold.",Faust
302,"        He sat at the royal banquet
        With his knights of high degree,
        In the lofty hall of his fathers
        In the Castle by the Sea.",Faust
303,"        There stood the old carouser,
        And drank the last life-glow;
        And hurled the hallowed goblet
        Into the tide below.",Faust
304,"        He saw it plunging and filling,
        And sinking deep in the sea:
        Then fell his eyelids forever,
        And never more drank he!",Faust
305,"How comes that lovely casket here to me?
I locked the press, most certainly.
'Tis truly wonderful! What can within it be?
Perhaps 'twas brought by some one as a pawn,
And mother gave a loan thereon?
And here there hangs a key to fit:
I have a mind to open it.
What is that? God in Heaven! Whence came
Such things? Never beheld I aught so fair!
Rich ornaments, such as a noble dame
On highest holidays might wear!
How would the pearl-chain suit my hair?
Ah, who may all this splendor own?",Faust
306,"Were but the ear-rings mine, alone!
One has at once another air.
What helps one's beauty, youthful blood?
One may possess them, well and good;
But none the more do others care.
They praise us half in pity, sure:
To gold still tends,
On gold depends
All, all! Alas, we poor!",Faust
307,"By all love ever rejected! By hell-fire hot and unsparing!
I wish I knew something worse, that I might use it for
swearing!",Faust
308,"Then bagged the spangles, chains, and rings,
As if but toadstools were the things,
And thanked no less, and thanked no more
Than if a sack of nuts he bore,--
Promised them fullest heavenly pay,
And deeply edified were they.",Faust
309,"Sits unrestful still,
And knows not what she should, or will;
Thinks on the jewels, day and night,
But more on him who gave her such delight.",Faust
310,"Fix and arrange it to my will;
And on her neighbor try thy skill!
Don't be a Devil stiff as paste,
But get fresh jewels to her taste!",Faust
311,"Such an enamored fool in air would blow
Sun, moon, and all the starry legions,
To give his sweetheart a diverting show.",Faust
312,"God forgive my husband, yet he
Hasn't done his duty by me!
Off in the world he went straightway,--
Left me lie in the straw where I lay.
And, truly, I did naught to fret him:
God knows I loved, and can't forget him!",Faust
313,"I scarce can stand, my knees are trembling!
I find a box, the first resembling,
Within my press! Of ebony,--
And things, all splendid to behold,
And richer far than were the old.",Faust
314,"Yet thou canst often this way wander,
And secretly the jewels don,
Walk up and down an hour, before the mirror yonder,--
We'll have our private joy thereon.
And then a chance will come, a holiday,
When, piece by piece, can one the things abroad display,
A chain at first, then other ornament:
Thy mother will not see, and stories we'll invent.",Faust
315,"It is enough that you are she:
You've a visitor of high degree.
Pardon the freedom I have ta'en,--
Will after noon return again.",Faust
316,"I would I had a more cheerful strain!
Take not unkindly its repeating:
Your husband's dead, and sends a greeting.",Faust
317,"In Padua buried, he is lying
Beside the good Saint Antony,
Within a grave well consecrated,
For cool, eternal rest created.",Faust
318,"Yes, one of weight, with many sighs:
Three hundred masses buy, to save him from perdition!
My hands are empty, otherwise.",Faust
319,"What! Not a pocket-piece? no jewelry?
What every journeyman within his wallet spares,
And as a token with him bears,
And rather starves or begs, than loses?",Faust
320,"Madam, it is a grief to me;
Yet, on my word, his cash was put to proper uses.
Besides, his penitence was very sore,
And he lamented his ill fortune all the more.",Faust
321,"If not a husband, then a beau for you!
It is the greatest heavenly blessing,
To have a dear thing for one's caressing.",Faust
322,"  I stood beside his bed of dying.
'Twas something better than manure,--
Half-rotten straw: and yet, he died a Christian, sure,
And found that heavier scores to his account were lying.
He cried: ""I find my conduct wholly hateful!
To leave my wife, my trade, in manner so ungrateful!
Ah, the remembrance makes me die!
Would of my wrong to her I might be shriven!""",Faust
323,"In the last throes his senses wandered,
If I such things but half can judge.
He said: ""I had no time for play, for gaping freedom:
First children, and then work for bread to feed 'em,--
For bread, in the widest sense, to drudge,
And could not even eat my share in peace and quiet!""",Faust
324,"Not so: the memory of it touched him quite.
Said he: ""When I from Malta went away
My prayers for wife and little ones were zealous,
And such a luck from Heaven befell us,
We made a Turkish merchantman our prey,
That to the Soldan bore a mighty treasure.
Then I received, as was most fit,
Since bravery was paid in fullest measure,
My well-apportioned share of it.""",Faust
325,"Who knows, now, whither the four winds have blown it?
A fair young damsel took him in her care,
As he in Naples wandered round, unfriended;
And she much love, much faith to him did bear,
So that he felt it till his days were ended.",Faust
326,"The villain! From his children thieving!
Even all the misery on him cast
Could not prevent his shameful way of living!",Faust
327,"But see! He's dead therefrom, at last.
Were I in _your_ place, do not doubt me,
I'd mourn him decently a year,
And for another keep, meanwhile, my eyes about me.",Faust
328,"Ah, God! another one so dear
As was my first, this world will hardly give me.
There never was a sweeter fool than mine,
Only he loved to roam and leave me,
And foreign wenches and foreign wine,
And the damned throw of dice, indeed.",Faust
329,"Well, well! That might have done, however,
If he had only been as clever,
And treated _your_ slips with as little heed.
I swear, with this condition, too,
I would, myself, change rings with you.",Faust
330,"                  A moment, ere we part!
I'd like to have a legal witness,
Where, how, and when he died, to certify his fitness.
Irregular ways I've always hated;
I want his death in the weekly paper stated.",Faust
331,"Yes, my good dame, a pair of witnesses
Always the truth establishes.
I have a friend of high condition,
Who'll also add his deposition.
I'll bring him here.",Faust
332,"And this young lady will be present, too?
A gallant youth! has travelled far:
Ladies with him delighted are.",Faust
333,"Ah, bravo! Do I find you burning?
Well, Margaret soon will still your yearning:
At Neighbor Martha's you'll this evening meet.
A fitter woman ne'er was made
To ply the pimp and gypsy trade!",Faust
334,"We've but to make a deposition valid
That now her husband's limbs, outstretched and pallid,
At Padua rest, in consecrated soil.",Faust
335,"Now, there you are! O holy man!
Is it the first time in your life you're driven
To bear false witness in a case?
Of God, the world and all that in it has a place,
Of Man, and all that moves the being of his race,
Have you not terms and definitions given
With brazen forehead, daring breast?
And, if you'll probe the thing profoundly,
Knew you so much--and you'll confess it roundly!--
As here of Schwerdtlein's death and place of rest?",Faust
336,"Yes, knew I not more deeply thy desire.
For wilt thou not, no lover fairer,
Poor Margaret flatter, and ensnare her,
And all thy soul's devotion swear her?",Faust
337,"  'Tis very fine!
Thine endless love, thy faith assuring,
The one almighty force enduring,--
Will that, too, prompt this heart of thine?",Faust
338,"Hold! hold! It will!--If such my flame,
And for the sense and power intense
I seek, and cannot find, a name;
Then range with all my senses through creation,
Craving the speech of inspiration,
And call this ardor, so supernal,
Endless, eternal and eternal,--
Is that a devilish lying game?",Faust
339,"  Mark this, I beg of thee!
And spare my lungs henceforth: whoever
Intends to have the right, if but his
  tongue be clever,
Will have it, certainly.
But come: the further talking brings
  disgust,
For thou art right, especially since I
  must.",Faust
340,"I feel, the gentleman allows for me,
Demeans himself, and shames me by it;
A traveller is so used to be
Kindly content with any diet.
I know too well that my poor gossip can
Ne'er entertain such an experienced man.",Faust
341,"Don't incommode yourself! How could you ever kiss it!
It is so ugly, rough to see!
What work I do,--how hard and steady is it!
Mother is much too close with me.",Faust
342,"Alas, that trade and duty us so harry!
With what a pang one leaves so many a spot,
And dares not even now and then to tarry!",Faust
343,"In young, wild years it suits your ways,
This round and round the world in freedom sweeping;
But then come on the evil days,
And so, as bachelor, into his grave a-creeping,
None ever found a thing to praise.",Faust
344,"Yes, out of sight is out of mind!
Your courtesy an easy grace is;
But you have friends in other places,
And sensibler than I, you'll find.",Faust
345,"Ah, that simplicity and innocence ne'er know
Themselves, their holy value, and their spell!
That meekness, lowliness, the highest graces
Which Nature portions out so lovingly--",Faust
346,"Yes, for our household small has grown,
Yet must be cared for, you will own.
We have no maid: I do the knitting, sewing, sweeping,
The cooking, early work and late, in fact;
And mother, in her notions of housekeeping,
Is so exact!
Not that she needs so much to keep expenses down:
We, more than others, might take comfort, rather:
A nice estate was left us by my father,
A house, a little garden near the town.
But now my days have less of noise and hurry;
My brother is a soldier,
My little sister's dead.
True, with the child a troubled life I led,
Yet I would take again, and willing, all the worry,
So very dear was she.",Faust
347,"I brought it up, and it was fond of me.
Father had died before it saw the light,
And mother's case seemed hopeless quite,
So weak and miserable she lay;
And she recovered, then, so slowly, day by day.
She could not think, herself, of giving
The poor wee thing its natural living;
And so I nursed it all alone
With milk and water: 'twas my own.
Lulled in my lap with many a song,
It smiled, and tumbled, and grew strong.",Faust
348,"But surely, also, many a weary hour.
I kept the baby's cradle near
My bed at night: if 't even stirred, I'd guess it,
And waking, hear.
And I must nurse it, warm beside me press it,
And oft, to quiet it, my bed forsake,
And dandling back and forth the restless creature take,
Then at the wash-tub stand, at morning's break;
And then the marketing and kitchen-tending,
Day after day, the same thing, never-ending.
One's spirits, Sir, are thus not always good,
But then one learns to relish rest and food.",Faust
349,"And thou forgiv'st my freedom, and the blame
To my impertinence befitting,
As the Cathedral thou wert quitting?",Faust
350,"I was confused, the like ne'er happened me;
No one could ever speak to my discredit.
Ah, thought I, in my conduct has he read it--
Something immodest or unseemly free?
He seemed to have the sudden feeling
That with this wench 'twere very easy dealing.
I will confess, I knew not what appeal
On your behalf, here, in my bosom grew;
But I was angry with myself, to feel
That I could not be angrier with you.",Faust
351,"Yes, child! and let this blossom-word
For thee be speech divine! He loves thee!
Ah, know'st thou what it means? He loves thee!",Faust
352,"O tremble not! but let this look,
Let this warm clasp of hands declare thee
What is unspeakable!
To yield one wholly, and to feel a rapture
In yielding, that must be eternal!
Eternal!--for the end would be despair.
No, no,--no ending! no ending!",Faust
353,"I'd ask you, longer here to tarry,
But evil tongues in this town have full play.
It's as if nobody had nothing to fetch and carry,
Nor other labor,
But spying all the doings of one's neighbor:
And one becomes the talk, do whatsoe'er one may.
Where is our couple now?",Faust
354,"(MARGARET _comes in, conceals herself behind the door, puts her
finger to her lips, and peeps through the crack_.)",Faust
355,"Dear God! However is it, such
A man can think and know so much?
I stand ashamed and in amaze,
And answer ""Yes"" to all he says,
A poor, unknowing child! and he--
I can't think what he finds in me! [_Exit_.",Faust
356,"Spirit sublime, thou gav'st me, gav'st me all
For which I prayed. Not unto me in vain
Hast thou thy countenance revealed in fire.
Thou gav'st me Nature as a kingdom grand,
With power to feel and to enjoy it. Thou
Not only cold, amazed acquaintance yield'st,
But grantest, that in her profoundest breast
I gaze, as in the bosom of a friend.
The ranks of living creatures thou dost lead
Before me, teaching me to know my brothers
In air and water and the silent wood.
And when the storm in forests roars and grinds,
The giant firs, in falling, neighbor boughs
And neighbor trunks with crushing weight bear down,
And falling, fill the hills with hollow thunders,--
Then to the cave secure thou leadest me,
Then show'st me mine own self, and in my breast
The deep, mysterious miracles unfold.
And when the perfect moon before my gaze
Comes up with soothing light, around me float
From every precipice and thicket damp
The silvery phantoms of the ages past,
And temper the austere delight of thought.",Faust
357,"That nothing can be perfect unto Man
I now am conscious. With this ecstasy,
Which brings me near and nearer to the Gods,
Thou gav'st the comrade, whom I now no more
Can do without, though, cold and scornful, he
Demeans me to myself, and with a breath,
A word, transforms thy gifts to nothingness.
Within my breast he fans a lawless fire,
Unwearied, for that fair and lovely form:
Thus in desire I hasten to enjoyment,
And in enjoyment pine to feel desire.",Faust
358,"Have you not led this life quite long enough?
How can a further test delight you?
'Tis very well, that once one tries the stuff,
But something new must then requite you.",Faust
359,"Well! I'll engage to let thee be:
Thou darest not tell me so in earnest.
The loss of thee were truly very slight,--
comrade crazy, rude, repelling:",Faust
360,"One has one's hands full all the day and night;
If what one does, or leaves undone, is right,
From such a face as thine there is no telling.",Faust
361,"Poor Son of Earth, how couldst thou thus alone
Have led thy life, bereft of me?
I, for a time, at least, have worked thy cure;
Thy fancy's rickets plague thee not at all:
Had I not been, so hadst thou, sure,
Walked thyself off this earthly ball
Why here to caverns, rocky hollows slinking,
Sit'st thou, as 'twere an owl a-blinking?
Why suck'st, from sodden moss and dripping stone,
Toad-like, thy nourishment alone?
A fine way, this, thy time to fill!
The Doctor's in thy body still.",Faust
362,"What fresh and vital forces, canst thou guess,
Spring from my commerce with the wilderness?
But, if thou hadst the power of guessing,
Thou wouldst be devil enough to grudge my soul the blessing.",Faust
363,"A blessing drawn from supernatural fountains!
In night and dew to lie upon the mountains;
All Heaven and Earth in rapture penetrating;
Thyself to Godhood haughtily inflating;
To grub with yearning force through Earth's dark marrow,
Compress the six days' work within thy bosom narrow,--
To taste, I know not what, in haughty power,
Thine own ecstatic life on all things shower,
Thine earthly self behind thee cast,
And then the lofty instinct, thus--",Faust
364,"Get thee away with thine offences,
Reprobate! Name not that fairest thing,
Nor the desire for her sweet body bring
Again before my half-distracted senses!",Faust
365,"Yet am I near, and love keeps watch and ward;
Though I were ne'er so far, it cannot falter:
I envy even the Body of the Lord
The touching of her lips, before the altar.",Faust
366,"You rail, and it is fun to me.
The God, who fashioned youth and maid,
Perceived the noblest purpose of His trade,
And also made their opportunity.
Go on! It is a woe profound!
'Tis for your sweetheart's room you're bound,
And not for death, indeed.",Faust
367,"What are, within her arms, the heavenly blisses?
Though I be glowing with her kisses,
Do I not always share her need?
I am the fugitive, all houseless roaming,
The monster without air or rest,
That like a cataract, down rocks and gorges foaming,
Leaps, maddened, into the abyss's breast!
And side-wards she, with young unwakened senses,
Within her cabin on the Alpine field
Her simple, homely life commences,
Her little world therein concealed.
And I, God's hate flung o'er me,
Had not enough, to thrust
The stubborn rocks before me
And strike them into dust!
She and her peace I yet must undermine:
Thou, Hell, hast claimed this sacrifice as thine!
Help, Devil! through the coming pangs to push me;
What must be, let it quickly be!
Let fall on me her fate, and also crush me,--
One ruin whelm both her and me!",Faust
368,"Again it seethes, again it glows!
Thou fool, go in and comfort her!
When such a head as thine no outlet knows,
It thinks the end must soon occur.
Hail him, who keeps a steadfast mind!
Thou, else, dost well the devil-nature wear:
Naught so insipid in the world I find
As is a devil in despair.",Faust
369,"        My peace is gone,
        My heart is sore:
        I never shall find it,
        Ah, nevermore!",Faust
370,"        Save I have him near.
        The grave is here;
        The world is gall
        And bitterness all.",Faust
371,"        My poor weak head
        Is racked and crazed;
        My thought is lost,
        My senses mazed.",Faust
372,"        My peace is gone,
        My heart is sore:
        I never shall find it,
        Ah, nevermore!",Faust
373,"        To see him, him only,
        At the pane I sit;
        To meet him, him only,
        The house I quit.",Faust
374,"        His lofty gait,
        His noble size,
        The smile of his mouth,
        The power of his eyes,",Faust
375,"        And the magic flow
        Of his talk, the bliss
        In the clasp of his hand,
        And, ah! his kiss!",Faust
376,"        My peace is gone,
        My heart is sore:
        I never shall find it,
        Ah, nevermore!",Faust
377,"        My bosom yearns
        For him alone;
        Ah, dared I clasp him,
        And hold, and own!",Faust
378,"        And kiss his mouth,
        To heart's desire,
        And on his kisses
        At last expire!",Faust
379,"How is't with thy religion, pray?
Thou art a dear, good-hearted man,
And yet, I think, dost not incline that way.",Faust
380,"Leave that, my child! Thou know'st my love is tender;
For love, my blood and life would I surrender,
And as for Faith and Church, I grant to each his own.",Faust
381,"Desiring no possession
'Tis long since thou hast been to mass or to confession.
Believest thou in God?",Faust
382,"My darling, who shall dare
""I believe in God!"" to say?
Ask priest or sage the answer to declare,
And it will seem a mocking play,
A sarcasm on the asker.",Faust
383,"Hear me not falsely, sweetest countenance!
Who dare express Him?
And who profess Him,
Saying: I believe in Him!
Who, feeling, seeing,
Deny His being,
Saying: I believe Him not!
The All-enfolding,
The All-upholding,
Folds and upholds he not
Thee, me, Himself?
Arches not there the sky above us?
Lies not beneath us, firm, the earth?
And rise not, on us shining,
Friendly, the everlasting stars?
Look I not, eye to eye, on thee,
And feel'st not, thronging
To head and heart, the force,
Still weaving its eternal secret,
Invisible, visible, round thy life?
Vast as it is, fill with that force thy heart,
And when thou in the feeling wholly blessed art,
Call it, then, what thou wilt,--
Call it Bliss! Heart! Love! God!
I have no name to give it!
Feeling is all in all:
The Name is sound and smoke,
Obscuring Heaven's clear glow.",Faust
384,"All that is fine and good, to hear it so:
Much the same way the preacher spoke,
Only with slightly different phrases.",Faust
385,"The same thing, in all places,
All hearts that beat beneath the heavenly day--
Each in its language--say;
Then why not I, in mine, as well?",Faust
386,"To hear it thus, it may seem passable;
And yet, some hitch in't there must be
For thou hast no Christianity.",Faust
387,"        The man who with thee goes, thy mate,
Within my deepest, inmost soul I hate.
In all my life there's nothing
Has given my heart so keen a pang of loathing,
As his repulsive face has done.",Faust
388,"I feel his presence like something ill.
I've else, for all, a kindly will,
But, much as my heart to see thee yearneth,
The secret horror of him returneth;
And I think the man a knave, as I live!
If I do him wrong, may God forgive!",Faust
389,"Live with the like of him, may I never!
When once inside the door comes he,
He looks around so sneeringly,
And half in wrath:
One sees that in nothing no interest he hath:
'Tis written on his very forehead
That love, to him, is a thing abhorréd.
I am so happy on thine arm,
So free, so yielding, and so warm,
And in his presence stifled seems my heart.",Faust
390,"It overcomes me in such degree,
That wheresoe'er he meets us, even,
I feel as though I'd lost my love for thee.
When he is by, I could not pray to Heaven.
That burns within me like a flame,
And surely, Henry, 'tis with thee the same.",Faust
391,"                Ah, shall there never be
A quiet hour, to see us fondly plighted,
With breast to breast, and soul to soul united?",Faust
392,"Ah, if I only slept alone!
I'd draw the bolts to-night, for thy desire;
But mother's sleep so light has grown,
And if we were discovered by her,
'Twould be my death upon the spot!",Faust
393,"Thou angel, fear it not!
Here is a phial: in her drink
But three drops of it measure,
And deepest sleep will on her senses sink.",Faust
394,"Ah, dearest man, if but thy face I see,
I know not what compels me to thy will:
So much have I already done for thee,
That scarcely more is left me to fulfil.",Faust
395,"I've heard, most fully, how she drew thee.
The Doctor has been catechised, 'tis plain;
Great good, I hope, the thing will do thee.
The girls have much desire to ascertain
If one is prim and good, as ancient rules compel:
If there he's led, they think, he'll follow them as well.",Faust
396,"Thou, monster, wilt nor see nor own
How this pure soul, of faith so lowly,
So loving and ineffable,--
The faith alone
That her salvation is,--with scruples holy
Pines, lest she hold as lost the man she loves so well!",Faust
397,"And then, how masterly she reads physiognomy!
When I am present she's impressed, she knows not how;
She in my mask a hidden sense would read:
She feels that surely I'm a genius now,--
Perhaps the very Devil, indeed!
Well, well,--to-night--?",Faust
398,"It's true, Sibylla said, to-day.
She's played the fool at last, there's not a doubt.
Such taking-on of airs!",Faust
399,"    And so, at last, it serves her rightly.
She clung to the fellow so long and tightly!
That was a promenading!
At village and dance parading!
As the first they must everywhere shine,
And he treated her always to pies and wine,
And she made a to-do with her face so fine;
So mean and shameless was her behavior,
She took all the presents the fellow gave her.
'Twas kissing and coddling, on and on!
So now, at the end, the flower is gone.",Faust
400,"                      Dost pity her, at that?
When one of us at spinning sat,
And mother, nights, ne'er let us out the door
She sported with her paramour.
On the door-bench, in the passage dark,
The length of the time they'd never mark.
So now her head no more she'll lift,
But do church-penance in her sinner's shift!",Faust
401,"If him she gets, why let her beware!
The boys shall dash her wreath on the floor,
And we'll scatter chaff before her door!
                                              [_Exit_.",Faust
402,"How scornfully I once reviled,
When some poor maiden was beguiled!
More speech than any tongue suffices
I craved, to censure others' vices.
Black as it seemed, I blackened still,
And blacker yet was in my will;
And blessed myself, and boasted high,--
And now--a living sin am I!
Yet--all that drove my heart thereto,
God! was so good, so dear, so true!",Faust
403,"        The sword Thy heart in,
        With anguish smarting,
        Thou lookest up to where Thy Son is slain!",Faust
404,"        Thou seest the Father;
        Thy sad sighs gather,
        And bear aloft Thy sorrow and His pain!",Faust
405,"        Ah, past guessing,
        Beyond expressing,
        The pangs that wring my flesh and bone!
        Why this anxious heart so burneth,
        Why it trembleth, why it yearneth,
        Knowest Thou, and Thou alone!",Faust
406,"        Where'er I go, what sorrow,
        What woe, what woe and sorrow
        Within my bosom aches!
        Alone, and ah! unsleeping,
        I'm weeping, weeping, weeping,
        The heart within me breaks.",Faust
407,"        The pots before my window,
        Alas! my tears did wet,
        As in the early morning
        For thee these flowers I set.",Faust
408,"        Within my lonely chamber
        The morning sun shone red:
        I sat, in utter sorrow,
        Already on my bed.",Faust
409,"        Help! rescue me from death and stain!
        O Maiden!
        Thou sorrow-laden,
        Incline Thy countenance upon my pain!",Faust
410,"When I have sat at some carouse.
Where each to each his brag allows,
And many a comrade praised to me
His pink of girls right lustily,
With brimming glass that spilled the toast,
And elbows planted as in boast:
I sat in unconcerned repose,
And heard the swagger as it rose.
And stroking then my beard, I'd say,
Smiling, the bumper in my hand:
""Each well enough in her own way.
But is there one in all the land
Like sister Margaret, good as gold,--
One that to her can a candle hold?""
Cling! clang! ""Here's to her!"" went around
The board: ""He speaks the truth!"" cried some;
""In her the flower o' the sex is found!""
And all the swaggerers were dumb.
And now!--I could tear my hair with vexation.
And dash out my brains in desperation!
With turned-up nose each scamp may face me,
With sneers and stinging taunts disgrace me,
And, like a bankrupt debtor sitting,
A chance-dropped word may set me sweating!
Yet, though I thresh them all together,
I cannot call them liars, either.",Faust
411,"But what comes sneaking, there, to view?
If I mistake not, there are two.
If _he's_ one, let me at him drive!
He shall not leave the spot alive.",Faust
412,"How from the window of the sacristy
Upward th'eternal lamp sends forth a glimmer,
That, lessening side-wards, fainter grows and dimmer,
Till darkness closes from the sky!
The shadows thus within my bosom gather.",Faust
413,"I'm like a sentimental tom-cat, rather,
That round the tall fire-ladders sweeps,
And stealthy, then, along the coping creeps:
Quite virtuous, withal, I come,
A little thievish and a little frolicsome.
I feel in every limb the presage
Forerunning the grand Walpurgis-Night:
Day after to-morrow brings its message,
And one keeps watch then with delight.",Faust
414,"Shalt soon experience the pleasure,
To lift the kettle with its treasure.
I lately gave therein a squint--
Saw splendid lion-dollars in 't.",Faust
415,"Thou shouldst not find it so annoying,
Without return to be enjoying.
Now, while the sky leads forth its starry throng,
Thou'lt hear a masterpiece, no work completer:
I'll sing her, first, a moral song,
The surer, afterwards, to cheat her.",Faust
416,"        What dost thou here
        In daybreak clear,
        Kathrina dear,
        Before thy lover's door?
        Beware! the blade
        Lets in a maid.
        That out a maid
        Departeth nevermore!",Faust
417,"        The coaxing shun
        Of such an one!
        When once 'tis done
        Good-night to thee, poor thing!
        Love's time is brief:
        Unto no thief
        Be warm and lief,
        But with the wedding-ring!",Faust
418,"Whom wilt thou lure? God's-element!
Rat-catching piper, thou!--perdition!
To the Devil, first, the instrument!
To the Devil, then, the curst musician!",Faust
419,"Sir Doctor, don't retreat, I pray!
Stand by: I'll lead, if you'll but tarry:
Out with your spit, without delay!
You've but to lunge, and I will parry.",Faust
420,"Now is the lubber tame!
But come, away! 'Tis time for us to fly;
For there arises now a murderous cry.
With the police 'twere easy to compound it,
But here the penal court will sift and sound it.",Faust
421,"I'm dying! That is quickly said,
And quicker yet 'tis done.
Why howl, you women there? Instead,
Come here and listen, every one!",Faust
422,"My Margaret, see! still young thou art,
But not the least bit shrewd or smart,
Thy business thus to slight:
So this advice I bid thee heed--
Now that thou art a whore indeed,
Why, be one then, outright!",Faust
423,"Thou pimp most infamous, be still!
Could I thy withered body kill,
'Twould bring, for all my sinful pleasure,
Forgiveness in the richest measure.",Faust
424,"I tell thee, from thy tears refrain!
When thou from honor didst depart
It stabbed me to the very heart.
Now through the slumber of the grave
I go to God as a soldier brave.",Faust
425,"HOW otherwise was it, Margaret,
When thou, still innocent,
Here to the altar cam'st,
And from the worn and fingered book
Thy prayers didst prattle,
Half sport of childhood,
Half God within thee!
Margaret!
Where tends thy thought?
Within thy bosom
What hidden crime?
Pray'st thou for mercy on thy mother's soul,
That fell asleep to long, long torment, and through thee?
Upon thy threshold whose the blood?
And stirreth not and quickens
Something beneath thy heart,
Thy life disquieting
With most foreboding presence?",Faust
426,"Wrath takes thee!
The trumpet peals!
The graves tremble!
And thy heart
From ashy rest
To fiery torments
Now again requickened,
Throbs to life!",Faust
427,"Would I were forth!
I feel as if the organ here
My breath takes from me,
My very heart
Dissolved by the anthem!",Faust
428,"        _Judex ergo cum sedebit,
        Quidquid latet, ad parebit,
        Nil inultum remanebit_.
MARGARET",Faust
429,"        _Quid sum miser tunc dicturus,
        Quem patronem rogaturus,
        Cum vix Justus sit securus_?",Faust
430,"They turn their faces,
The glorified, from thee:
The pure, their hands to offer,
Shuddering, refuse thee!
Woe!",Faust
431,"DOST thou not wish a broomstick-steed's assistance?
The sturdiest he-goat I would gladly see:
The way we take, our goal is yet some distance.",Faust
432,"So long as in my legs I feel the fresh existence.
This knotted staff suffices me.
What need to shorten so the way?
Along this labyrinth of vales to wander,
Then climb the rocky ramparts yonder,
Wherefrom the fountain flings eternal spray,
Is such delight, my steps would fain delay.
The spring-time stirs within the fragrant birches,
And even the fir-tree feels it now:
Should then our limbs escape its gentle searches?",Faust
433,"I notice no such thing, I vow!
'Tis winter still within my body:
Upon my path I wish for frost and snow.
How sadly rises, incomplete and ruddy,
The moon's lone disk, with its belated glow,
And lights so dimly, that, as one advances,
At every step one strikes a rock or tree!
Let us, then, use a Jack-o'-lantern's glances:
I see one yonder, burning merrily.
Ho, there! my friend! I'll levy thine attendance:
Why waste so vainly thy resplendence?
Be kind enough to light us up the steep!",Faust
434,"My reverence, I hope, will me enable
To curb my temperament unstable;
For zigzag courses we are wont to keep.",Faust
435,"Indeed? he'd like mankind to imitate!
Now, in the Devil's name, go straight,
Or I'll blow out his being's flickering spark!",Faust
436,"You are the master of the house, I mark,
And I shall try to serve you nicely.
But then, reflect: the mountain's magic-mad to-day,
And if a will-o'-the-wisp must guide you on the way,
You mustn't take things too precisely.",Faust
437,"     We, it seems, have entered newly
     In the sphere of dreams enchanted.
     Do thy bidding, guide us truly,
     That our feet be forwards planted
     In the vast, the desert spaces!
     See them swiftly changing places,
     Trees on trees beside us trooping,
     And the crags above us stooping,
     And the rocky snouts, outgrowing,--
     Hear them snoring, hear them blowing!
     O'er the stones, the grasses, flowing
     Stream and streamlet seek the hollow.
     Hear I noises? songs that follow?
     Hear I tender love-petitions?
     Voices of those heavenly visions?
     Sounds of hope, of love undying!
     And the echoes, like traditions
     Of old days, come faint and hollow.",Faust
438,"     Hoo-hoo! Shoo-hoo! Nearer hover
     Jay and screech-owl, and the plover,--
     Are they all awake and crying?
     Is't the salamander pushes,
     Bloated-bellied, through the bushes?
     And the roots, like serpents twisted,
     Through the sand and boulders toiling,
     Fright us, weirdest links uncoiling
     To entrap us, unresisted:
     Living knots and gnarls uncanny
     Feel with polypus-antennae
     For the wanderer. Mice are flying,
     Thousand-colored, herd-wise hieing
     Through the moss and through the heather!",Faust
439,"     And the fire-flies wink and darkle,
     Crowded swarms that soar and sparkle,
     And in wildering escort gather!",Faust
440,"     Tell me, if we still are standing,
     Or if further we're ascending?
     All is turning, whirling, blending,
     Trees and rocks with grinning faces,
     Wandering lights that spin in mazes,
     Still increasing and expanding!",Faust
441,"Grasp my skirt with heart undaunted!
Here a middle-peak is planted,
Whence one seeth, with amaze,
Mammon in the mountain blaze.",Faust
442,"How strangely glimmers through the hollows
A dreary light, like that of dawn!
Its exhalation tracks and follows
The deepest gorges, faint and wan.
Here steam, there rolling vapor sweepeth;
Here burns the glow through film and haze:
Now like a tender thread it creepeth,
Now like a fountain leaps and plays.
Here winds away, and in a hundred
Divided veins the valley braids:
There, in a corner pressed and sundered,
Itself detaches, spreads and fades.
Here gush the sparkles incandescent
Like scattered showers of golden sand;--
But, see! in all their height, at present,
The rocky ramparts blazing stand.",Faust
443,"Has not Sir Mammon grandly lighted
His palace for this festal night?
'Tis lucky thou hast seen the sight;
The boisterous guests approach that were invited.",Faust
444,"Under the old ribs of the rock retreating,
Hold fast, lest thou be hurled down the abysses there!
The night with the mist is black;
Hark! how the forests grind and crack!
Frightened, the owlets are scattered:
Hearken! the pillars are shattered.
The evergreen palaces shaking!
Boughs are groaning and breaking,
The tree-trunks terribly thunder,
The roots are twisting asunder!
In frightfully intricate crashing
Each on the other is dashing,
And over the wreck-strewn gorges
The tempest whistles and surges!
Hear'st thou voices higher ringing?
Far away, or nearer singing?
Yes, the mountain's side along,
Sweeps an infuriate glamouring song!",Faust
445,"     The witches ride to the Brocken's top,
     The stubble is yellow, and green the crop.
     There gathers the crowd for carnival:
     Sir Urian sits over all.",Faust
446,"     Then honor to whom the honor is due!
     Dame Baubo first, to lead the crew!
     A tough old sow and the mother thereon,
     Then follow the witches, every one.",Faust
447,"     The way is wide, the way is long:
     See, what a wild and crazy throng!
     The broom it scratches, the fork it thrusts,
     The child is stifled, the mother bursts.
WIZARDS (_semichorus_)",Faust
448,"     As doth the snail in shell, we crawl:
     Before us go the women all.
     When towards the Devil's House we tread,
     Woman's a thousand steps ahead.",Faust
449,"     We do not measure with such care:
     Woman in thousand steps is theft.
     But howsoe'er she hasten may,
     Man in one leap has cleared the way.",Faust
450,"Aloft we'd fain ourselves betake.
We've washed, and are bright as ever you will,
Yet we're eternally sterile still.",Faust
451,"     The wind is hushed, the star shoots by.
     The dreary moon forsakes the sky;
     The magic notes, like spark on spark,
     Drizzle, whistling through the dark.",Faust
452,"Take me, too! take me, too!
I'm climbing now three hundred years,
And yet the summit cannot see:
Among my equals I would be.",Faust
453,"     Bears the broom and bears the stock,
     Bears the fork and bears the buck:
     Who cannot raise himself to-night
     Is evermore a ruined wight.",Faust
454,"So long I stumble, ill bestead,
And the others are now so far ahead!
At home I've neither rest nor cheer,
And yet I cannot gain them here.",Faust
455,"     To cheer the witch will salve avail;
     A rag will answer for a sail;
     Each trough a goodly ship supplies;
     He ne'er will fly, who now not flies.",Faust
456,"     When round the summit whirls our flight,
     Then lower, and on the ground alight;
     And far and wide the heather press
     With witchhood's swarms of wantonness!",Faust
457,"They crowd and push, they roar and clatter!
They whirl and whistle, pull and chatter!
They shine, and spirt, and stink, and burn!
The true witch-element we learn.
Keep close! or we are parted, in our turn,
Where art thou?",Faust
458,"What! whirled so far astray?
Then house-right I must use, and clear the way.
Make room! Squire Voland comes! Room, gentle rabble,
room!",Faust
459,"Here, Doctor, hold to me: in one jump we'll resume
An easier space, and from the crowd be free:
It's too much, even for the like of me.
Yonder, with special light, there's something shining clearer
Within those bushes; I've a mind to see.
Come on! we'll slip a little nearer.",Faust
460,"Spirit of Contradiction! On! I'll follow straight.
'Tis planned most wisely, if I judge aright:
We climb the Brocken's top in the Walpurgis-Night,
That arbitrarily, here, ourselves we isolate.",Faust
461,"But see, what motley flames among the heather!
There is a lively club together:
In smaller circles one is not alone.",Faust
462,"Better the summit, I must own:
There fire and whirling smoke I see.
They seek the Evil One in wild confusion:
Many enigmas there might find solution.",Faust
463,"But there enigmas also knotted be.
Leave to the multitude their riot!
Here will we house ourselves in quiet.
It is an old, transmitted trade,
That in the greater world the little worlds are made.
I see stark-nude young witches congregate,
And old ones, veiled and hidden shrewdly:
On my account be kind, nor treat them rudely!
The trouble's small, the fun is great.
I hear the noise of instruments attuning,--
Vile din! yet one must learn to bear the crooning.
Come, come along! It _must_ be, I declare!
I'll go ahead and introduce thee there,
Thine obligation newly earning.
That is no little space: what say'st thou, friend?
Look yonder! thou canst scarcely see the end:
A hundred fires along the ranks are burning.
They dance, they chat, they cook, they drink, they court:
Now where, just tell me, is there better sport?",Faust
464,"I'm mostly used, 'tis true, to go incognito,
But on a gala-day one may his orders show.
The Garter does not deck my suit,
But honored and at home is here the cloven foot.
Perceiv'st thou yonder snail? It cometh, slow and steady;
So delicately its feelers pry,
That it hath scented me already:
I cannot here disguise me, if I try.
But come! we'll go from this fire to a newer:
I am the go-between, and thou the wooer.",Faust
465,"Old gentlemen, why at the outskirts? Enter!
I'd praise you if I found you snugly in the centre,
With youth and revel round you like a zone:
You each, at home, are quite enough alone.",Faust
466,"Say, who would put his trust in nations,
Howe'er for them one may have worked and planned?
For with the people, as with women,
Youth always has the upper hand.",Faust
467,"They're now too far from what is just and sage.
I praise the old ones, not unduly:
When we were all-in-all, then, truly,
_Then_ was the real golden age.",Faust
468,"We also were not stupid, either,
And what we should not, often did;
But now all things have from their bases slid,
Just as we meant to hold them fast together.",Faust
469,"Who, now, a work of moderate sense will read?
Such works are held as antiquate and mossy;
And as regards the younger folk, indeed,
They never yet have been so pert and saucy.",Faust
470,"I feel that men are ripe for Judgment-Day,
Now for the last time I've the witches'-hill ascended:
Since to the lees _my_ cask is drained away,
The world's, as well, must soon be ended.",Faust
471,"Ye gentlemen, don't pass me thus!
Let not the chance neglected be!
Behold my wares attentively:
The stock is rare and various.
And yet, there's nothing I've collected--
No shop, on earth, like this you'll find!--
Which has not, once, sore hurt inflicted
Upon the world, and on mankind.
No dagger's here, that set not blood to flowing;
No cup, that hath not once, within a healthy frame
Poured speedy death, in poison glowing:
No gems, that have not brought a maid to shame;
No sword, but severed ties for the unwary,
Or from behind struck down the adversary.",Faust
472,"Gossip! the times thou badly comprehendest:
What's done has happed--what haps, is done!
'Twere better if for novelties thou sendest:
By such alone can we be won.",Faust
473,"Adam's first wife is she.
Beware the lure within her lovely tresses,
The splendid sole adornment of her hair!
When she succeeds therewith a youth to snare,
Not soon again she frees him from her jesses.",Faust
474,"     A lovely dream once came to me;
     I then beheld an apple-tree,
     And there two fairest apples shone:
     They lured me so, I climbed thereon.",Faust
475,"     Apples have been desired by you,
     Since first in Paradise they grew;
     And I am moved with joy, to know
     That such within my garden grow.",Faust
476,"     A dissolute dream once came to me:
     Therein I saw a cloven tree,
     Which had a-----------------;
     Yet,-----as 'twas, I fancied it.",Faust
477,"     I offer here my best salute
     Unto the knight with cloven foot!
     Let him a-----------prepare,
     If him------------------does not scare.",Faust
478,"Accurséd folk! How dare you venture thus?
Had you not, long since, demonstration
That ghosts can't stand on ordinary foundation?
And now you even dance, like one of us!",Faust
479,"O, everywhere on him you fall!
When others dance, he weighs the matter:
If he can't every step bechatter,
Then 'tis the same as were the step not made;
But if you forwards go, his ire is most displayed.
If you would whirl in regular gyration
As he does in his dull old mill,
He'd show, at any rate, good-will,--
Especially if you heard and heeded his hortation.",Faust
480,"You still are here? Nay, 'tis a thing unheard!
Vanish, at once! We've said the enlightening word.
The pack of devils by no rules is daunted:
We are so wise, and yet is Tegel haunted.
To clear the folly out, how have I swept and stirred!
Twill ne'er be clean: why, 'tis a thing unheard!",Faust
481,"I tell you, spirits, to your face,
I give to spirit-despotism no place;
My spirit cannot practise it at all.",Faust
482,"Naught will succeed, I see, amid such revels;
Yet something from a tour I always save,
And hope, before my last step to the grave,
To overcome the poets and the devils.",Faust
483,"He now will seat him in the nearest puddle;
The solace this, whereof he's most assured:
And when upon his rump the leeches hang and fuddle,
He'll be of spirits and of Spirit cured.",Faust
484,"That's nothing! One must not so squeamish be;
So the mouse was not gray, enough for thee.
Who'd think of that in love's selected season?",Faust
485,"Mephisto, seest thou there,
Alone and far, a girl most pale and fair?
She falters on, her way scarce knowing,
As if with fettered feet that stay her going.
I must confess, it seems to me
As if my kindly Margaret were she.",Faust
486,"Let the thing be! All thence have evil drawn:
It is a magic shape, a lifeless eidolon.
Such to encounter is not good:
Their blank, set stare benumbs the human blood,
And one is almost turned to stone.
Medusa's tale to thee is known.",Faust
487,"Forsooth, the eyes they are of one whom, dying,
No hand with loving pressure closed;
That is the breast whereon I once was lying,--
The body sweet, beside which I reposed!",Faust
488,"The woe, the rapture, so ensnare me,
That from her gaze I cannot tear me!
And, strange! around her fairest throat
A single scarlet band is gleaming,
No broader than a knife-blade seeming!",Faust
489,"Quite right! The mark I also note.
Her head beneath her arm she'll sometimes carry;
Twas Perseus lopped it, her old adversary.
Thou crav'st the same illusion still!
Come, let us mount this little hill;
The Prater shows no livelier stir,
And, if they've not bewitched my sense,
I verily see a theatre.
What's going on?",Faust
490,"SERVIBILIS
                 'Twill shortly recommence:
A new performance--'tis the last of seven.
To give that number is the custom here:
'Twas by a Dilettante written,
And Dilettanti in the parts appear.
That now I vanish, pardon, I entreat you!
As Dilettante I the curtain raise.",Faust
491,"Sons of Mieding, rest to-day!
Needless your machinery:
Misty vale and mountain gray,
That is all the scenery.",Faust
492,"That the wedding golden be.
Must fifty years be rounded:
But _the Golden_ give to me,
When the strife's compounded.",Faust
493,"Spirits, if you're here, be seen--
Show yourselves, delighted!
Fairy king and fairy queen,
They are newly plighted.",Faust
494,"Cometh Puck, and, light of limb,
Whisks and whirls in measure:
Come a hundred after him,
To share with him the pleasure.",Faust
495,"Ariel's song is heavenly-pure,
His tones are sweet and rare ones:
Though ugly faces he allure,
Yet he allures the fair ones.",Faust
496,"Spouses, who would fain agree,
Learn how we were mated!
If your pairs would loving be,
First be separated!",Faust
497,"If her whims the wife control,
And the man berate her,
Take him to the Northern Pole,
And her to the Equator!",Faust
498,"Snout of fly, mosquito-bill,
And kin of all conditions,
Frog in grass, and cricket-trill,--
These are the musicians!",Faust
499,"See the bagpipe on our track!
'Tis the soap-blown bubble:
Hear the _schnecke-schnicke-schnack_
Through his nostrils double!",Faust
500,"Spider's foot and paunch of toad,
And little wings--we know 'em!
A little creature 'twill not be,
But yet, a little poem.",Faust
501,"Little step and lofty leap
Through honey-dew and fragrance:
You'll never mount the airy steep
With all your tripping vagrance.",Faust
502,"Is't but masquerading play?
See I with precision?
Oberon, the beauteous fay,
Meets, to-night, my vision!",Faust
503,"Not a claw, no tail I see!
And yet, beyond a cavil,
Like ""the Gods of Greece,"" must he
Also be a devil.",Faust
504,"I only seize, with sketchy air,
Some outlines of the tourney;
Yet I betimes myself prepare
For my Italian journey.",Faust
505,"My bad luck brings me here, alas!
How roars the orgy louder!
And of the witches in the mass,
But only two wear powder.",Faust
506,"Powder becomes, like petticoat,
A gray and wrinkled noddy;
So I sit naked on my goat,
And show a strapping body.",Faust
507,"We've too much tact and policy
To rate with gibes a scolder;
Yet, young and tender though you be,
I hope to see you moulder.",Faust
508,"Fly-snout and mosquito-bill,
Don't swarm so round the Naked!
Frog in grass and cricket-trill,
Observe the time, and make it!",Faust
509,"Society to one's desire!
Brides only, and the sweetest!
And bachelors of youth and fire.
And prospects the completest!",Faust
510,"And if the Earth don't open now
To swallow up each ranter,
Why, then will I myself, I vow,
Jump into hell instanter!",Faust
511,"Us as little insects see!
With sharpest nippers flitting,
That our Papa Satan we
May honor as is fitting.",Faust
512,"How, in crowds together massed,
They are jesting, shameless!
They will even say, at last,
That their hearts are blameless.",Faust
513,"Among this witches' revelry
His way one gladly loses;
And, truly, it would easier be
Than to command the Muses.",Faust
514,"The proper folks one's talents laud:
Come on, and none shall pass us!
The Blocksberg has a summit broad,
Like Germany's Parnassus.",Faust
515,"Say, who's the stiff and pompous man?
He walks with haughty paces:
He snuffles all he snuffle can:
""He scents the Jesuits' traces.""",Faust
516,"Both clear and muddy streams, for me
Are good to fish and sport in:
And thus the pious man you see
With even devils consorting.",Faust
517,"Yes, for the pious, I suspect,
All instruments are fitting;
And on the Blocksberg they erect
Full many a place of meeting.",Faust
518,"A newer chorus now succeeds!
I hear the distant drumming.
""Don't be disturbed! 'tis, in the reeds,
The bittern's changeless booming.""",Faust
519,"How each his legs in nimble trip
Lifts up, and makes a clearance!
The crooked jump, the heavy skip,
Nor care for the appearance.",Faust
520,"The rabble by such hate are held,
To maim and slay delights them:
As Orpheus' lyre the brutes compelled,
The bagpipe here unites them.",Faust
521,"I'll not be led by any lure
Of doubts or critic-cavils:
The Devil must be something, sure,--
Or how should there be devils?",Faust
522,"This once, the fancy wrought in me
Is really too despotic:
Forsooth, if I am all I see,
I must be idiotic!",Faust
523,"This racking fuss on every hand,
It gives me great vexation;
And, for the first time, here I stand
On insecure foundation.",Faust
524,"With much delight I see the play,
And grant to these their merits,
Since from the devils I also may
Infer the better spirits.",Faust
525,"The flame they follow, on and on,
And think they're near the treasure:
But _Devil_ rhymes with _Doubt_ alone,
So I am here with pleasure.",Faust
526,"Frog in green, and cricket-trill.
Such dilettants!--perdition!
Fly-snout and mosquito-bill,--
Each one's a fine musician!",Faust
527,"_Sans souci_, we call the clan
Of merry creatures so, then;
Go a-foot no more we can,
And on our heads we go, then.",Faust
528,"Once many a bit we sponged, but now,
God help us! that is done with:
Our shoes are all danced out, we trow,
We've but naked soles to run with.",Faust
529,"From the marshes we appear,
Where we originated;
Yet in the ranks, at once, we're here
As glittering gallants rated.",Faust
530,"Darting hither from the sky,
In star and fire light shooting,
Cross-wise now in grass I lie:
Who'll help me to my footing?",Faust
531,"Room! and round about us, room!
Trodden are the grasses:
Spirits also, spirits come,
And they are bulky masses.",Faust
532,"Enter not so stall-fed quite,
Like elephant-calves about one!
And the heaviest weight to-night
Be Puck, himself, the stout one!",Faust
533,"If loving Nature at your back,
Or Mind, the wings uncloses,
Follow up my airy track
To the mount of roses!",Faust
534,"_pianissimo_
Cloud and trailing mist o'erhead
Are now illuminated:
Air in leaves, and wind in reed,
And all is dissipated.",Faust
535,"In misery! In despair! Long wretchedly astray on the face of the earth,
and now imprisoned! That gracious, ill-starred creature shut in a
dungeon as a criminal, and given up to fearful torments! To this has it
come! to this!--Treacherous, contemptible spirit, and thou hast
concealed it from me!--Stand, then,--stand! Roll the devilish eyes
wrathfully in thy head! Stand and defy me with thine intolerable
presence! Imprisoned! In irretrievable misery! Delivered up to evil
spirits, and to condemning, unfeeling Man! And thou hast lulled me,
meanwhile, with the most insipid dissipations, hast concealed from me
her increasing wretchedness, and suffered her to go helplessly to ruin!
[Illustration: _Roll the devilish eyes wrathfully in thy head_]",Faust
536,"Dog! Abominable monster! Transform him, thou Infinite Spirit! transform
the reptile again into his dog-shape? in which it pleased him often at
night to scamper on before me, to roll himself at the feet of the
unsuspecting wanderer, and hang upon his shoulders when he fell!
Transform him again into his favorite likeness, that he may crawl upon
his belly in the dust before me,--that I may trample him, the outlawed,
under foot! Not the first! O woe! woe which no human soul can grasp,
that more than one being should sink into the depths of this
misery,--that the first, in its writhing death-agony under the eyes of
the Eternal Forgiver, did not expiate the guilt of all others! The
misery of this single one pierces to the very marrow of my life; and
thou art calmly grinning at the fate of thousands!",Faust
537,"Now we are already again at the end of our wits, where the understanding
of you men runs wild. Why didst thou enter into fellowship with us, if
thou canst not carry it out? Wilt fly, and art not secure against
dizziness? Did we thrust ourselves upon thee, or thou thyself upon us?",Faust
538,"Gnash not thus thy devouring teeth at me? It fills me with horrible
disgust. Mighty, glorious Spirit, who hast vouchsafed to me Thine
apparition, who knowest my heart and my soul, why fetter me to the
felon-comrade, who feeds on mischief and gluts himself with ruin?",Faust
539,"I cannot loosen the bonds of the Avenger, nor undo his bolts. Rescue
her? Who was it that plunged her into ruin? I, or thou?",Faust
540,"Wilt thou grasp the thunder? Well that it has not been given to you,
miserable mortals! To crush to pieces the innocent respondent--that is
the tyrant-fashion of relieving one's self in embarrassments.",Faust
541,"And the danger to which thou wilt expose thyself? Know that the guilt of
blood, from thy hand, still lies upon the town! Avenging spirits hover
over the spot where the victim fell, and lie in wait for the returning
murderer.",Faust
542,"That, too, from thee? Murder and death of a world upon thee, monster!
Take me thither, I say, and liberate her!",Faust
543,"I will convey thee there; and hear, what I can do! Have I all the power
in Heaven and on Earth? I will becloud the jailer's senses: get
possession of the key, and lead her forth with human hand! I will keep
watch: the magic steeds are ready, I will carry you off. So much is in
my power.",Faust
544,"A shudder, long unfelt, comes o'er me;
Mankind's collected woe o'erwhelms me, here.
She dwells within the dark, damp walls before me,
And all her crime was a delusion dear!
What! I delay to free her?
I dread, once again to see her?
On! my shrinking but lingers Death more near.",Faust
545,"     _My mother, the harlot,
     Who put me to death;
     My father, the varlet,
     Who eaten me hath!
     Little sister, so good,
     Laid my bones in the wood,
     In the damp moss and clay:_
     _Then was I a beautiful bird o' the wood;
     Fly away! Fly away_!",Faust
546,"FAUST
Thy cries will wake the guards, and they will seize thee!
(_He takes hold of the fetters to unlock them_.)",Faust
547,"Who, headsman! unto thee such power
Over me could give?
Thou'rt come for me at midnight-hour:
Have mercy on me, let me live!
Is't not soon enough when morning chime has run?",Faust
548,"And I am yet so young, so young!
And now Death comes, and ruin!
I, too, was fair, and that was my undoing.
My love was near, but now he's far;
Torn lies the wreath, scattered the blossoms are.
Seize me not thus so violently!
Spare me! What have I done to thee?
Let me not vainly entreat thee!
I never chanced, in all my days, to meet thee!",Faust
549,"Now am I wholly in thy might.
But let me suckle, first, my baby!
I blissed it all this livelong night;
They took 't away, to vex me, maybe,
And now they say I killed the child outright.
And never shall I be glad again.
They sing songs about me! 'tis bad of the folk to do it!
There's an old story has the same refrain;
Who bade them so construe it?",Faust
550,"O let us kneel, and call the Saints to hide us!
Under the steps beside us,
The threshold under,
Hell heaves in thunder!
The Evil One
With terrible wrath
Seeketh a path
His prey to discover!",Faust
551,"Where is he? I heard him call me.
I am free! No one shall enthrall me.
To his neck will I fly,
On his bosom lie!
On the threshold he stood, and _Margaret_! calling,
Midst of Hell's howling and noises appalling,
Midst of the wrathful, infernal derision,
I knew the sweet sound of the voice of the vision!",Faust
552,"'Tis he! 'tis he! Where now is all my pain?
The anguish of the dungeon, and the chain?
'Tis thou! Thou comest to save me,
And I am saved!--
Again the street I see
Where first I looked on thee;
And the garden, brightly blooming,
Where I and Martha wait thy coming.",Faust
553,"Kiss me!--canst no longer do it?
My friend, so short a time thou'rt missing,
And hast unlearned thy kissing?
Why is my heart so anxious, on thy breast?
Where once a heaven thy glances did create me,
A heaven thy loving words expressed,
And thou didst kiss, as thou wouldst suffocate me--
Kiss me!
Or I'll kiss thee!",Faust
554,"Ah, woe! thy lips are chill,
And still.
How changed in fashion
Thy passion!
Who has done me this ill?",Faust
555,"Come, follow me! My darling, be more bold:
I'll clasp thee, soon, with warmth a thousand-fold;
But follow now! 'Tis all I beg of thee.",Faust
556,"Thou wilt unloose my chain,
And in thy lap wilt take me once again.
How comes it that thou dost not shrink from me?--
Say, dost thou know, my friend, whom thou mak'st free?",Faust
557,"My mother have I put to death;
I've drowned the baby born to thee.
Was it not given to thee and me?
Thee, too!--'Tis thou! It scarcely true doth seem--
Give me thy hand! 'Tis not a dream!
Thy dear, dear hand!--But, ah, 'tis wet!
Why, wipe it off! Methinks that yet
There's blood thereon.
Ah, God! what hast thou done?
Nay, sheathe thy sword at last!
Do not affray me!",Faust
558,"No, no! Thou must outlive us.
Now I'll tell thee the graves to give us:
Thou must begin to-morrow
The work of sorrow!
The best place give to my mother,
Then close at her side my brother,
And me a little away,
But not too very far, I pray!
And here, on my right breast, my baby lay!
Nobody else will lie beside me!--
Ah, within thine arms to hide me,
That was a sweet and a gracious bliss,
But no more, no more can I attain it!
I would force myself on thee and constrain it,
And it seems thou repellest my kiss:
And yet 'tis thou, so good, so kind to see!",Faust
559,"  If the grave is there,
Death lying in wait, then come!
From here to eternal rest:
No further step--no, no!
Thou goest away! O Henry, if I could go!",Faust
560,"I dare not go: there's no hope any more.
Why should I fly? They'll still my steps waylay!
It is so wretched, forced to beg my living,
And a bad conscience sharper misery giving!
It is so wretched, to be strange, forsaken,
And I'd still be followed and taken!",Faust
561,"Over the bridge,
Into the wood,
To the left, where the plank is placed
In the pool!
Seize it in haste!
'Tis trying to rise,
'Tis struggling still!
Save it! Save it!",Faust
562,"If the mountain we had only passed!
There sits my mother upon a stone,--
I feel an icy shiver!
There sits my mother upon a stone,
And her head is wagging ever.
She beckons, she nods not, her heavy head falls o'er;
She slept so long that she wakes no more.
She slept, while we were caressing:
Ah, those were the days of blessing!",Faust
563,"No--let me go! I'll suffer no force!
Grasp me not so murderously!
I've done, else, all things for the love of thee.",Faust
564,"Day? Yes, the day comes,--the last day breaks for me!
My wedding-day it was to be!
Tell no one thou has been with Margaret!
Woe for my garland! The chances
Are over--'tis all in vain!
We shall meet once again,
But not at the dances!
The crowd is thronging, no word is spoken:
The square below
And the streets overflow:
The death-bell tolls, the wand is broken.
I am seized, and bound, and delivered--
Shoved to the block--they give the sign!
Now over each neck has quivered
The blade that is quivering over mine.
Dumb lies the world like the grave!",Faust
565,"Off! or you're lost ere morn.
Useless talking, delaying and praying!
My horses are neighing:
The morning twilight is near.",Faust
566,"What rises up from the threshold here?
He! he! suffer him not!
What does he want in this holy spot?
He seeks me!",Faust
567,"Thine am I, Father! rescue me!
Ye angels, holy cohorts, guard me,
Camp around, and from evil ward me!
Henry! I shudder to think of thee.",Faust
568,"
*** END OF THE PROJECT GUTENBERG EBOOK FAUST [PART 1]. TRANSLATED INTO ENGLISH IN THE ORIGINAL METRES ***",Faust
569,"To protect the Project Gutenberg™ mission of promoting the free
distribution of electronic works, by using or distributing this work
(or any other work associated in any way with the phrase “Project
Gutenberg”), you agree to comply with all the terms of the Full
Project Gutenberg™ License available with this file or online at
www.gutenberg.org/license.",Faust
570,"1.A. By reading or using any part of this Project Gutenberg™
electronic work, you indicate that you have read, understand, agree to
and accept all the terms of this license and intellectual property
(trademark/copyright) agreement. If you do not agree to abide by all
the terms of this agreement, you must cease using and return or
destroy all copies of Project Gutenberg™ electronic works in your
possession. If you paid a fee for obtaining a copy of or access to a
Project Gutenberg™ electronic work and you do not agree to be bound
by the terms of this agreement, you may obtain a refund from the person
or entity to whom you paid the fee as set forth in paragraph 1.E.8.",Faust
571,"1.B. “Project Gutenberg” is a registered trademark. It may only be
used on or associated in any way with an electronic work by people who
agree to be bound by the terms of this agreement. There are a few
things that you can do with most Project Gutenberg™ electronic works
even without complying with the full terms of this agreement. See
paragraph 1.C below. There are a lot of things you can do with Project
Gutenberg™ electronic works if you follow the terms of this
agreement and help preserve free future access to Project Gutenberg™
electronic works. See paragraph 1.E below.",Faust
572,"1.D. The copyright laws of the place where you are located also govern
what you can do with this work. Copyright laws in most countries are
in a constant state of change. If you are outside the United States,
check the laws of your country in addition to the terms of this
agreement before downloading, copying, displaying, performing,
distributing or creating derivative works based on this work or any
other Project Gutenberg™ work. The Foundation makes no
representations concerning the copyright status of any work in any
country other than the United States.",Faust
573,"1.E.1. The following sentence, with active links to, or other
immediate access to, the full Project Gutenberg™ License must appear
prominently whenever any copy of a Project Gutenberg™ work (any work
on which the phrase “Project Gutenberg” appears, or with which the
phrase “Project Gutenberg” is associated) is accessed, displayed,
performed, viewed, copied or distributed:",Faust
574,"1.E.3. If an individual Project Gutenberg™ electronic work is posted
with the permission of the copyright holder, your use and distribution
must comply with both paragraphs 1.E.1 through 1.E.7 and any
additional terms imposed by the copyright holder. Additional terms
will be linked to the Project Gutenberg™ License for all works
posted with the permission of the copyright holder found at the
beginning of this work.",Faust
575,"1.E.4. Do not unlink or detach or remove the full Project Gutenberg™
License terms from this work, or any files containing a part of this
work or any other work associated with Project Gutenberg™.",Faust
576,"1.E.5. Do not copy, display, perform, distribute or redistribute this
electronic work, or any part of this electronic work, without
prominently displaying the sentence set forth in paragraph 1.E.1 with
active links or immediate access to the full terms of the Project
Gutenberg™ License.",Faust
577,"1.E.6. You may convert to and distribute this work in any binary,
compressed, marked up, nonproprietary or proprietary form, including
any word processing or hypertext form. However, if you provide access
to or distribute copies of a Project Gutenberg™ work in a format
other than “Plain Vanilla ASCII” or other format used in the official
version posted on the official Project Gutenberg™ website
(www.gutenberg.org), you must, at no additional cost, fee or expense
to the user, provide a copy, a means of exporting a copy, or a means
of obtaining a copy upon request, of the work in its original “Plain
Vanilla ASCII” or other form. Any alternate format must include the
full Project Gutenberg™ License as specified in paragraph 1.E.1.",Faust
578,"1.E.7. Do not charge a fee for access to, viewing, displaying,
performing, copying or distributing any Project Gutenberg™ works
unless you comply with paragraph 1.E.8 or 1.E.9.",Faust
579,"1.E.8. You may charge a reasonable fee for copies of or providing
access to or distributing Project Gutenberg™ electronic works
provided that:",Faust
580,"1.E.9. If you wish to charge a fee or distribute a Project
Gutenberg™ electronic work or group of works on different terms than
are set forth in this agreement, you must obtain permission in writing
from the Project Gutenberg Literary Archive Foundation, the manager of
the Project Gutenberg™ trademark. Contact the Foundation as set
forth in Section 3 below.",Faust
581,"1.F.1. Project Gutenberg volunteers and employees expend considerable
effort to identify, do copyright research on, transcribe and proofread
works not protected by U.S. copyright law in creating the Project
Gutenberg™ collection. Despite these efforts, Project Gutenberg™
electronic works, and the medium on which they may be stored, may
contain “Defects,” such as, but not limited to, incomplete, inaccurate
or corrupt data, transcription errors, a copyright or other
intellectual property infringement, a defective or damaged disk or
other medium, a computer virus, or computer codes that damage or
cannot be read by your equipment.",Faust
582,"1.F.2. LIMITED WARRANTY, DISCLAIMER OF DAMAGES - Except for the “Right
of Replacement or Refund” described in paragraph 1.F.3, the Project
Gutenberg Literary Archive Foundation, the owner of the Project
Gutenberg™ trademark, and any other party distributing a Project
Gutenberg™ electronic work under this agreement, disclaim all
liability to you for damages, costs and expenses, including legal
fees. YOU AGREE THAT YOU HAVE NO REMEDIES FOR NEGLIGENCE, STRICT
LIABILITY, BREACH OF WARRANTY OR BREACH OF CONTRACT EXCEPT THOSE
PROVIDED IN PARAGRAPH 1.F.3. YOU AGREE THAT THE FOUNDATION, THE
TRADEMARK OWNER, AND ANY DISTRIBUTOR UNDER THIS AGREEMENT WILL NOT BE
LIABLE TO YOU FOR ACTUAL, DIRECT, INDIRECT, CONSEQUENTIAL, PUNITIVE OR
INCIDENTAL DAMAGES EVEN IF YOU GIVE NOTICE OF THE POSSIBILITY OF SUCH
DAMAGE.",Faust
583,"1.F.3. LIMITED RIGHT OF REPLACEMENT OR REFUND - If you discover a
defect in this electronic work within 90 days of receiving it, you can
receive a refund of the money (if any) you paid for it by sending a
written explanation to the person you received the work from. If you
received the work on a physical medium, you must return the medium
with your written explanation. The person or entity that provided you
with the defective work may elect to provide a replacement copy in
lieu of a refund. If you received the work electronically, the person
or entity providing it to you may choose to give you a second
opportunity to receive the work electronically in lieu of a refund. If
the second copy is also defective, you may demand a refund in writing
without further opportunities to fix the problem.",Faust
584,"1.F.4. Except for the limited right of replacement or refund set forth
in paragraph 1.F.3, this work is provided to you ‘AS-IS’, WITH NO
OTHER WARRANTIES OF ANY KIND, EXPRESS OR IMPLIED, INCLUDING BUT NOT
LIMITED TO WARRANTIES OF MERCHANTABILITY OR FITNESS FOR ANY PURPOSE.",Faust
585,"1.F.5. Some states do not allow disclaimers of certain implied
warranties or the exclusion or limitation of certain types of
damages. If any disclaimer or limitation set forth in this agreement
violates the law of the state applicable to this agreement, the
agreement shall be interpreted to make the maximum disclaimer or
limitation permitted by the applicable state law. The invalidity or
unenforceability of any provision of this agreement shall not void the
remaining provisions.",Faust
586,"1.F.6. INDEMNITY - You agree to indemnify and hold the Foundation, the
trademark owner, any agent or employee of the Foundation, anyone
providing copies of Project Gutenberg™ electronic works in
accordance with this agreement, and any volunteers associated with the
production, promotion and distribution of Project Gutenberg™
electronic works, harmless from all liability, costs and expenses,
including legal fees, that arise directly or indirectly from any of
the following which you do or cause to occur: (a) distribution of this
or any Project Gutenberg™ work, (b) alteration, modification, or
additions or deletions to any Project Gutenberg™ work, and (c) any
Defect you cause.",Faust
587,"Project Gutenberg™ is synonymous with the free distribution of
electronic works in formats readable by the widest variety of
computers including obsolete, old, middle-aged and new computers. It
exists because of the efforts of hundreds of volunteers and donations
from people in all walks of life.",Faust
588,"Volunteers and financial support to provide volunteers with the
assistance they need are critical to reaching Project Gutenberg™’s
goals and ensuring that the Project Gutenberg™ collection will
remain freely available for generations to come. In 2001, the Project
Gutenberg Literary Archive Foundation was created to provide a secure
and permanent future for Project Gutenberg™ and future
generations. To learn more about the Project Gutenberg Literary
Archive Foundation and how your efforts and donations can help, see
Sections 3 and 4 and the Foundation information page at www.gutenberg.org.",Faust
589,"The Project Gutenberg Literary Archive Foundation is a non-profit
501(c)(3) educational corporation organized under the laws of the
state of Mississippi and granted tax exempt status by the Internal
Revenue Service. The Foundation’s EIN or federal tax identification
number is 64-6221541. Contributions to the Project Gutenberg Literary
Archive Foundation are tax deductible to the full extent permitted by
U.S. federal laws and your state’s laws.",Faust
590,"The Foundation’s business office is located at 809 North 1500 West,
Salt Lake City, UT 84116, (801) 596-1887. Email contact links and up
to date contact information can be found at the Foundation’s website
and official page at www.gutenberg.org/contact",Faust
591,"Project Gutenberg™ depends upon and cannot survive without widespread
public support and donations to carry out its mission of
increasing the number of public domain and licensed works that can be
freely distributed in machine-readable form accessible by the widest
array of equipment including outdated equipment. Many small donations
($1 to $5,000) are particularly important to maintaining tax exempt
status with the IRS.",Faust
592,"The Foundation is committed to complying with the laws regulating
charities and charitable donations in all 50 states of the United
States. Compliance requirements are not uniform and it takes a
considerable effort, much paperwork and many fees to meet and keep up
with these requirements. We do not solicit donations in locations
where we have not received written confirmation of compliance. To SEND
DONATIONS or determine the status of compliance for any particular state
visit www.gutenberg.org/donate.",Faust
593,"While we cannot and do not solicit contributions from states where we
have not met the solicitation requirements, we know of no prohibition
against accepting unsolicited donations from donors in such states who
approach us with offers to donate.",Faust
594,"International donations are gratefully accepted, but we cannot make
any statements concerning tax treatment of donations received from
outside the United States. U.S. laws alone swamp our small staff.",Faust
595,"Please check the Project Gutenberg web pages for current donation
methods and addresses. Donations are accepted in a number of other
ways including checks, online payments and credit card donations. To
donate, please visit: www.gutenberg.org/donate.",Faust
596,"Professor Michael S. Hart was the originator of the Project
Gutenberg™ concept of a library of electronic works that could be
freely shared with anyone. For forty years, he produced and
distributed Project Gutenberg™ eBooks with only a loose network of
volunteer support.",Faust
597,"Project Gutenberg™ eBooks are often created from several printed
editions, all of which are confirmed as not protected by copyright in
the U.S. unless a copyright notice is included. Thus, we do not
necessarily keep eBooks in compliance with any particular paper
edition.",Faust
598,"This website includes information about Project Gutenberg™,
including how to make donations to the Project Gutenberg Literary
Archive Foundation, how to help produce our new eBooks, and how to
subscribe to our email newsletter to hear about new eBooks.",Faust
599,"
Scepticism is as much the result of knowledge, as knowledge is of
scepticism. To be content with what we at present know, is, for the
most part, to shut our ears against conviction; since, from the very
gradual character of our education, we must continually forget, and
emancipate ourselves from, knowledge previously acquired; we must set
aside old notions and embrace fresh ones; and, as we learn, we must be
daily unlearning something which it has cost us no small labour and
anxiety to acquire.",Ilias
600,"It has been an easy, and a popular expedient, of late years, to deny
the personal or real existence of men and things whose life and
condition were too much for our belief. This system—which has often
comforted the religious sceptic, and substituted the consolations of
Strauss for those of the New Testament—has been of incalculable value
to the historical theorists of the last and present centuries. To
question the existence of Alexander the Great, would be a more
excusable act, than to believe in that of Romulus. To deny a fact
related in Herodotus, because it is inconsistent with a theory
developed from an Assyrian inscription which no two scholars read in
the same way, is more pardonable, than to believe in the good-natured
old king whom the elegant pen of Florian has idealized—_Numa
Pompilius._",Ilias
601,"Scepticism has attained its culminating point with respect to Homer,
and the state of our Homeric knowledge may be described as a free
permission to believe any theory, provided we throw overboard all
written tradition, concerning the author or authors of the Iliad and
Odyssey. What few authorities exist on the subject, are summarily
dismissed, although the arguments appear to run in a circle. “This
cannot be true, because it is not true; and, that is not true, because
it cannot be true.” Such seems to be the style, in which testimony upon
testimony, statement upon statement, is consigned to denial and
oblivion.",Ilias
602,"It is, however, unfortunate that the professed biographies of Homer are
partly forgeries, partly freaks of ingenuity and imagination, in which
truth is the requisite most wanting. Before taking a brief review of
the Homeric theory in its present conditions, some notice must be taken
of the treatise on the Life of Homer which has been attributed to
Herodotus.",Ilias
603,"According to this document, the city of Cumæ in Æolia, was, at an
early period, the seat of frequent immigrations from various parts of
Greece. Among the immigrants was Menapolus, the son of Ithagenes.
Although poor, he married, and the result of the union was a girl named
Critheïs. The girl was left an orphan at an early age, under the
guardianship of Cleanax, of Argos. It is to the indiscretion of this
maiden that we “are indebted for so much happiness.” Homer was the
first fruit of her juvenile frailty, and received the name of
Melesigenes, from having been born near the river Meles, in Bœotia,
whither Critheïs had been transported in order to save her reputation.",Ilias
604,"“At this time,” continues our narrative, “there lived at Smyrna a man
named Phemius, a teacher of literature and music, who, not being
married, engaged Critheïs to manage his household, and spin the flax he
received as the price of his scholastic labours. So satisfactory was
her performance of this task, and so modest her conduct, that he made
proposals of marriage, declaring himself, as a further inducement,
willing to adopt her son, who, he asserted, would become a clever man,
if he were carefully brought up.”",Ilias
605,"But poverty soon drove him to Cumæ. Having passed over the Hermæan
plain, he arrived at Neon Teichos, the New Wall, a colony of Cumæ.
Here his misfortunes and poetical talent gained him the friendship of
one Tychias, an armourer. “And up to my time,” continued the author,
“the inhabitants showed the place where he used to sit when giving a
recitation of his verses, and they greatly honoured the spot. Here also
a poplar grew, which they said had sprung up ever since Melesigenes
arrived”.[4]",Ilias
606,"But poverty still drove him on, and he went by way of Larissa, as being
the most convenient road. Here, the Cumans say, he composed an epitaph
on Gordius, king of Phrygia, which has however, and with greater
probability, been attributed to Cleobulus of Lindus.[5]",Ilias
607,"Arrived at Cumæ, he frequented the _converzationes_[6] of the old men,
and delighted all by the charms of his poetry. Encouraged by this
favourable reception, he declared that, if they would allow him a
public maintenance, he would render their city most gloriously
renowned. They avowed their willingness to support him in the measure
he proposed, and procured him an audience in the council. Having made
the speech, with the purport of which our author has forgotten to
acquaint us, he retired, and left them to debate respecting the answer
to be given to his proposal.",Ilias
608,"The greater part of the assembly seemed favourable to the poet’s
demand, but one man observed that “if they were to feed _Homers_, they
would be encumbered with a multitude of useless people.” “From this
circumstance,” says the writer, “Melesigenes acquired the name of
Homer, for the Cumans call blind men _Homers_.”[7] With a love of
economy, which shows how similar the world has always been in its
treatment of literary men, the pension was denied, and the poet vented
his disappointment in a wish that Cumæa might never produce a poet
capable of giving it renown and glory.",Ilias
609,"At Phocœa, Homer was destined to experience another literary distress.
One Thestorides, who aimed at the reputation of poetical genius, kept
Homer in his own house, and allowed him a pittance, on condition of the
verses of the poet passing in his name. Having collected sufficient
poetry to be profitable, Thestorides, like some would-be-literary
publishers, neglected the man whose brains he had sucked, and left him.
At his departure, Homer is said to have observed: “O Thestorides, of
the many things hidden from the knowledge of man, nothing is more
unintelligible than the human heart.”[8]",Ilias
610,"Homer continued his career of difficulty and distress, until some Chian
merchants, struck by the similarity of the verses they heard him
recite, acquainted him with the fact that Thestorides was pursuing a
profitable livelihood by the recital of the very same poems. This at
once determined him to set out for Chios. No vessel happened then to be
setting sail thither, but he found one ready to start for Erythræ, a
town of Ionia, which faces that island, and he prevailed upon the
seamen to allow him to accompany them. Having embarked, he invoked a
favourable wind, and prayed that he might be able to expose the
imposture of Thestorides, who, by his breach of hospitality, had drawn
down the wrath of Jove the Hospitable.",Ilias
611,"At Erythræ, Homer fortunately met with a person who had known him in
Phocœa, by whose assistance he at length, after some difficulty,
reached the little hamlet of Pithys. Here he met with an adventure,
which we will continue in the words of our author. “Having set out from
Pithys, Homer went on, attracted by the cries of some goats that were
pasturing. The dogs barked on his approach, and he cried out. Glaucus
(for that was the name of the goat-herd) heard his voice, ran up
quickly, called off his dogs, and drove them away from Homer. For some
time he stood wondering how a blind man should have reached such a
place alone, and what could be his design in coming. He then went up to
him, and inquired who he was, and how he had come to desolate places
and untrodden spots, and of what he stood in need. Homer, by recounting
to him the whole history of his misfortunes, moved him with compassion;
and he took him, and led him to his cot, and having lit a fire, bade
him sup.[9]",Ilias
612,"“The dogs, instead of eating, kept barking at the stranger, according
to their usual habit. Whereupon Homer addressed Glaucus thus: O
Glaucus, my friend, prythee attend to my behest. First give the dogs
their supper at the doors of the hut: for so it is better, since,
whilst they watch, nor thief nor wild beast will approach the fold.",Ilias
613,"Glaucus was pleased with the advice, and marvelled at its author.
Having finished supper, they banqueted[10] afresh on conversation,
Homer narrating his wanderings, and telling of the cities he had
visited.",Ilias
614,"At length they retired to rest; but on the following morning, Glaucus
resolved to go to his master, and acquaint him with his meeting with
Homer. Having left the goats in charge of a fellow-servant, he left
Homer at home, promising to return quickly. Having arrived at Bolissus,
a place near the farm, and finding his mate, he told him the whole
story respecting Homer and his journey. He paid little attention to
what he said, and blamed Glaucus for his stupidity in taking in and
feeding maimed and enfeebled persons. However, he bade him bring the
stranger to him.",Ilias
615,"Glaucus told Homer what had taken place, and bade him follow him,
assuring him that good fortune would be the result. Conversation soon
showed that the stranger was a man of much cleverness and general
knowledge, and the Chian persuaded him to remain, and to undertake the
charge of his children.[11]",Ilias
616,"Besides the satisfaction of driving the impostor Thestorides from the
island, Homer enjoyed considerable success as a teacher. In the town of
Chios he established a school where he taught the precepts of poetry.
“To this day,” says Chandler,[12] “the most curious remaining is that
which has been named, without reason, the School of Homer. It is on the
coast, at some distance from the city, northward, and appears to have
been an open temple of Cybele, formed on the top of a rock. The shape
is oval, and in the centre is the image of the goddess, the head and an
arm wanting. She is represented, as usual, sitting. The chair has a
lion carved on each side, and on the back. The area is bounded by a low
rim, or seat, and about five yards over. The whole is hewn out of the
mountain, is rude, indistinct, and probably of the most remote
antiquity.”",Ilias
617,"So successful was this school, that Homer realised a considerable
fortune. He married, and had two daughters, one of whom died single,
the other married a Chian.",Ilias
618,"The following passage betrays the same tendency to connect the
personages of the poems with the history of the poet, which has already
been mentioned:—",Ilias
619,"“In his poetical compositions Homer displays great gratitude towards
Mentor of Ithaca, in the Odyssey, whose name he has inserted in his
poem as the companion of Ulysses,[13] in return for the care taken of
him when afflicted with blindness. He also testifies his gratitude to
Phemius, who had given him both sustenance and instruction.”",Ilias
620,"His celebrity continued to increase, and many persons advised him to
visit Greece, whither his reputation had now extended. Having, it is
said, made some additions to his poems calculated to please the vanity
of the Athenians, of whose city he had hitherto made no mention,[14] he
sent out for Samos. Here being recognized by a Samian, who had met with
him in Chios, he was handsomely received, and invited to join in
celebrating the Apaturian festival. He recited some verses, which gave
great satisfaction, and by singing the Eiresione at the New Moon
festivals, he earned a subsistence, visiting the houses of the rich,
with whose children he was very popular.",Ilias
621,"In the spring he sailed for Athens, and arrived at the island of Ios,
now Ino, where he fell extremely ill, and died. It is said that his
death arose from vexation, at not having been able to unravel an enigma
proposed by some fishermen’s children.[15]",Ilias
622,"Such is, in brief, the substance of the earliest life of Homer we
possess, and so broad are the evidences of its historical
worthlessness, that it is scarcely necessary to point them out in
detail. Let us now consider some of the opinions to which a
persevering, patient, and learned—but by no means consistent—series of
investigations has led. In doing so, I profess to bring forward
statements, not to vouch for their reasonableness or probability.",Ilias
623,"“Homer appeared. The history of this poet and his works is lost in
doubtful obscurity, as is the history of many of the first minds who
have done honour to humanity, because they rose amidst darkness. The
majestic stream of his song, blessing and fertilizing, flows like the
Nile, through many lands and nations; and, like the sources of the
Nile, its fountains will ever remain concealed.”",Ilias
624,"Such are the words in which one of the most judicious German critics
has eloquently described the uncertainty in which the whole of the
Homeric question is involved. With no less truth and feeling he
proceeds:—",Ilias
625,"“It seems here of chief importance to expect no more than the nature of
things makes possible. If the period of tradition in history is the
region of twilight, we should not expect in it perfect light. The
creations of genius always seem like miracles, because they are, for
the most part, created far out of the reach of observation. If we were
in possession of all the historical testimonies, we never could wholly
explain the origin of the Iliad and the Odyssey; for their origin, in
all essential points, must have remained the secret of the poet.”[16]",Ilias
626,"From this criticism, which shows as much insight into the depths of
human nature as into the minute wire-drawings of scholastic
investigation, let us pass on to the main question at issue. Was Homer
an individual?[17] or were the Iliad and Odyssey the result of an
ingenious arrangement of fragments by earlier poets?",Ilias
627,"Well has Landor remarked: “Some tell us there were twenty Homers; some
deny that there was ever one. It were idle and foolish to shake the
contents of a vase, in order to let them settle at last. We are
perpetually labouring to destroy our delights, our composure, our
devotion to superior power. Of all the animals on earth we least know
what is good for us. My opinion is, that what is best for us is our
admiration of good. No man living venerates Homer more than I do.”[18]",Ilias
628,"But, greatly as we admire the generous enthusiasm which rests contented
with the poetry on which its best impulses had been nurtured and
fostered, without seeking to destroy the vividness of first impressions
by minute analysis—our editorial office compels us to give some
attention to the doubts and difficulties with which the Homeric
question is beset, and to entreat our reader, for a brief period, to
prefer his judgment to his imagination, and to condescend to dry
details.",Ilias
629,"Before, however, entering into particulars respecting the question of
this unity of the Homeric poems, (at least of the Iliad,) I must
express my sympathy with the sentiments expressed in the following
remarks:—",Ilias
630,"“We cannot but think the universal admiration of its unity by the
better, the poetic age of Greece, almost conclusive testimony to its
original composition. It was not till the age of the grammarians that
its primitive integrity was called in question; nor is it injustice to
assert, that the minute and analytical spirit of a grammarian is not
the best qualification for the profound feeling, the comprehensive
conception of an harmonious whole. The most exquisite anatomist may be
no judge of the symmetry of the human frame: and we would take the
opinion of Chantrey or Westmacott on the proportions and general beauty
of a form, rather than that of Mr. Brodie or Sir Astley Cooper.",Ilias
631,"“‘The critic eye—that microscope of wit
Sees hairs and pores, examines bit by bit,
How parts relate to parts, or they to whole,
The body’s harmony, the beaming soul,
Are things which Kuster, Burmann, Wasse, shall see,
When man’s whole frame is obvious to a flea.’”[19]",Ilias
632,"
Long was the time which elapsed before any one dreamt of questioning
the unity of the authorship of the Homeric poems. The grave and
cautious Thucydides quoted without hesitation the Hymn to Apollo,[20]
the authenticity of which has been already disclaimed by modern
critics. Longinus, in an oft quoted passage, merely expressed an
opinion touching the comparative inferiority of the Odyssey to the
Iliad,[21] and, among a mass of ancient authors, whose very names[22]
it would be tedious to detail, no suspicion of the personal
non-existence of Homer ever arose. So far, the voice of antiquity seems
to be in favour of our early ideas on the subject; let us now see what
are the discoveries to which more modern investigations lay claim.",Ilias
633,"At the end of the seventeenth century, doubts had begun to awaken on
the subject, and we find Bentley remarking that “Homer wrote a sequel
of songs and rhapsodies, to be sung by himself, for small comings and
good cheer, at festivals and other days of merriment. These loose songs
were not collected together, in the form of an epic poem, till about
Peisistratus’ time, about five hundred years after.”[23]",Ilias
634,"Two French writers—Hedelin and Perrault—avowed a similar scepticism on
the subject; but it is in the “Scienza Nuova” of Battista Vico, that we
first meet with the germ of the theory, subsequently defended by Wolf
with so much learning and acuteness. Indeed, it is with the Wolfian
theory that we have chiefly to deal, and with the following bold
hypothesis, which we will detail in the words of Grote:—[24]",Ilias
635,"The loss of the digamma, that _crux_ of critics, that quicksand upon
which even the acumen of Bentley was shipwrecked, seems to prove beyond
a doubt, that the pronunciation of the Greek language had undergone a
considerable change. Now it is certainly difficult to suppose that the
Homeric poems could have suffered by this change, had written copies
been preserved. If Chaucer’s poetry, for instance, had not been
written, it could only have come down to us in a softened form, more
like the effeminate version of Dryden, than the rough, quaint, noble
original.",Ilias
636,"But even Peisistratus has not been suffered to remain in possession of
the credit, and we cannot help feeling the force of the following
observations—",Ilias
637,"Grote, although not very distinct in stating his own opinions on the
subject, has done much to clearly show the incongruity of the Wolfian
theory, and of Lachmann’s modifications with the character of
Peisistratus. But he has also shown, and we think with equal success,
that the two questions relative to the primitive unity of these poems,
or, supposing that impossible, the unison of these parts by
Peisistratus, and not before his time, are essentially distinct. In
short, “a man may believe the Iliad to have been put together out of
pre-existing songs, without recognising the age of Peisistratus as the
period of its first compilation.” The friends or literary _employês_ of
Peisistratus must have found an Iliad that was already ancient, and the
silence of the Alexandrine critics respecting the Peisistratic
“recension,” goes far to prove, that, among the numerous manuscripts
they examined, this was either wanting, or thought unworthy of
attention.",Ilias
638,"On the whole, I am inclined to believe, that the labours of
Peisistratus were wholly of an editorial character, although, I must
confess, that I can lay down nothing respecting the extent of his
labours. At the same time, so far from believing that the composition
or primary arrangement of these poems, in their present form, was the
work of Peisistratus, I am rather persuaded that the fine taste and
elegant mind of that Athenian[31] would lead him to preserve an ancient
and traditional order of the poems, rather than to patch and
re-construct them according to a fanciful hypothesis. I will not repeat
the many discussions respecting whether the poems were written or not,
or whether the art of writing was known in the time of their reputed
author. Suffice it to say, that the more we read, the less satisfied we
are upon either subject.",Ilias
639,"I cannot, however, help thinking, that the story which attributes the
preservation of these poems to Lycurgus, is little else than a version
of the same story as that of Peisistratus, while its historical
probability must be measured by that of many others relating to the
Spartan Confucius.",Ilias
640,"I will conclude this sketch of the Homeric theories, with an attempt,
made by an ingenious friend, to unite them into something like
consistency. It is as follows:—",Ilias
641,"“No doubt the common soldiers of that age had, like the common sailors
of some fifty years ago, some one qualified to ‘discourse in excellent
music’ among them. Many of these, like those of the negroes in the
United States, were extemporaneous, and allusive to events passing
around them. But what was passing around them? The grand events of a
spirit-stirring war; occurrences likely to impress themselves, as the
mystical legends of former times had done, upon their memory; besides
which, a retentive memory was deemed a virtue of the first water, and
was cultivated accordingly in those ancient times. Ballads at first,
and down to the beginning of the war with Troy, were merely
recitations, with an intonation. Then followed a species of recitative,
probably with an intoned burden. Tune next followed, as it aided the
memory considerably.",Ilias
642,"“While employed on the wild legend of Odysseus, he met with a ballad,
recording the quarrel of Achilles and Agamemnon. His noble mind seized
the hint that there presented itself, and the Achilleïs[32] grew under
his hand. Unity of design, however, caused him to publish the poem
under the same pseudonyme as his former work: and the disjointed lays
of the ancient bards were joined together, like those relating to the
Cid, into a chronicle history, named the Iliad. Melesigenes knew that
the poem was destined to be a lasting one, and so it has proved; but,
first, the poems were destined to undergo many vicissitudes and
corruptions, by the people who took to singing them in the streets,
assemblies, and agoras. However, Solôn first, and then Peisistratus,
and afterwards Aristoteles and others, revised the poems, and restored
the works of Melesigenes Homeros to their original integrity in a great
measure.”[33]",Ilias
643,"But it is not on words only that grammarians, mere grammarians, will
exercise their elaborate and often tiresome ingenuity. Binding down an
heroic or dramatic poet to the block upon which they have previously
dissected his words and sentences, they proceed to use the axe and the
pruning knife by wholesale, and inconsistent in everything but their
wish to make out a case of unlawful affiliation, they cut out book
after book, passage after passage, till the author is reduced to a
collection of fragments, or till those, who fancied they possessed the
works of some great man, find that they have been put off with a vile
counterfeit got up at second hand. If we compare the theories of
Knight, Wolf, Lachmann, and others, we shall feel better satisfied of
the utter uncertainty of criticism than of the apocryphal position of
Homer. One rejects what another considers the turning-point of his
theory. One cuts a supposed knot by expunging what another would
explain by omitting something else.",Ilias
644,"While, however, I look upon the belief in Homer as one that has nature
herself for its mainspring; while I can join with old Ennius in
believing in Homer as the ghost, who, like some patron saint, hovers
round the bed of the poet, and even bestows rare gifts from that wealth
of imagination which a host of imitators could not exhaust,—still I am
far from wishing to deny that the author of these great poems found a
rich fund of tradition, a well-stocked mythical storehouse from whence
he might derive both subject and embellishment. But it is one thing to
_use_ existing romances in the embellishment of a poem, another to
patch up the poem itself from such materials. What consistency of style
and execution can be hoped for from such an attempt? or, rather, what
bad taste and tedium will not be the infallible result?",Ilias
645,"Sensible as I am of the difficulty of disproving a negative, and aware
as I must be of the weighty grounds there are for opposing my belief,
it still seems to me that the Homeric question is one that is reserved
for a higher criticism than it has often obtained. We are not by nature
intended to know all things; still less, to compass the powers by which
the greatest blessings of life have been placed at our disposal. Were
faith no virtue, then we might indeed wonder why God willed our
ignorance on any matter. But we are too well taught the contrary
lesson; and it seems as though our faith should be especially tried
touching the men and the events which have wrought most influence upon
the condition of humanity. And there is a kind of sacredness attached
to the memory of the great and the good, which seems to bid us repulse
the scepticism which would allegorize their existence into a pleasing
apologue, and measure the giants of intellect by an homeopathic
dynameter.",Ilias
646,"Long and habitual reading of Homer appears to familiarize our thoughts
even to his incongruities; or rather, if we read in a right spirit and
with a heartfelt appreciation, we are too much dazzled, too deeply
wrapped in admiration of the whole, to dwell upon the minute spots
which mere analysis can discover. In reading an heroic poem we must
transform ourselves into heroes of the time being, we in imagination
must fight over the same battles, woo the same loves, burn with the
same sense of injury, as an Achilles or a Hector. And if we can but
attain this degree of enthusiasm (and less enthusiasm will scarcely
suffice for the reading of Homer), we shall feel that the poems of
Homer are not only the work of one writer, but of the greatest writer
that ever touched the hearts of men by the power of song.",Ilias
647,"And it was this supposed unity of authorship which gave these poems
their powerful influence over the minds of the men of old. Heeren, who
is evidently little disposed in favour of modern theories, finely
observes:—",Ilias
648,"Can we contemplate that ancient monument, on which the “Apotheosis of
Homer”[36] is depictured, and not feel how much of pleasing
association, how much that appeals most forcibly and most distinctly to
our minds, is lost by the admittance of any theory but our old
tradition? The more we read, and the more we think—think as becomes the
readers of Homer,—the more rooted becomes the conviction that the
Father of Poetry gave us this rich inheritance, whole and entire.
Whatever were the means of its preservation, let us rather be thankful
for the treasury of taste and eloquence thus laid open to our use, than
seek to make it a mere centre around which to drive a series of
theories, whose wildness is only equalled by their inconsistency with
each other.",Ilias
649,"As the hymns, and some other poems usually ascribed to Homer, are not
included in Pope’s translation, I will content myself with a brief
account of the Battle of the Frogs and Mice, from the pen of a writer
who has done it full justice[37]:—",Ilias
650,"Having thus given a brief account of the poems comprised in Pope’s
design, I will now proceed to make a few remarks on his translation,
and on my own purpose in the present edition.",Ilias
651,"It would be absurd, therefore, to test Pope’s translation by our own
advancing knowledge of the original text. We must be content to look at
it as a most delightful work in itself,—a work which is as much a part
of English literature as Homer himself is of Greek. We must not be torn
from our kindly associations with the old Iliad, that once was our most
cherished companion, or our most looked-for prize, merely because
Buttmann, Loewe, and Liddell have made us so much more accurate as to
ἀμφικύπελλον being an adjective, and not a substantive. Far be it from
us to defend the faults of Pope, especially when we think of Chapman’s
fine, bold, rough old English;—far be it from us to hold up his
translation as what a translation of Homer _might_ be. But we can still
dismiss Pope’s Iliad to the hands of our readers, with the
consciousness that they must have read a very great number of books
before they have read its fellow.",Ilias
652,"Our author’s work is a wild paradise, where, if we cannot see all the
beauties so distinctly as in an ordered garden, it is only because the
number of them is infinitely greater. It is like a copious nursery,
which contains the seeds and first productions of every kind, out of
which those who followed him have but selected some particular plants,
each according to his fancy, to cultivate and beautify. If some things
are too luxuriant it is owing to the richness of the soil; and if
others are not arrived to perfection or maturity, it is only because
they are overrun and oppressed by those of a stronger nature.",Ilias
653,"It is to the strength of this amazing invention we are to attribute
that unequalled fire and rapture which is so forcible in Homer, that no
man of a true poetical spirit is master of himself while he reads him.
What he writes is of the most animated nature imaginable; every thing
moves, every thing lives, and is put in action. If a council be called,
or a battle fought, you are not coldly informed of what was said or
done as from a third person; the reader is hurried out of himself by
the force of the poet’s imagination, and turns in one place to a
hearer, in another to a spectator. The course of his verses resembles
that of the army he describes,",Ilias
654,"I shall here endeavour to show how this vast invention exerts itself in
a manner superior to that of any poet through all the main constituent
parts of his work: as it is the great and peculiar characteristic which
distinguishes him from all other authors.",Ilias
655,"This strong and ruling faculty was like a powerful star, which, in the
violence of its course, drew all things within its vortex. It seemed
not enough to have taken in the whole circle of arts, and the whole
compass of nature, to supply his maxims and reflections; all the inward
passions and affections of mankind, to furnish his characters: and all
the outward forms and images of things for his descriptions: but
wanting yet an ampler sphere to expatiate in, he opened a new and
boundless walk for his imagination, and created a world for himself in
the invention of fable. That which Aristotle calls “the soul of
poetry,” was first breathed into it by Homer. I shall begin with
considering him in his part, as it is naturally the first; and I speak
of it both as it means the design of a poem, and as it is taken for
fiction.",Ilias
656,"
The marvellous fable includes whatever is supernatural, and especially
the machines of the gods. If Homer was not the first who introduced the
deities (as Herodotus imagines) into the religion of Greece, he seems
the first who brought them into a system of machinery for poetry, and
such a one as makes its greatest importance and dignity: for we find
those authors who have been offended at the literal notion of the gods,
constantly laying their accusation against Homer as the chief support
of it. But whatever cause there might be to blame his machines in a
philosophical or religious view, they are so perfect in the poetic,
that mankind have been ever since contented to follow them: none have
been able to enlarge the sphere of poetry beyond the limits he has set:
every attempt of this nature has proved unsuccessful; and after all the
various changes of times and religions, his gods continue to this day
the gods of poetry.",Ilias
657,"
If, in the next place, we take a view of the sentiments, the same
presiding faculty is eminent in the sublimity and spirit of his
thoughts. Longinus has given his opinion, that it was in this part
Homer principally excelled. What were alone sufficient to prove the
grandeur and excellence of his sentiments in general, is, that they
have so remarkable a parity with those of the Scripture. Duport, in his
Gnomologia Homerica, has collected innumerable instances of this sort.
And it is with justice an excellent modern writer allows, that if
Virgil has not so many thoughts that are low and vulgar, he has not so
many that are sublime and noble; and that the Roman author seldom rises
into very astonishing sentiments where he is not fired by the Iliad.",Ilias
658,"
To throw his language more out of prose, Homer seems to have affected
the compound epithets. This was a sort of composition peculiarly proper
to poetry, not only as it heightened the diction, but as it assisted
and filled the numbers with greater sound and pomp, and likewise
conduced in some measure to thicken the images. On this last
consideration I cannot but attribute these also to the fruitfulness of
his invention, since (as he has managed them) they are a sort of
supernumerary pictures of the persons or things to which they were
joined. We see the motion of Hector’s plumes in the epithet
Κορυθαίολος, the landscape of Mount Neritus in that of Εἰνοσίφυλλος,
and so of others, which particular images could not have been insisted
upon so long as to express them in a description (though but of a
single line) without diverting the reader too much from the principal
action or figure. As a metaphor is a short simile, one of these
epithets is a short description.",Ilias
659,"
But after all, it is with great parts, as with great virtues, they
naturally border on some imperfection; and it is often hard to
distinguish exactly where the virtue ends, or the fault begins. As
prudence may sometimes sink to suspicion, so may a great judgment
decline to coldness; and as magnanimity may run up to profusion or
extravagance, so may a great invention to redundancy or wildness. If we
look upon Homer in this view, we shall perceive the chief objections
against him to proceed from so noble a cause as the excess of this
faculty.",Ilias
660,"
Among these we may reckon some of his marvellous fictions, upon which
so much criticism has been spent, as surpassing all the bounds of
probability. Perhaps it may be with great and superior souls, as with
gigantic bodies, which, exerting themselves with unusual strength,
exceed what is commonly thought the due proportion of parts, to become
miracles in the whole; and, like the old heroes of that make, commit
something near extravagance, amidst a series of glorious and inimitable
performances. Thus Homer has his “speaking horses;” and Virgil his
“myrtles distilling blood;” where the latter has not so much as
contrived the easy intervention of a deity to save the probability.",Ilias
661,"
It is owing to the same vast invention, that his similes have been
thought too exuberant and full of circumstances. The force of this
faculty is seen in nothing more, than in its inability to confine
itself to that single circumstance upon which the comparison is
grounded: it runs out into embellishments of additional images, which,
however, are so managed as not to overpower the main one. His similes
are like pictures, where the principal figure has not only its
proportion given agreeable to the original, but is also set off with
occasional ornaments and prospects. The same will account for his
manner of heaping a number of comparisons together in one breath, when
his fancy suggested to him at once so many various and correspondent
images. The reader will easily extend this observation to more
objections of the same kind.",Ilias
662,"Having now spoken of the beauties and defects of the original, it
remains to treat of the translation, with the same view to the chief
characteristic. As far as that is seen in the main parts of the poem,
such as the fable, manners, and sentiments, no translator can prejudice
it but by wilful omissions or contractions. As it also breaks out in
every particular image, description, and simile, whoever lessens or too
much softens those, takes off from this chief character. It is the
first grand duty of an interpreter to give his author entire and
unmaimed; and for the rest, the diction and versification only are his
proper province, since these must be his own, but the others he is to
take as he finds them.",Ilias
663,"This pure and noble simplicity is nowhere in such perfection as in the
Scripture and our author. One may affirm, with all respect to the
inspired writings, that the Divine Spirit made use of no other words
but what were intelligible and common to men at that time, and in that
part of the world; and, as Homer is the author nearest to those, his
style must of course bear a greater resemblance to the sacred books
than that of any other writer. This consideration (together with what
has been observed of the parity of some of his thoughts) may, methinks,
induce a translator, on the one hand, to give in to several of those
general phrases and manners of expression, which have attained a
veneration even in our language from being used in the Old Testament;
as, on the other, to avoid those which have been appropriated to the
Divinity, and in a manner consigned to mystery and religion.",Ilias
664,"For a further preservation of this air of simplicity, a particular care
should be taken to express with all plainness those moral sentences and
proverbial speeches which are so numerous in this poet. They have
something venerable, and as I may say, oracular, in that unadorned
gravity and shortness with which they are delivered: a grace which
would be utterly lost by endeavouring to give them what we call a more
ingenious (that is, a more modern) turn in the paraphrase.",Ilias
665,"Perhaps the mixture of some Græcisms and old words after the manner of
Milton, if done without too much affectation, might not have an ill
effect in a version of this particular work, which most of any other
seems to require a venerable, antique cast. But certainly the use of
modern terms of war and government, such as “platoon, campaign, junto,”
or the like, (into which some of his translators have fallen) cannot be
allowable; those only excepted without which it is impossible to treat
the subjects in any living language.",Ilias
666,"There are two peculiarities in Homer’s diction, which are a sort of
marks or moles by which every common eye distinguishes him at first
sight; those who are not his greatest admirers look upon them as
defects, and those who are, seemed pleased with them as beauties. I
speak of his compound epithets, and of his repetitions. Many of the
former cannot be done literally into English without destroying the
purity of our language. I believe such should be retained as slide
easily of themselves into an English compound, without violence to the
ear or to the received rules of composition, as well as those which
have received a sanction from the authority of our best poets, and are
become familiar through their use of them; such as “the
cloud-compelling Jove,” &c. As for the rest, whenever any can be as
fully and significantly expressed in a single word as in a compounded
one, the course to be taken is obvious.",Ilias
667,"As for Homer’s repetitions, we may divide them into three sorts: of
whole narrations and speeches, of single sentences, and of one verse or
hemistitch. I hope it is not impossible to have such a regard to these,
as neither to lose so known a mark of the author on the one hand, nor
to offend the reader too much on the other. The repetition is not
ungraceful in those speeches, where the dignity of the speaker renders
it a sort of insolence to alter his words; as in the messages from gods
to men, or from higher powers to inferiors in concerns of state, or
where the ceremonial of religion seems to require it, in the solemn
forms of prayers, oaths, or the like. In other cases, I believe the
best rule is, to be guided by the nearness, or distance, at which the
repetitions are placed in the original: when they follow too close, one
may vary the expression; but it is a question, whether a professed
translator be authorized to omit any: if they be tedious, the author is
to answer for it.",Ilias
668,"It only remains to speak of the versification. Homer (as has been said)
is perpetually applying the sound to the sense, and varying it on every
new subject. This is indeed one of the most exquisite beauties of
poetry, and attainable by very few: I only know of Homer eminent for it
in the Greek, and Virgil in the Latin. I am sensible it is what may
sometimes happen by chance, when a writer is warm, and fully possessed
of his image: however, it may reasonably be believed they designed
this, in whose verse it so manifestly appears in a superior degree to
all others. Few readers have the ear to be judges of it: but those who
have, will see I have endeavoured at this beauty.",Ilias
669,"Hobbes has given us a correct explanation of the sense in general; but
for particulars and circumstances he continually lops them, and often
omits the most beautiful. As for its being esteemed a close
translation, I doubt not many have been led into that error by the
shortness of it, which proceeds not from his following the original
line by line, but from the contractions above mentioned. He sometimes
omits whole similes and sentences; and is now and then guilty of
mistakes, into which no writer of his learning could have fallen, but
through carelessness. His poetry, as well as Ogilby’s, is too mean for
criticism.",Ilias
670,"It is a great loss to the poetical world that Mr. Dryden did not live
to translate the Iliad. He has left us only the first book, and a small
part of the sixth; in which if he has in some places not truly
interpreted the sense, or preserved the antiquities, it ought to be
excused on account of the haste he was obliged to write in. He seems to
have had too much regard to Chapman, whose words he sometimes copies,
and has unhappily followed him in passages where he wanders from the
original. However, had he translated the whole work, I would no more
have attempted Homer after him than Virgil: his version of whom
(notwithstanding some human errors) is the most noble and spirited
translation I know in any language. But the fate of great geniuses is
like that of great ministers: though they are confessedly the first in
the commonwealth of letters, they must be envied and calumniated only
for being at the head of it.",Ilias
671,"“Read Homer once, and you can read no more;
For all books else appear so mean, so poor,
Verse will seem prose: but still persist to read,
And Homer will be all the books you need.”",Ilias
672,"
That the Earl of Halifax was one of the first to favour me; of whom it
is hard to say whether the advancement of the polite arts is more owing
to his generosity or his example: that such a genius as my Lord
Bolingbroke, not more distinguished in the great scenes of business,
than in all the useful and entertaining parts of learning, has not
refused to be the critic of these sheets, and the patron of their
writer: and that the noble author of the tragedy of “Heroic Love” has
continued his partiality to me, from my writing pastorals to my
attempting the Iliad. I cannot deny myself the pride of confessing,
that I have had the advantage not only of their advice for the conduct
in general, but their correction of several particulars of this
translation.",Ilias
673,"I could say a great deal of the pleasure of being distinguished by the
Earl of Carnarvon; but it is almost absurd to particularize any one
generous action in a person whose whole life is a continued series of
them. Mr. Stanhope, the present secretary of state, will pardon my
desire of having it known that he was pleased to promote this affair.
The particular zeal of Mr. Harcourt (the son of the late Lord
Chancellor) gave me a proof how much I am honoured in a share of his
friendship. I must attribute to the same motive that of several others
of my friends: to whom all acknowledgments are rendered unnecessary by
the privileges of a familiar correspondence; and I am satisfied I can
no way better oblige men of their turn than by my silence.",Ilias
674,"In short, I have found more patrons than ever Homer wanted. He would
have thought himself happy to have met the same favour at Athens that
has been shown me by its learned rival, the University of Oxford. And I
can hardly envy him those pompous honours he received after death, when
I reflect on the enjoyment of so many agreeable obligations, and easy
friendships, which make the satisfaction of life. This distinction is
the more to be acknowledged, as it is shown to one whose pen has never
gratified the prejudices of particular parties, or the vanities of
particular men. Whatever the success may prove, I shall never repent of
an undertaking in which I have experienced the candour and friendship
of so many persons of merit; and in which I hope to pass some of those
years of youth that are generally lost in a circle of follies, after a
manner neither wholly unuseful to others, nor disagreeable to myself.",Ilias
675,"
Achilles’ wrath, to Greece the direful spring
Of woes unnumber’d, heavenly goddess, sing!
That wrath which hurl’d to Pluto’s gloomy reign
The souls of mighty chiefs untimely slain;
Whose limbs unburied on the naked shore,
Devouring dogs and hungry vultures tore.[41]
Since great Achilles and Atrides strove,
Such was the sovereign doom, and such the will of Jove![42]",Ilias
676,"Declare, O Muse! in what ill-fated hour[43]
Sprung the fierce strife, from what offended power
Latona’s son a dire contagion spread,[44]
And heap’d the camp with mountains of the dead;
The king of men his reverent priest defied,[45]
And for the king’s offence the people died.",Ilias
677,"For Chryses sought with costly gifts to gain
His captive daughter from the victor’s chain.
Suppliant the venerable father stands;
Apollo’s awful ensigns grace his hands:
By these he begs; and lowly bending down,
Extends the sceptre and the laurel crown.
He sued to all, but chief implored for grace
The brother-kings, of Atreus’ royal race[46]",Ilias
678,"“Ye kings and warriors! may your vows be crown’d,
And Troy’s proud walls lie level with the ground.
May Jove restore you when your toils are o’er
Safe to the pleasures of your native shore.
But, oh! relieve a wretched parent’s pain,
And give Chryseïs to these arms again;
If mercy fail, yet let my presents move,
And dread avenging Phœbus, son of Jove.”",Ilias
679,"The Greeks in shouts their joint assent declare,
The priest to reverence, and release the fair.
Not so Atrides; he, with kingly pride,
Repulsed the sacred sire, and thus replied:
“Hence on thy life, and fly these hostile plains,
Nor ask, presumptuous, what the king detains:",Ilias
680,"Hence, with thy laurel crown, and golden rod,
Nor trust too far those ensigns of thy god.
Mine is thy daughter, priest, and shall remain;
And prayers, and tears, and bribes, shall plead in vain;
Till time shall rifle every youthful grace,
And age dismiss her from my cold embrace,
In daily labours of the loom employ’d,
Or doom’d to deck the bed she once enjoy’d.
Hence then; to Argos shall the maid retire,
Far from her native soil and weeping sire.”",Ilias
681,"
The trembling priest along the shore return’d,
And in the anguish of a father mourn’d.
Disconsolate, not daring to complain,
Silent he wander’d by the sounding main;
Till, safe at distance, to his god he prays,
The god who darts around the world his rays.",Ilias
682,"“O Smintheus! sprung from fair Latona’s line,[47]
Thou guardian power of Cilla the divine,[48]
Thou source of light! whom Tenedos adores,
And whose bright presence gilds thy Chrysa’s shores.
If e’er with wreaths I hung thy sacred fane,[49]
Or fed the flames with fat of oxen slain;
God of the silver bow! thy shafts employ,
Avenge thy servant, and the Greeks destroy.”",Ilias
683,"Thus Chryses pray’d:—the favouring power attends,
And from Olympus’ lofty tops descends.
Bent was his bow, the Grecian hearts to wound;[50]
Fierce as he moved, his silver shafts resound.
Breathing revenge, a sudden night he spread,
And gloomy darkness roll’d about his head.
The fleet in view, he twang’d his deadly bow,
And hissing fly the feather’d fates below.
On mules and dogs the infection first began;[51]
And last, the vengeful arrows fix’d in man.
For nine long nights, through all the dusky air,
The pyres, thick-flaming, shot a dismal glare.
But ere the tenth revolving day was run,
Inspired by Juno, Thetis’ godlike son
Convened to council all the Grecian train;
For much the goddess mourn’d her heroes slain.[52]
The assembly seated, rising o’er the rest,
Achilles thus the king of men address’d:",Ilias
684,"“Why leave we not the fatal Trojan shore,
And measure back the seas we cross’d before?
The plague destroying whom the sword would spare,
’Tis time to save the few remains of war.
But let some prophet, or some sacred sage,
Explore the cause of great Apollo’s rage;
Or learn the wasteful vengeance to remove
By mystic dreams, for dreams descend from Jove.[53]
If broken vows this heavy curse have laid,
Let altars smoke, and hecatombs be paid.
So Heaven, atoned, shall dying Greece restore,
And Phœbus dart his burning shafts no more.”",Ilias
685,"He said, and sat: when Chalcas thus replied;
Chalcas the wise, the Grecian priest and guide,
That sacred seer, whose comprehensive view,
The past, the present, and the future knew:
Uprising slow, the venerable sage
Thus spoke the prudence and the fears of age:",Ilias
686,"“Beloved of Jove, Achilles! would’st thou know
Why angry Phœbus bends his fatal bow?
First give thy faith, and plight a prince’s word
Of sure protection, by thy power and sword:
For I must speak what wisdom would conceal,
And truths, invidious to the great, reveal,
Bold is the task, when subjects, grown too wise,
Instruct a monarch where his error lies;
For though we deem the short-lived fury past,
’Tis sure the mighty will revenge at last.”
To whom Pelides:—“From thy inmost soul
Speak what thou know’st, and speak without control.
E’en by that god I swear who rules the day,
To whom thy hands the vows of Greece convey.
And whose bless’d oracles thy lips declare;
Long as Achilles breathes this vital air,
No daring Greek, of all the numerous band,
Against his priest shall lift an impious hand;
Not e’en the chief by whom our hosts are led,
The king of kings, shall touch that sacred head.”",Ilias
687,"Encouraged thus, the blameless man replies:
“Nor vows unpaid, nor slighted sacrifice,
But he, our chief, provoked the raging pest,
Apollo’s vengeance for his injured priest.
Nor will the god’s awaken’d fury cease,
But plagues shall spread, and funeral fires increase,
Till the great king, without a ransom paid,
To her own Chrysa send the black-eyed maid.[54]
Perhaps, with added sacrifice and prayer,
The priest may pardon, and the god may spare.”",Ilias
688,"The spoils of cities razed and warriors slain,
We share with justice, as with toil we gain;
But to resume whate’er thy avarice craves
(That trick of tyrants) may be borne by slaves.
Yet if our chief for plunder only fight,
The spoils of Ilion shall thy loss requite,
Whene’er, by Jove’s decree, our conquering powers
Shall humble to the dust her lofty towers.”",Ilias
689,"Achilles heard, with grief and rage oppress’d,
His heart swell’d high, and labour’d in his breast;
Distracting thoughts by turns his bosom ruled;
Now fired by wrath, and now by reason cool’d:
That prompts his hand to draw the deadly sword,
Force through the Greeks, and pierce their haughty lord;
This whispers soft his vengeance to control,
And calm the rising tempest of his soul.
Just as in anguish of suspense he stay’d,
While half unsheathed appear’d the glittering blade,[57]
Minerva swift descended from above,
Sent by the sister and the wife of Jove
(For both the princes claim’d her equal care);
Behind she stood, and by the golden hair
Achilles seized; to him alone confess’d;
A sable cloud conceal’d her from the rest.
He sees, and sudden to the goddess cries,
Known by the flames that sparkle from her eyes:",Ilias
690,"
“Descends Minerva, in her guardian care,
A heavenly witness of the wrongs I bear
From Atreus’ son?—Then let those eyes that view
The daring crime, behold the vengeance too.”",Ilias
691,"“Forbear (the progeny of Jove replies)
To calm thy fury I forsake the skies:
Let great Achilles, to the gods resign’d,
To reason yield the empire o’er his mind.
By awful Juno this command is given;
The king and you are both the care of heaven.
The force of keen reproaches let him feel;
But sheathe, obedient, thy revenging steel.
For I pronounce (and trust a heavenly power)
Thy injured honour has its fated hour,
When the proud monarch shall thy arms implore,
And bribe thy friendship with a boundless store.
Then let revenge no longer bear the sway;
Command thy passions, and the gods obey.”",Ilias
692,"To her Pelides:—“With regardful ear,
’Tis just, O goddess! I thy dictates hear.
Hard as it is, my vengeance I suppress:
Those who revere the gods the gods will bless.”
He said, observant of the blue-eyed maid;
Then in the sheath return’d the shining blade.
The goddess swift to high Olympus flies,
And joins the sacred senate of the skies.",Ilias
693,"He spoke; and furious hurl’d against the ground
His sceptre starr’d with golden studs around:
Then sternly silent sat. With like disdain
The raging king return’d his frowns again.",Ilias
694,"To calm their passion with the words of age,
Slow from his seat arose the Pylian sage,
Experienced Nestor, in persuasion skill’d;
Words, sweet as honey, from his lips distill’d:[58]
Two generations now had pass’d away,
Wise by his rules, and happy by his sway;
Two ages o’er his native realm he reign’d,
And now the example of the third remain’d.
All view’d with awe the venerable man;
Who thus with mild benevolence began:—",Ilias
695,"This said, he ceased. The king of men replies:
“Thy years are awful, and thy words are wise.
But that imperious, that unconquer’d soul,
No laws can limit, no respect control.
Before his pride must his superiors fall;
His word the law, and he the lord of all?
Him must our hosts, our chiefs, ourself obey?
What king can bear a rival in his sway?
Grant that the gods his matchless force have given;
Has foul reproach a privilege from heaven?”",Ilias
696,"Here on the monarch’s speech Achilles broke,
And furious, thus, and interrupting spoke:
“Tyrant, I well deserved thy galling chain,
To live thy slave, and still to serve in vain,
Should I submit to each unjust decree:—
Command thy vassals, but command not me.
Seize on Briseïs, whom the Grecians doom’d
My prize of war, yet tamely see resumed;
And seize secure; no more Achilles draws
His conquering sword in any woman’s cause.
The gods command me to forgive the past:
But let this first invasion be the last:
For know, thy blood, when next thou darest invade,
Shall stream in vengeance on my reeking blade.”",Ilias
697,"Achilles with Patroclus took his way
Where near his tents his hollow vessels lay.
Meantime Atrides launch’d with numerous oars
A well-rigg’d ship for Chrysa’s sacred shores:
High on the deck was fair Chryseïs placed,
And sage Ulysses with the conduct graced:
Safe in her sides the hecatomb they stow’d,
Then swiftly sailing, cut the liquid road.",Ilias
698,"The host to expiate next the king prepares,
With pure lustrations, and with solemn prayers.
Wash’d by the briny wave, the pious train[59]
Are cleansed; and cast the ablutions in the main.
Along the shore whole hecatombs were laid,
And bulls and goats to Phœbus’ altars paid;
The sable fumes in curling spires arise,
And waft their grateful odours to the skies.",Ilias
699,"The army thus in sacred rites engaged,
Atrides still with deep resentment raged.
To wait his will two sacred heralds stood,
Talthybius and Eurybates the good.
“Haste to the fierce Achilles’ tent (he cries),
Thence bear Briseïs as our royal prize:
Submit he must; or if they will not part,
Ourself in arms shall tear her from his heart.”",Ilias
700,"The unwilling heralds act their lord’s commands;
Pensive they walk along the barren sands:
Arrived, the hero in his tent they find,
With gloomy aspect on his arm reclined.
At awful distance long they silent stand,
Loth to advance, and speak their hard command;
Decent confusion! This the godlike man
Perceived, and thus with accent mild began:",Ilias
701,"“With leave and honour enter our abodes,
Ye sacred ministers of men and gods![60]
I know your message; by constraint you came;
Not you, but your imperious lord I blame.
Patroclus, haste, the fair Briseïs bring;
Conduct my captive to the haughty king.
But witness, heralds, and proclaim my vow,
Witness to gods above, and men below!
But first, and loudest, to your prince declare
(That lawless tyrant whose commands you bear),
Unmoved as death Achilles shall remain,
Though prostrate Greece shall bleed at every vein:
The raging chief in frantic passion lost,
Blind to himself, and useless to his host,
Unskill’d to judge the future by the past,
In blood and slaughter shall repent at last.”",Ilias
702,"
Patroclus now the unwilling beauty brought;
She, in soft sorrows, and in pensive thought,
Pass’d silent, as the heralds held her hand,
And oft look’d back, slow-moving o’er the strand.
Not so his loss the fierce Achilles bore;
But sad, retiring to the sounding shore,
O’er the wild margin of the deep he hung,
That kindred deep from whence his mother sprung:[61]
There bathed in tears of anger and disdain,
Thus loud lamented to the stormy main:",Ilias
703,"“O parent goddess! since in early bloom
Thy son must fall, by too severe a doom;
Sure to so short a race of glory born,
Great Jove in justice should this span adorn:
Honour and fame at least the thunderer owed;
And ill he pays the promise of a god,
If yon proud monarch thus thy son defies,
Obscures my glories, and resumes my prize.”",Ilias
704,"Far from the deep recesses of the main,
Where aged Ocean holds his watery reign,
The goddess-mother heard. The waves divide;
And like a mist she rose above the tide;
Beheld him mourning on the naked shores,
And thus the sorrows of his soul explores.
“Why grieves my son? Thy anguish let me share;
Reveal the cause, and trust a parent’s care.”",Ilias
705,"
“Unhappy son! (fair Thetis thus replies,
While tears celestial trickle from her eyes)
Why have I borne thee with a mother’s throes,
To Fates averse, and nursed for future woes?[65]
So short a space the light of heaven to view!
So short a space! and fill’d with sorrow too!
O might a parent’s careful wish prevail,
Far, far from Ilion should thy vessels sail,
And thou, from camps remote, the danger shun
Which now, alas! too nearly threats my son.
Yet (what I can) to move thy suit I’ll go
To great Olympus crown’d with fleecy snow.
Meantime, secure within thy ships, from far
Behold the field, not mingle in the war.
The sire of gods and all the ethereal train,
On the warm limits of the farthest main,
Now mix with mortals, nor disdain to grace
The feasts of Æthiopia’s blameless race,[66]
Twelve days the powers indulge the genial rite,
Returning with the twelfth revolving light.
Then will I mount the brazen dome, and move
The high tribunal of immortal Jove.”",Ilias
706,"The goddess spoke: the rolling waves unclose;
Then down the steep she plunged from whence she rose,
And left him sorrowing on the lonely coast,
In wild resentment for the fair he lost.",Ilias
707,"In Chrysa’s port now sage Ulysses rode;
Beneath the deck the destined victims stow’d:
The sails they furl’d, they lash the mast aside,
And dropp’d their anchors, and the pinnace tied.
Next on the shore their hecatomb they land;
Chryseïs last descending on the strand.
Her, thus returning from the furrow’d main,
Ulysses led to Phœbus’ sacred fane;
Where at his solemn altar, as the maid
He gave to Chryses, thus the hero said:",Ilias
708,"“Hail, reverend priest! to Phœbus’ awful dome
A suppliant I from great Atrides come:
Unransom’d, here receive the spotless fair;
Accept the hecatomb the Greeks prepare;
And may thy god who scatters darts around,
Atoned by sacrifice, desist to wound.”[67]",Ilias
709,"At this, the sire embraced the maid again,
So sadly lost, so lately sought in vain.
Then near the altar of the darting king,
Disposed in rank their hecatomb they bring;
With water purify their hands, and take
The sacred offering of the salted cake;
While thus with arms devoutly raised in air,
And solemn voice, the priest directs his prayer:",Ilias
710,"“God of the silver bow, thy ear incline,
Whose power incircles Cilla the divine;
Whose sacred eye thy Tenedos surveys,
And gilds fair Chrysa with distinguish’d rays!
If, fired to vengeance at thy priest’s request,
Thy direful darts inflict the raging pest:
Once more attend! avert the wasteful woe,
And smile propitious, and unbend thy bow.”",Ilias
711,"’Twas night; the chiefs beside their vessel lie,
Till rosy morn had purpled o’er the sky:
Then launch, and hoist the mast: indulgent gales,
Supplied by Phœbus, fill the swelling sails;
The milk-white canvas bellying as they blow,
The parted ocean foams and roars below:
Above the bounding billows swift they flew,
Till now the Grecian camp appear’d in view.
Far on the beach they haul their bark to land,
(The crooked keel divides the yellow sand,)
Then part, where stretch’d along the winding bay,
The ships and tents in mingled prospect lay.",Ilias
712,"But raging still, amidst his navy sat
The stern Achilles, stedfast in his hate;
Nor mix’d in combat, nor in council join’d;
But wasting cares lay heavy on his mind:
In his black thoughts revenge and slaughter roll,
And scenes of blood rise dreadful in his soul.",Ilias
713,"Twelve days were past, and now the dawning light
The gods had summon’d to the Olympian height:
Jove, first ascending from the watery bowers,
Leads the long order of ethereal powers.
When, like the morning-mist in early day,
Rose from the flood the daughter of the sea:
And to the seats divine her flight address’d.
There, far apart, and high above the rest,
The thunderer sat; where old Olympus shrouds
His hundred heads in heaven, and props the clouds.
Suppliant the goddess stood: one hand she placed
Beneath his beard, and one his knees embraced.
“If e’er, O father of the gods! (she said)
My words could please thee, or my actions aid,
Some marks of honour on my son bestow,
And pay in glory what in life you owe.
Fame is at least by heavenly promise due
To life so short, and now dishonour’d too.
Avenge this wrong, O ever just and wise!
Let Greece be humbled, and the Trojans rise;
Till the proud king and all the Achaian race
Shall heap with honours him they now disgrace.”",Ilias
714,"
Thus Thetis spoke; but Jove in silence held
The sacred counsels of his breast conceal’d.
Not so repulsed, the goddess closer press’d,
Still grasp’d his knees, and urged the dear request.
“O sire of gods and men! thy suppliant hear;
Refuse, or grant; for what has Jove to fear?
Or oh! declare, of all the powers above,
Is wretched Thetis least the care of Jove?”",Ilias
715,"“What hast thou ask’d? ah, why should Jove engage
In foreign contests and domestic rage,
The gods’ complaints, and Juno’s fierce alarms,
While I, too partial, aid the Trojan arms?
Go, lest the haughty partner of my sway
With jealous eyes thy close access survey;
But part in peace, secure thy prayer is sped:
Witness the sacred honours of our head,
The nod that ratifies the will divine,
The faithful, fix’d, irrevocable sign;
This seals thy suit, and this fulfils thy vows—”
He spoke, and awful bends his sable brows,[70]
Shakes his ambrosial curls, and gives the nod,
The stamp of fate and sanction of the god:
High heaven with trembling the dread signal took,
And all Olympus to the centre shook.[71]",Ilias
716,"Swift to the seas profound the goddess flies,
Jove to his starry mansions in the skies.
The shining synod of the immortals wait
The coming god, and from their thrones of state
Arising silent, wrapp’d in holy fear,
Before the majesty of heaven appear.
Trembling they stand, while Jove assumes the throne,
All, but the god’s imperious queen alone:
Late had she view’d the silver-footed dame,
And all her passions kindled into flame.
“Say, artful manager of heaven (she cries),
Who now partakes the secrets of the skies?
Thy Juno knows not the decrees of fate,
In vain the partner of imperial state.
What favourite goddess then those cares divides,
Which Jove in prudence from his consort hides?”",Ilias
717,"To this the thunderer: “Seek not thou to find
The sacred counsels of almighty mind:
Involved in darkness lies the great decree,
Nor can the depths of fate be pierced by thee.
What fits thy knowledge, thou the first shalt know;
The first of gods above, and men below;
But thou, nor they, shall search the thoughts that roll
Deep in the close recesses of my soul.”",Ilias
718,"Full on the sire the goddess of the skies
Roll’d the large orbs of her majestic eyes,
And thus return’d:—“Austere Saturnius, say,
From whence this wrath, or who controls thy sway?
Thy boundless will, for me, remains in force,
And all thy counsels take the destined course.
But ’tis for Greece I fear: for late was seen,
In close consult, the silver-footed queen.
Jove to his Thetis nothing could deny,
Nor was the signal vain that shook the sky.
What fatal favour has the goddess won,
To grace her fierce, inexorable son?
Perhaps in Grecian blood to drench the plain,
And glut his vengeance with my people slain.”",Ilias
719,"Then thus the god: “O restless fate of pride,
That strives to learn what heaven resolves to hide;
Vain is the search, presumptuous and abhorr’d,
Anxious to thee, and odious to thy lord.
Let this suffice: the immutable decree
No force can shake: what is, that ought to be.
Goddess, submit; nor dare our will withstand,
But dread the power of this avenging hand:
The united strength of all the gods above
In vain resists the omnipotence of Jove.”",Ilias
720,"
The thunderer spoke, nor durst the queen reply;
A reverent horror silenced all the sky.
The feast disturb’d, with sorrow Vulcan saw
His mother menaced, and the gods in awe;
Peace at his heart, and pleasure his design,
Thus interposed the architect divine:
“The wretched quarrels of the mortal state
Are far unworthy, gods! of your debate:
Let men their days in senseless strife employ,
We, in eternal peace and constant joy.
Thou, goddess-mother, with our sire comply,
Nor break the sacred union of the sky:
Lest, roused to rage, he shake the bless’d abodes,
Launch the red lightning, and dethrone the gods.
If you submit, the thunderer stands appeased;
The gracious power is willing to be pleased.”",Ilias
721,"Thus Vulcan spoke: and rising with a bound,
The double bowl with sparkling nectar crown’d,[72]
Which held to Juno in a cheerful way,
“Goddess (he cried), be patient and obey.
Dear as you are, if Jove his arm extend,
I can but grieve, unable to defend.
What god so daring in your aid to move,
Or lift his hand against the force of Jove?
Once in your cause I felt his matchless might,
Hurl’d headlong down from the ethereal height;[73]
Toss’d all the day in rapid circles round,
Nor till the sun descended touch’d the ground.
Breathless I fell, in giddy motion lost;
The Sinthians raised me on the Lemnian coast;[74]",Ilias
722,"He said, and to her hands the goblet heaved,
Which, with a smile, the white-arm’d queen received
Then, to the rest he fill’d; and in his turn,
Each to his lips applied the nectar’d urn,
Vulcan with awkward grace his office plies,
And unextinguish’d laughter shakes the skies.",Ilias
723,"Thus the blest gods the genial day prolong,
In feasts ambrosial, and celestial song.[75]
Apollo tuned the lyre; the Muses round
With voice alternate aid the silver sound.
Meantime the radiant sun to mortal sight
Descending swift, roll’d down the rapid light:
Then to their starry domes the gods depart,
The shining monuments of Vulcan’s art:
Jove on his couch reclined his awful head,
And Juno slumber’d on the golden bed.",Ilias
724,"
Now pleasing sleep had seal’d each mortal eye,
Stretch’d in the tents the Grecian leaders lie:
The immortals slumber’d on their thrones above;
All, but the ever-wakeful eyes of Jove.[76]
To honour Thetis’ son he bends his care,
And plunge the Greeks in all the woes of war:
Then bids an empty phantom rise to sight,
And thus commands the vision of the night.",Ilias
725,"“Fly hence, deluding Dream! and light as air,[77]
To Agamemnon’s ample tent repair.
Bid him in arms draw forth the embattled train,
Lead all his Grecians to the dusty plain.
Declare, e’en now ’tis given him to destroy
The lofty towers of wide-extended Troy.
For now no more the gods with fate contend,
At Juno’s suit the heavenly factions end.
Destruction hangs o’er yon devoted wall,
And nodding Ilion waits the impending fall.”",Ilias
726,"Swift as the word the vain illusion fled,
Descends, and hovers o’er Atrides’ head;
Clothed in the figure of the Pylian sage,
Renown’d for wisdom, and revered for age:
Around his temples spreads his golden wing,
And thus the flattering dream deceives the king.",Ilias
727,"
“Canst thou, with all a monarch’s cares oppress’d,
O Atreus’ son! canst thou indulge thy rest?[78]
Ill fits a chief who mighty nations guides,
Directs in council, and in war presides,
To whom its safety a whole people owes,
To waste long nights in indolent repose.[79]
Monarch, awake! ’tis Jove’s command I bear;
Thou, and thy glory, claim his heavenly care.
In just array draw forth the embattled train,
Lead all thy Grecians to the dusty plain;
E’en now, O king! ’tis given thee to destroy
The lofty towers of wide-extended Troy.
For now no more the gods with fate contend,
At Juno’s suit the heavenly factions end.
Destruction hangs o’er yon devoted wall,
And nodding Ilion waits the impending fall.
Awake, but waking this advice approve,
And trust the vision that descends from Jove.”",Ilias
728,"The phantom said; then vanish’d from his sight,
Resolves to air, and mixes with the night.
A thousand schemes the monarch’s mind employ;
Elate in thought he sacks untaken Troy:
Vain as he was, and to the future blind,
Nor saw what Jove and secret fate design’d,
What mighty toils to either host remain,
What scenes of grief, and numbers of the slain!
Eager he rises, and in fancy hears
The voice celestial murmuring in his ears.
First on his limbs a slender vest he drew,
Around him next the regal mantle threw,
The embroider’d sandals on his feet were tied;
The starry falchion glitter’d at his side;
And last, his arm the massy sceptre loads,
Unstain’d, immortal, and the gift of gods.",Ilias
729,"Now rosy Morn ascends the court of Jove,
Lifts up her light, and opens day above.
The king despatch’d his heralds with commands
To range the camp and summon all the bands:
The gathering hosts the monarch’s word obey;
While to the fleet Atrides bends his way.
In his black ship the Pylian prince he found;
There calls a senate of the peers around:
The assembly placed, the king of men express’d
The counsels labouring in his artful breast.",Ilias
730,"“Friends and confederates! with attentive ear
Receive my words, and credit what you hear.
Late as I slumber’d in the shades of night,
A dream divine appear’d before my sight;
Whose visionary form like Nestor came,
The same in habit, and in mien the same.[80]
The heavenly phantom hover’d o’er my head,
‘And, dost thou sleep, O Atreus’ son? (he said)
Ill fits a chief who mighty nations guides,
Directs in council, and in war presides;
To whom its safety a whole people owes,
To waste long nights in indolent repose.
Monarch, awake! ’tis Jove’s command I bear,
Thou and thy glory claim his heavenly care.
In just array draw forth the embattled train,
And lead the Grecians to the dusty plain;
E’en now, O king! ’tis given thee to destroy
The lofty towers of wide-extended Troy.
For now no more the gods with fate contend,
At Juno’s suit the heavenly factions end.
Destruction hangs o’er yon devoted wall,
And nodding Ilion waits the impending fall.",Ilias
731,"This hear observant, and the gods obey!’
The vision spoke, and pass’d in air away.
Now, valiant chiefs! since heaven itself alarms,
Unite, and rouse the sons of Greece to arms.
But first, with caution, try what yet they dare,
Worn with nine years of unsuccessful war.
To move the troops to measure back the main,
Be mine; and yours the province to detain.”",Ilias
732,"He spoke, and sat: when Nestor, rising said,
(Nestor, whom Pylos’ sandy realms obey’d,)
“Princes of Greece, your faithful ears incline,
Nor doubt the vision of the powers divine;
Sent by great Jove to him who rules the host,
Forbid it, heaven! this warning should be lost!
Then let us haste, obey the god’s alarms,
And join to rouse the sons of Greece to arms.”",Ilias
733,"His deep design unknown, the hosts approve
Atrides’ speech. The mighty numbers move.
So roll the billows to the Icarian shore,
From east and south when winds begin to roar,
Burst their dark mansions in the clouds, and sweep
The whitening surface of the ruffled deep.
And as on corn when western gusts descend,[85]
Before the blast the lofty harvests bend:
Thus o’er the field the moving host appears,
With nodding plumes and groves of waving spears.
The gathering murmur spreads, their trampling feet
Beat the loose sands, and thicken to the fleet;
With long-resounding cries they urge the train
To fit the ships, and launch into the main.
They toil, they sweat, thick clouds of dust arise,
The doubling clamours echo to the skies.
E’en then the Greeks had left the hostile plain,
And fate decreed the fall of Troy in vain;
But Jove’s imperial queen their flight survey’d,
And sighing thus bespoke the blue-eyed maid:",Ilias
734,"“Shall then the Grecians fly! O dire disgrace!
And leave unpunish’d this perfidious race?
Shall Troy, shall Priam, and the adulterous spouse,
In peace enjoy the fruits of broken vows?
And bravest chiefs, in Helen’s quarrel slain,
Lie unrevenged on yon detested plain?
No: let my Greeks, unmoved by vain alarms,
Once more refulgent shine in brazen arms.
Haste, goddess, haste! the flying host detain,
Nor let one sail be hoisted on the main.”",Ilias
735,"Pallas obeys, and from Olympus’ height
Swift to the ships precipitates her flight.
Ulysses, first in public cares, she found,
For prudent counsel like the gods renown’d:
Oppress’d with generous grief the hero stood,
Nor drew his sable vessels to the flood.
“And is it thus, divine Laertes’ son,
Thus fly the Greeks (the martial maid begun),
Thus to their country bear their own disgrace,
And fame eternal leave to Priam’s race?
Shall beauteous Helen still remain unfreed,
Still unrevenged, a thousand heroes bleed!
Haste, generous Ithacus! prevent the shame,
Recall your armies, and your chiefs reclaim.
Your own resistless eloquence employ,
And to the immortals trust the fall of Troy.”",Ilias
736,"The voice divine confess’d the warlike maid,
Ulysses heard, nor uninspired obey’d:
Then meeting first Atrides, from his hand
Received the imperial sceptre of command.
Thus graced, attention and respect to gain,
He runs, he flies through all the Grecian train;
Each prince of name, or chief in arms approved,
He fired with praise, or with persuasion moved.",Ilias
737,"“Warriors like you, with strength and wisdom bless’d,
By brave examples should confirm the rest.
The monarch’s will not yet reveal’d appears;
He tries our courage, but resents our fears.
The unwary Greeks his fury may provoke;
Not thus the king in secret council spoke.
Jove loves our chief, from Jove his honour springs,
Beware! for dreadful is the wrath of kings.”",Ilias
738,"But if a clamorous vile plebeian rose,
Him with reproof he check’d or tamed with blows.
“Be still, thou slave, and to thy betters yield;
Unknown alike in council and in field!
Ye gods, what dastards would our host command!
Swept to the war, the lumber of a land.
Be silent, wretch, and think not here allow’d
That worst of tyrants, an usurping crowd.
To one sole monarch Jove commits the sway;
His are the laws, and him let all obey.”[86]",Ilias
739,"Fierce from his seat at this Ulysses springs,[87]
In generous vengeance of the king of kings.
With indignation sparkling in his eyes,
He views the wretch, and sternly thus replies:",Ilias
740,"“Peace, factious monster, born to vex the state,
With wrangling talents form’d for foul debate:
Curb that impetuous tongue, nor rashly vain,
And singly mad, asperse the sovereign reign.
Have we not known thee, slave! of all our host,
The man who acts the least, upbraids the most?
Think not the Greeks to shameful flight to bring,
Nor let those lips profane the name of king.
For our return we trust the heavenly powers;
Be that their care; to fight like men be ours.
But grant the host with wealth the general load,
Except detraction, what hast thou bestow’d?
Suppose some hero should his spoils resign,
Art thou that hero, could those spoils be thine?
Gods! let me perish on this hateful shore,
And let these eyes behold my son no more;
If, on thy next offence, this hand forbear
To strip those arms thou ill deserv’st to wear,
Expel the council where our princes meet,
And send thee scourged and howling through the fleet.”",Ilias
741,"He said, and cowering as the dastard bends,
The weighty sceptre on his back descends.[88]
On the round bunch the bloody tumours rise:
The tears spring starting from his haggard eyes;
Trembling he sat, and shrunk in abject fears,
From his vile visage wiped the scalding tears;
While to his neighbour each express’d his thought:",Ilias
742,"“Ye gods! what wonders has Ulysses wrought!
What fruits his conduct and his courage yield!
Great in the council, glorious in the field.
Generous he rises in the crown’s defence,
To curb the factious tongue of insolence,
Such just examples on offenders shown,
Sedition silence, and assert the throne.”",Ilias
743,"’Twas thus the general voice the hero praised,
Who, rising, high the imperial sceptre raised:
The blue-eyed Pallas, his celestial friend,
(In form a herald,) bade the crowds attend.
The expecting crowds in still attention hung,
To hear the wisdom of his heavenly tongue.
Then deeply thoughtful, pausing ere he spoke,
His silence thus the prudent hero broke:",Ilias
744,"Thus prayed the chief: his unavailing prayer
Great Jove refused, and toss’d in empty air:
The God averse, while yet the fumes arose,
Prepared new toils, and doubled woes on woes.
Their prayers perform’d the chiefs the rite pursue,
The barley sprinkled, and the victim slew.
The limbs they sever from the inclosing hide,
The thighs, selected to the gods, divide.
On these, in double cauls involved with art,
The choicest morsels lie from every part,
From the cleft wood the crackling flames aspire
While the fat victims feed the sacred fire.
The thighs thus sacrificed, and entrails dress’d
The assistants part, transfix, and roast the rest;
Then spread the tables, the repast prepare,
Each takes his seat, and each receives his share.
Soon as the rage of hunger was suppress’d,
The generous Nestor thus the prince address’d.",Ilias
745,"“Now bid thy heralds sound the loud alarms,
And call the squadrons sheathed in brazen arms;
Now seize the occasion, now the troops survey,
And lead to war when heaven directs the way.”",Ilias
746,"He said; the monarch issued his commands;
Straight the loud heralds call the gathering bands;
The chiefs inclose their king; the hosts divide,
In tribes and nations rank’d on either side.
High in the midst the blue-eyed virgin flies;
From rank to rank she darts her ardent eyes;
The dreadful ægis, Jove’s immortal shield,
Blazed on her arm, and lighten’d all the field:
Round the vast orb a hundred serpents roll’d,
Form’d the bright fringe, and seem’d to burn in gold,
With this each Grecian’s manly breast she warms,
Swells their bold hearts, and strings their nervous arms,
No more they sigh, inglorious, to return,
But breathe revenge, and for the combat burn.",Ilias
747,"Say, virgins, seated round the throne divine,
All-knowing goddesses! immortal nine![100]
Since earth’s wide regions, heaven’s umneasur’d height,
And hell’s abyss, hide nothing from your sight,
(We, wretched mortals! lost in doubts below,
But guess by rumour, and but boast we know,)
O say what heroes, fired by thirst of fame,
Or urged by wrongs, to Troy’s destruction came.
To count them all, demands a thousand tongues,
A throat of brass, and adamantine lungs.
Daughters of Jove, assist! inspired by you
The mighty labour dauntless I pursue;
What crowded armies, from what climes they bring,
Their names, their numbers, and their chiefs I sing.",Ilias
748,"
The hardy warriors whom Bœotia bred,
Penelius, Leitus, Prothoënor, led:
With these Arcesilaus and Clonius stand,
Equal in arms, and equal in command.
These head the troops that rocky Aulis yields,
And Eteon’s hills, and Hyrie’s watery fields,
And Schoenos, Scholos, Græa near the main,
And Mycalessia’s ample piny plain;
Those who in Peteon or Ilesion dwell,
Or Harma where Apollo’s prophet fell;
Heleon and Hylè, which the springs o’erflow;
And Medeon lofty, and Ocalea low;
Or in the meads of Haliartus stray,
Or Thespia sacred to the god of day:
Onchestus, Neptune’s celebrated groves;
Copæ, and Thisbè, famed for silver doves;
For flocks Erythræ, Glissa for the vine;
Platea green, and Nysa the divine;
And they whom Thebé’s well-built walls inclose,
Where Mydè, Eutresis, Coronè, rose;
And Arnè rich, with purple harvests crown’d;
And Anthedon, Bœotia’s utmost bound.
Full fifty ships they send, and each conveys
Twice sixty warriors through the foaming seas.[102]",Ilias
749,"To these succeed Aspledon’s martial train,
Who plough the spacious Orchomenian plain.
Two valiant brothers rule the undaunted throng,
Iälmen and Ascalaphus the strong:
Sons of Astyochè, the heavenly fair,
Whose virgin charms subdued the god of war:
(In Actor’s court as she retired to rest,
The strength of Mars the blushing maid compress’d)
Their troops in thirty sable vessels sweep,
With equal oars, the hoarse-resounding deep.",Ilias
750,"The Phocians next in forty barks repair;
Epistrophus and Schedius head the war:
From those rich regions where Cephisus leads
His silver current through the flowery meads;
From Panopëa, Chrysa the divine,
Where Anemoria’s stately turrets shine,
Where Pytho, Daulis, Cyparissus stood,
And fair Lilæ views the rising flood.
These, ranged in order on the floating tide,
Close, on the left, the bold Bœotians’ side.",Ilias
751,"Fierce Ajax led the Locrian squadrons on,
Ajax the less, Oïleus’ valiant son;
Skill’d to direct the flying dart aright;
Swift in pursuit, and active in the fight.
Him, as their chief, the chosen troops attend,
Which Bessa, Thronus, and rich Cynos send;
Opus, Calliarus, and Scarphe’s bands;
And those who dwell where pleasing Augia stands,
And where Boägrius floats the lowly lands,
Or in fair Tarphe’s sylvan seats reside:
In forty vessels cut the yielding tide.",Ilias
752,"Eubœa next her martial sons prepares,
And sends the brave Abantes to the wars:
Breathing revenge, in arms they take their way
From Chalcis’ walls, and strong Eretria;
The Isteian fields for generous vines renown’d,
The fair Caristos, and the Styrian ground;
Where Dios from her towers o’erlooks the plain,
And high Cerinthus views the neighbouring main.
Down their broad shoulders falls a length of hair;
Their hands dismiss not the long lance in air;
But with protended spears in fighting fields
Pierce the tough corslets and the brazen shields.
Twice twenty ships transport the warlike bands,
Which bold Elphenor, fierce in arms, commands.",Ilias
753,"Full fifty more from Athens stem the main,
Led by Menestheus through the liquid plain.
(Athens the fair, where great Erectheus sway’d,
That owed his nurture to the blue-eyed maid,
But from the teeming furrow took his birth,
The mighty offspring of the foodful earth.
Him Pallas placed amidst her wealthy fane,
Adored with sacrifice and oxen slain;
Where, as the years revolve, her altars blaze,
And all the tribes resound the goddess’ praise.)
No chief like thee, Menestheus! Greece could yield,
To marshal armies in the dusty field,
The extended wings of battle to display,
Or close the embodied host in firm array.
Nestor alone, improved by length of days,
For martial conduct bore an equal praise.",Ilias
754,"With these appear the Salaminian bands,
Whom the gigantic Telamon commands;
In twelve black ships to Troy they steer their course,
And with the great Athenians join their force.",Ilias
755,"Next move to war the generous Argive train,
From high Trœzenè, and Maseta’s plain,
And fair Ægina circled by the main:
Whom strong Tyrinthe’s lofty walls surround,
And Epidaure with viny harvests crown’d:
And where fair Asinen and Hermoin show
Their cliffs above, and ample bay below.
These by the brave Euryalus were led,
Great Sthenelus, and greater Diomed;
But chief Tydides bore the sovereign sway:
In fourscore barks they plough the watery way.",Ilias
756,"The proud Mycenè arms her martial powers,
Cleonè, Corinth, with imperial towers,[103]
Fair Aræthyrea, Ornia’s fruitful plain,
And Ægion, and Adrastus’ ancient reign;
And those who dwell along the sandy shore,
And where Pellenè yields her fleecy store,
Where Helicè and Hyperesia lie,
And Gonoëssa’s spires salute the sky.
Great Agamemnon rules the numerous band,
A hundred vessels in long order stand,
And crowded nations wait his dread command.
High on the deck the king of men appears,
And his refulgent arms in triumph wears;
Proud of his host, unrivall’d in his reign,
In silent pomp he moves along the main.",Ilias
757,"His brother follows, and to vengeance warms
The hardy Spartans, exercised in arms:
Phares and Brysia’s valiant troops, and those
Whom Lacedæmon’s lofty hills inclose;
Or Messé’s towers for silver doves renown’d,
Amyclæ, Laäs, Augia’s happy ground,
And those whom Œtylos’ low walls contain,
And Helos, on the margin of the main.
These, o’er the bending ocean, Helen’s cause,
In sixty ships with Menelaus draws:
Eager and loud from man to man he flies,
Revenge and fury flaming in his eyes;
While vainly fond, in fancy oft he hears
The fair one’s grief, and sees her falling tears.",Ilias
758,"In ninety sail, from Pylos’ sandy coast,
Nestor the sage conducts his chosen host:
From Amphigenia’s ever-fruitful land,
Where Æpy high, and little Pteleon stand;
Where beauteous Arene her structures shows,
And Thryon’s walls Alpheus’ streams inclose:
And Dorion, famed for Thamyris’ disgrace,
Superior once of all the tuneful race,
Till, vain of mortals’ empty praise, he strove
To match the seed of cloud-compelling Jove!
Too daring bard! whose unsuccessful pride
The immortal Muses in their art defied.
The avenging Muses of the light of day
Deprived his eyes, and snatch’d his voice away;
No more his heavenly voice was heard to sing,
His hand no more awaked the silver string.",Ilias
759,"Where under high Cyllenè, crown’d with wood,
The shaded tomb of old Æpytus stood;
From Ripè, Stratie, Tegea’s bordering towns,
The Phenean fields, and Orchomenian downs,
Where the fat herds in plenteous pasture rove;
And Stymphelus with her surrounding grove;
Parrhasia, on her snowy cliffs reclined,
And high Enispè shook by wintry wind,
And fair Mantinea’s ever-pleasing site;
In sixty sail the Arcadian bands unite.
Bold Agapenor, glorious at their head,
(Ancæus’ son) the mighty squadron led.
Their ships, supplied by Agamemnon’s care,
Through roaring seas the wondering warriors bear;
The first to battle on the appointed plain,
But new to all the dangers of the main.",Ilias
760,"Those, where fair Elis and Buprasium join;
Whom Hyrmin, here, and Myrsinus confine,
And bounded there, where o’er the valleys rose
The Olenian rock; and where Alisium flows;
Beneath four chiefs (a numerous army) came:
The strength and glory of the Epean name.
In separate squadrons these their train divide,
Each leads ten vessels through the yielding tide.
One was Amphimachus, and Thalpius one;
(Eurytus’ this, and that Teätus’ son;)
Diores sprung from Amarynceus’ line;
And great Polyxenus, of force divine.",Ilias
761,"But those who view fair Elis o’er the seas
From the blest islands of the Echinades,
In forty vessels under Meges move,
Begot by Phyleus, the beloved of Jove:
To strong Dulichium from his sire he fled,
And thence to Troy his hardy warriors led.",Ilias
762,"Ulysses follow’d through the watery road,
A chief, in wisdom equal to a god.
With those whom Cephalenia’s line inclosed,
Or till their fields along the coast opposed;
Or where fair Ithaca o’erlooks the floods,
Where high Neritos shakes his waving woods,
Where Ægilipa’s rugged sides are seen,
Crocylia rocky, and Zacynthus green.
These in twelve galleys with vermilion prores,
Beneath his conduct sought the Phrygian shores.",Ilias
763,"Thoas came next, Andræmon’s valiant son,
From Pleuron’s walls, and chalky Calydon,
And rough Pylene, and the Olenian steep,
And Chalcis, beaten by the rolling deep.
He led the warriors from the Ætolian shore,
For now the sons of Œneus were no more!
The glories of the mighty race were fled!
Œneus himself, and Meleager dead!
To Thoas’ care now trust the martial train,
His forty vessels follow through the main.",Ilias
764,"Next, eighty barks the Cretan king commands,
Of Gnossus, Lyctus, and Gortyna’s bands;
And those who dwell where Rhytion’s domes arise,
Or white Lycastus glitters to the skies,
Or where by Phæstus silver Jardan runs;
Crete’s hundred cities pour forth all her sons.
These march’d, Idomeneus, beneath thy care,
And Merion, dreadful as the god of war.",Ilias
765,"Tlepolemus, the son of Hercules,
Led nine swift vessels through the foamy seas,
From Rhodes, with everlasting sunshine bright,
Jalyssus, Lindus, and Camirus white.
His captive mother fierce Alcides bore
From Ephyr’s walls and Sellè’s winding shore,
Where mighty towns in ruins spread the plain,
And saw their blooming warriors early slain.
The hero, when to manly years he grew,
Alcides’ uncle, old Licymnius, slew;
For this, constrain’d to quit his native place,
And shun the vengeance of the Herculean race,
A fleet he built, and with a numerous train
Of willing exiles wander’d o’er the main;
Where, many seas and many sufferings past,
On happy Rhodes the chief arrived at last:
There in three tribes divides his native band,
And rules them peaceful in a foreign land;
Increased and prosper’d in their new abodes
By mighty Jove, the sire of men and gods;
With joy they saw the growing empire rise,
And showers of wealth descending from the skies.",Ilias
766,"Three ships with Nireus sought the Trojan shore,
Nireus, whom Agäle to Charopus bore,
Nireus, in faultless shape and blooming grace,
The loveliest youth of all the Grecian race;[104]
Pelides only match’d his early charms;
But few his troops, and small his strength in arms.",Ilias
767,"Next thirty galleys cleave the liquid plain,
Of those Calydnæ’s sea-girt isles contain;
With them the youth of Nisyrus repair,
Casus the strong, and Crapathus the fair;
Cos, where Eurypylus possess’d the sway,
Till great Alcides made the realms obey:
These Antiphus and bold Phidippus bring,
Sprung from the god by Thessalus the king.",Ilias
768,"Now, Muse, recount Pelasgic Argos’ powers,
From Alos, Alopé, and Trechin’s towers:
From Phthia’s spacious vales; and Hella, bless’d
With female beauty far beyond the rest.
Full fifty ships beneath Achilles’ care,
The Achaians, Myrmidons, Hellenians bear;
Thessalians all, though various in their name;
The same their nation, and their chief the same.
But now inglorious, stretch’d along the shore,
They hear the brazen voice of war no more;
No more the foe they face in dire array:
Close in his fleet the angry leader lay;
Since fair Briseïs from his arms was torn,
The noblest spoil from sack’d Lyrnessus borne,
Then, when the chief the Theban walls o’erthrew,
And the bold sons of great Evenus slew.
There mourn’d Achilles, plunged in depth of care,
But soon to rise in slaughter, blood, and war.",Ilias
769,"To these the youth of Phylacè succeed,
Itona, famous for her fleecy breed,
And grassy Pteleon deck’d with cheerful greens,
The bowers of Ceres, and the sylvan scenes.
Sweet Pyrrhasus, with blooming flowerets crown’d,
And Antron’s watery dens, and cavern’d ground.
These own’d, as chief, Protesilas the brave,
Who now lay silent in the gloomy grave:
The first who boldly touch’d the Trojan shore,
And dyed a Phrygian lance with Grecian gore;
There lies, far distant from his native plain;
Unfinish’d his proud palaces remain,
And his sad consort beats her breast in vain.
His troops in forty ships Podarces led,
Iphiclus’ son, and brother to the dead;
Nor he unworthy to command the host;
Yet still they mourn’d their ancient leader lost.",Ilias
770,"The men who Glaphyra’s fair soil partake,
Where hills incircle Bœbe’s lowly lake,
Where Phære hears the neighbouring waters fall,
Or proud Iölcus lifts her airy wall,
In ten black ships embark’d for Ilion’s shore,
With bold Eumelus, whom Alcestè bore:
All Pelias’ race Alcestè far outshined,
The grace and glory of the beauteous kind,",Ilias
771,"The troops Methonè or Thaumacia yields,
Olizon’s rocks, or Melibœa’s fields,
With Philoctetes sail’d whose matchless art
From the tough bow directs the feather’d dart.
Seven were his ships; each vessel fifty row,
Skill’d in his science of the dart and bow.
But he lay raging on the Lemnian ground,
A poisonous hydra gave the burning wound;
There groan’d the chief in agonizing pain,
Whom Greece at length shall wish, nor wish in vain.
His forces Medon led from Lemnos’ shore,
Oïleus’ son, whom beauteous Rhena bore.",Ilias
772,"The Œchalian race, in those high towers contain’d
Where once Eurytus in proud triumph reign’d,
Or where her humbler turrets Tricca rears,
Or where Ithome, rough with rocks, appears,
In thirty sail the sparkling waves divide,
Which Podalirius and Machaon guide.
To these his skill their parent-god imparts,
Divine professors of the healing arts.",Ilias
773,"The bold Ormenian and Asterian bands
In forty barks Eurypylus commands.
Where Titan hides his hoary head in snow,
And where Hyperia’s silver fountains flow.
Thy troops, Argissa, Polypœtes leads,
And Eleon, shelter’d by Olympus’ shades,
Gyrtonè’s warriors; and where Orthè lies,
And Oloösson’s chalky cliffs arise.
Sprung from Pirithous of immortal race,
The fruit of fair Hippodame’s embrace,
(That day, when hurl’d from Pelion’s cloudy head,
To distant dens the shaggy Centaurs fled)
With Polypœtes join’d in equal sway
Leonteus leads, and forty ships obey.",Ilias
774,"In twenty sail the bold Perrhæbians came
From Cyphus, Guneus was their leader’s name.
With these the Enians join’d, and those who freeze
Where cold Dodona lifts her holy trees;
Or where the pleasing Titaresius glides,
And into Peneus rolls his easy tides;
Yet o’er the silvery surface pure they flow,
The sacred stream unmix’d with streams below,
Sacred and awful! from the dark abodes
Styx pours them forth, the dreadful oath of gods!",Ilias
775,"Last, under Prothous the Magnesians stood,
(Prothous the swift, of old Tenthredon’s blood;)
Who dwell where Pelion, crown’d with piny boughs,
Obscures the glade, and nods his shaggy brows;
Or where through flowery Tempe Peneus stray’d:
(The region stretch’d beneath his mighty shade:)
In forty sable barks they stemm’d the main;
Such were the chiefs, and such the Grecian train.",Ilias
776,"Now, like a deluge, covering all around,
The shining armies sweep along the ground;
Swift as a flood of fire, when storms arise,
Floats the wild field, and blazes to the skies.
Earth groan’d beneath them; as when angry Jove
Hurls down the forky lightning from above,
On Arimé when he the thunder throws,
And fires Typhœus with redoubled blows,
Where Typhon, press’d beneath the burning load,
Still feels the fury of the avenging god.",Ilias
777,"But various Iris, Jove’s commands to bear,
Speeds on the wings of winds through liquid air;
In Priam’s porch the Trojan chiefs she found,
The old consulting, and the youths around.
Polites’ shape, the monarch’s son, she chose,
Who from Æsetes’ tomb observed the foes,[105]
High on the mound; from whence in prospect lay
The fields, the tents, the navy, and the bay.
In this dissembled form, she hastes to bring
The unwelcome message to the Phrygian king.",Ilias
778,"“Cease to consult, the time for action calls;
War, horrid war, approaches to your walls!
Assembled armies oft have I beheld;
But ne’er till now such numbers charged a field:
Thick as autumnal leaves or driving sand,
The moving squadrons blacken all the strand.
Thou, godlike Hector! all thy force employ,
Assemble all the united bands of Troy;
In just array let every leader call
The foreign troops: this day demands them all!”",Ilias
779,"The voice divine the mighty chief alarms;
The council breaks, the warriors rush to arms.
The gates unfolding pour forth all their train,
Nations on nations fill the dusky plain,
Men, steeds, and chariots, shake the trembling ground:
The tumult thickens, and the skies resound.",Ilias
780,"Amidst the plain, in sight of Ilion, stands
A rising mount, the work of human hands;
(This for Myrinne’s tomb the immortals know,
Though call’d Bateïa in the world below;)
Beneath their chiefs in martial order here,
The auxiliar troops and Trojan hosts appear.",Ilias
781,"The godlike Hector, high above the rest,
Shakes his huge spear, and nods his plumy crest:
In throngs around his native bands repair,
And groves of lances glitter in the air.",Ilias
782,"Divine Æneas brings the Dardan race,
Anchises’ son, by Venus’ stolen embrace,
Born in the shades of Ida’s secret grove;
(A mortal mixing with the queen of love;)
Archilochus and Acamas divide
The warrior’s toils, and combat by his side.",Ilias
783,"Who fair Zeleia’s wealthy valleys till,[106]
Fast by the foot of Ida’s sacred hill,
Or drink, Æsepus, of thy sable flood,
Were led by Pandarus, of royal blood;
To whom his art Apollo deign’d to show,
Graced with the presents of his shafts and bow.",Ilias
784,"From rich Apæsus and Adrestia’s towers,
High Teree’s summits, and Pityea’s bowers;
From these the congregated troops obey
Young Amphius and Adrastus’ equal sway;
Old Merops’ sons; whom, skill’d in fates to come,
The sire forewarn’d, and prophesied their doom:
Fate urged them on! the sire forewarn’d in vain,
They rush’d to war, and perish’d on the plain.",Ilias
785,"From Practius’ stream, Percotè’s pasture lands,
And Sestos and Abydos’ neighbouring strands,
From great Arisba’s walls and Sellè’s coast,
Asius Hyrtacides conducts his host:
High on his car he shakes the flowing reins,
His fiery coursers thunder o’er the plains.",Ilias
786,"The fierce Pelasgi next, in war renown’d,
March from Larissa’s ever-fertile ground:
In equal arms their brother leaders shine,
Hippothous bold, and Pyleus the divine.",Ilias
787,"Next Acamas and Pyrous lead their hosts,
In dread array, from Thracia’s wintry coasts;
Round the bleak realms where Hellespontus roars,
And Boreas beats the hoarse-resounding shores.",Ilias
788,"Pyræchmes the Pæonian troops attend,
Skill’d in the fight their crooked bows to bend;
From Axius’ ample bed he leads them on,
Axius, that laves the distant Amydon,
Axius, that swells with all his neighbouring rills,
And wide around the floating region fills.",Ilias
789,"The Paphlagonians Pylæmenes rules,
Where rich Henetia breeds her savage mules,
Where Erythinus’ rising cliffs are seen,
Thy groves of box, Cytorus! ever green,
And where Ægialus and Cromna lie,
And lofty Sesamus invades the sky,
And where Parthenius, roll’d through banks of flowers,
Reflects her bordering palaces and bowers.",Ilias
790,"Here march’d in arms the Halizonian band,
Whom Odius and Epistrophus command,
From those far regions where the sun refines
The ripening silver in Alybean mines.",Ilias
791,"There mighty Chromis led the Mysian train,
And augur Ennomus, inspired in vain;
For stern Achilles lopp’d his sacred head,
Roll’d down Scamander with the vulgar dead.",Ilias
792,"Of those who round Mæonia’s realms reside,
Or whom the vales in shades of Tmolus hide,
Mestles and Antiphus the charge partake,
Born on the banks of Gyges’ silent lake.
There, from the fields where wild Mæander flows,
High Mycale, and Latmos’ shady brows,
And proud Miletus, came the Carian throngs,
With mingled clamours and with barbarous tongues.[107]
Amphimachus and Naustes guide the train,
Naustes the bold, Amphimachus the vain,
Who, trick’d with gold, and glittering on his car,
Rode like a woman to the field of war.
Fool that he was! by fierce Achilles slain,
The river swept him to the briny main:
There whelm’d with waves the gaudy warrior lies
The valiant victor seized the golden prize.",Ilias
793,"The forces last in fair array succeed,
Which blameless Glaucus and Sarpedon lead
The warlike bands that distant Lycia yields,
Where gulfy Xanthus foams along the fields.",Ilias
794,"
The armies being ready to engage, a single combat is agreed upon
between Menelaus and Paris (by the intervention of Hector) for the
determination of the war. Iris is sent to call Helen to behold the
fight. She leads her to the walls of Troy, where Priam sat with his
counsellers observing the Grecian leaders on the plain below, to whom
Helen gives an account of the chief of them. The kings on either part
take the solemn oath for the conditions of the combat. The duel ensues;
wherein Paris being overcome, he is snatched away in a cloud by Venus,
and transported to his apartment. She then calls Helen from the walls,
and brings the lovers together. Agamemnon, on the part of the Grecians,
demands the restoration of Helen, and the performance of the articles.
    The three-and-twentieth day still continues throughout this book.
    The scene is sometimes in the fields before Troy, and sometimes in
    Troy itself.",Ilias
795,"Now front to front the hostile armies stand,
Eager of fight, and only wait command;
When, to the van, before the sons of fame
Whom Troy sent forth, the beauteous Paris came:
In form a god! the panther’s speckled hide
Flow’d o’er his armour with an easy pride:
His bended bow across his shoulders flung,
His sword beside him negligently hung;
Two pointed spears he shook with gallant grace,
And dared the bravest of the Grecian race.",Ilias
796,"As thus, with glorious air and proud disdain,
He boldly stalk’d, the foremost on the plain,
Him Menelaus, loved of Mars, espies,
With heart elated, and with joyful eyes:
So joys a lion, if the branching deer,
Or mountain goat, his bulky prize, appear;
Eager he seizes and devours the slain,
Press’d by bold youths and baying dogs in vain.
Thus fond of vengeance, with a furious bound,
In clanging arms he leaps upon the ground
From his high chariot: him, approaching near,
The beauteous champion views with marks of fear,
Smit with a conscious sense, retires behind,
And shuns the fate he well deserved to find.
As when some shepherd, from the rustling trees[110]
Shot forth to view, a scaly serpent sees,
Trembling and pale, he starts with wild affright
And all confused precipitates his flight:
So from the king the shining warrior flies,
And plunged amid the thickest Trojans lies.",Ilias
797,"He said. The challenge Hector heard with joy,
Then with his spear restrain’d the youth of Troy,
Held by the midst, athwart; and near the foe
Advanced with steps majestically slow:
While round his dauntless head the Grecians pour
Their stones and arrows in a mingled shower.",Ilias
798,"Then thus the monarch, great Atrides, cried:
“Forbear, ye warriors! lay the darts aside:
A parley Hector asks, a message bears;
We know him by the various plume he wears.”
Awed by his high command the Greeks attend,
The tumult silence, and the fight suspend.",Ilias
799,"While from the centre Hector rolls his eyes
On either host, and thus to both applies:
“Hear, all ye Trojan, all ye Grecian bands,
What Paris, author of the war, demands.
Your shining swords within the sheath restrain,
And pitch your lances in the yielding plain.
Here in the midst, in either army’s sight,
He dares the Spartan king to single fight;
And wills that Helen and the ravish’d spoil,
That caused the contest, shall reward the toil.
Let these the brave triumphant victor grace,
And different nations part in leagues of peace.”",Ilias
800,"“Me too, ye warriors, hear, whose fatal right
A world engages in the toils of fight.
To me the labour of the field resign;
Me Paris injured; all the war be mine.
Fall he that must, beneath his rival’s arms;
And live the rest, secure of future harms.
Two lambs, devoted by your country’s rite,
To earth a sable, to the sun a white,
Prepare, ye Trojans! while a third we bring
Select to Jove, the inviolable king.
Let reverend Priam in the truce engage,
And add the sanction of considerate age;
His sons are faithless, headlong in debate,
And youth itself an empty wavering state;
Cool age advances, venerably wise,
Turns on all hands its deep-discerning eyes;
Sees what befell, and what may yet befall,
Concludes from both, and best provides for all.",Ilias
801,"The nations hear with rising hopes possess’d,
And peaceful prospects dawn in every breast.
Within the lines they drew their steeds around,
And from their chariots issued on the ground;
Next, all unbuckling the rich mail they wore,
Laid their bright arms along the sable shore.
On either side the meeting hosts are seen
With lances fix’d, and close the space between.
Two heralds now, despatch’d to Troy, invite
The Phrygian monarch to the peaceful rite.",Ilias
802,"Meantime to beauteous Helen, from the skies
The various goddess of the rainbow flies:
(Like fair Laodice in form and face,
The loveliest nymph of Priam’s royal race:)
Her in the palace, at her loom she found;
The golden web her own sad story crown’d,
The Trojan wars she weaved (herself the prize)
And the dire triumphs of her fatal eyes.
To whom the goddess of the painted bow:
“Approach, and view the wondrous scene below![112]
Each hardy Greek, and valiant Trojan knight,
So dreadful late, and furious for the fight,
Now rest their spears, or lean upon their shields;
Ceased is the war, and silent all the fields.
Paris alone and Sparta’s king advance,
In single fight to toss the beamy lance;
Each met in arms, the fate of combat tries,
Thy love the motive, and thy charms the prize.”",Ilias
803,"This said, the many-coloured maid inspires
Her husband’s love, and wakes her former fires;
Her country, parents, all that once were dear,
Rush to her thought, and force a tender tear,
O’er her fair face a snowy veil she threw,
And, softly sighing, from the loom withdrew.
Her handmaids, Clymene and Æthra, wait
Her silent footsteps to the Scæan gate.",Ilias
804,"There sat the seniors of the Trojan race:
(Old Priam’s chiefs, and most in Priam’s grace,)
The king the first; Thymœtes at his side;
Lampus and Clytius, long in council tried;
Panthus, and Hicetaon, once the strong;
And next, the wisest of the reverend throng,
Antenor grave, and sage Ucalegon,
Lean’d on the walls and bask’d before the sun:
Chiefs, who no more in bloody fights engage,
But wise through time, and narrative with age,
In summer days, like grasshoppers rejoice,
A bloodless race, that send a feeble voice.
These, when the Spartan queen approach’d the tower,
In secret own’d resistless beauty’s power:
They cried, “No wonder[113] such celestial charms
For nine long years have set the world in arms;
What winning graces! what majestic mien!
She moves a goddess, and she looks a queen!
Yet hence, O Heaven, convey that fatal face,
And from destruction save the Trojan race.”",Ilias
805,"The good old Priam welcomed her, and cried,
“Approach, my child, and grace thy father’s side.
See on the plain thy Grecian spouse appears,
The friends and kindred of thy former years.
No crime of thine our present sufferings draws,
Not thou, but Heaven’s disposing will, the cause
The gods these armies and this force employ,
The hostile gods conspire the fate of Troy.
But lift thy eyes, and say, what Greek is he
(Far as from hence these aged orbs can see)
Around whose brow such martial graces shine,
So tall, so awful, and almost divine!
Though some of larger stature tread the green,
None match his grandeur and exalted mien:
He seems a monarch, and his country’s pride.”
Thus ceased the king, and thus the fair replied:",Ilias
806,"“Before thy presence, father, I appear,
With conscious shame and reverential fear.
Ah! had I died, ere to these walls I fled,
False to my country, and my nuptial bed;
My brothers, friends, and daughter left behind,
False to them all, to Paris only kind!
For this I mourn, till grief or dire disease
Shall waste the form whose fault it was to please!
The king of kings, Atrides, you survey,
Great in the war, and great in arts of sway:
My brother once, before my days of shame!
And oh! that still he bore a brother’s name!”",Ilias
807,"With wonder Priam view’d the godlike man,
Extoll’d the happy prince, and thus began:
“O bless’d Atrides! born to prosperous fate,
Successful monarch of a mighty state!
How vast thy empire! Of your matchless train
What numbers lost, what numbers yet remain!
In Phrygia once were gallant armies known,
In ancient time, when Otreus fill’d the throne,
When godlike Mygdon led their troops of horse,
And I, to join them, raised the Trojan force:
Against the manlike Amazons we stood,[114]
And Sangar’s stream ran purple with their blood.
But far inferior those, in martial grace,
And strength of numbers, to this Grecian race.”",Ilias
808,"This said, once more he view’d the warrior train;
“What’s he, whose arms lie scatter’d on the plain?
Broad is his breast, his shoulders larger spread,
Though great Atrides overtops his head.
Nor yet appear his care and conduct small;
From rank to rank he moves, and orders all.
The stately ram thus measures o’er the ground,
And, master of the flock, surveys them round.”",Ilias
809,"Then Helen thus: “Whom your discerning eyes
Have singled out, is Ithacus the wise;
A barren island boasts his glorious birth;
His fame for wisdom fills the spacious earth.”",Ilias
810,"The king then ask’d (as yet the camp he view’d)
“What chief is that, with giant strength endued,
Whose brawny shoulders, and whose swelling chest,
And lofty stature, far exceed the rest?
“Ajax the great, (the beauteous queen replied,)
Himself a host: the Grecian strength and pride.
See! bold Idomeneus superior towers
Amid yon circle of his Cretan powers,
Great as a god! I saw him once before,
With Menelaus on the Spartan shore.
The rest I know, and could in order name;
All valiant chiefs, and men of mighty fame.
Yet two are wanting of the numerous train,
Whom long my eyes have sought, but sought in vain:
Castor and Pollux, first in martial force,
One bold on foot, and one renown’d for horse.
My brothers these; the same our native shore,
One house contain’d us, as one mother bore.
Perhaps the chiefs, from warlike toils at ease,
For distant Troy refused to sail the seas;
Perhaps their swords some nobler quarrel draws,
Ashamed to combat in their sister’s cause.”",Ilias
811,"So spoke the fair, nor knew her brothers’ doom;[118]
Wrapt in the cold embraces of the tomb;
Adorn’d with honours in their native shore,
Silent they slept, and heard of wars no more.",Ilias
812,"Meantime the heralds, through the crowded town,
Bring the rich wine and destined victims down.
Idæus’ arms the golden goblets press’d,[119]
Who thus the venerable king address’d:
“Arise, O father of the Trojan state!
The nations call, thy joyful people wait
To seal the truce, and end the dire debate.
Paris, thy son, and Sparta’s king advance,
In measured lists to toss the weighty lance;
And who his rival shall in arms subdue,
His be the dame, and his the treasure too.
Thus with a lasting league our toils may cease,
And Troy possess her fertile fields in peace:
So shall the Greeks review their native shore,
Much famed for generous steeds, for beauty more.”",Ilias
813,"With grief he heard, and bade the chiefs prepare
To join his milk-white coursers to the car;
He mounts the seat, Antenor at his side;
The gentle steeds through Scæa’s gates they guide:[120]
Next from the car descending on the plain,
Amid the Grecian host and Trojan train,
Slow they proceed: the sage Ulysses then
Arose, and with him rose the king of men.
On either side a sacred herald stands,
The wine they mix, and on each monarch’s hands
Pour the full urn; then draws the Grecian lord
His cutlass sheathed beside his ponderous sword;
From the sign’d victims crops the curling hair;[121]
The heralds part it, and the princes share;
Then loudly thus before the attentive bands
He calls the gods, and spreads his lifted hands:",Ilias
814,"“O first and greatest power! whom all obey,
Who high on Ida’s holy mountain sway,
Eternal Jove! and you bright orb that roll
From east to west, and view from pole to pole!
Thou mother Earth! and all ye living floods!
Infernal furies, and Tartarean gods,
Who rule the dead, and horrid woes prepare
For perjured kings, and all who falsely swear!
Hear, and be witness. If, by Paris slain,
Great Menelaus press the fatal plain;
The dame and treasures let the Trojan keep,
And Greece returning plough the watery deep.
If by my brother’s lance the Trojan bleed,
Be his the wealth and beauteous dame decreed:
The appointed fine let Ilion justly pay,
And every age record the signal day.
This if the Phrygians shall refuse to yield,
Arms must revenge, and Mars decide the field.”",Ilias
815,"With that the chief the tender victims slew,
And in the dust their bleeding bodies threw;
The vital spirit issued at the wound,
And left the members quivering on the ground.
From the same urn they drink the mingled wine,
And add libations to the powers divine.
While thus their prayers united mount the sky,
“Hear, mighty Jove! and hear, ye gods on high!
And may their blood, who first the league confound,
Shed like this wine, disdain the thirsty ground;
May all their consorts serve promiscuous lust,
And all their lust be scatter’d as the dust!”
Thus either host their imprecations join’d,
Which Jove refused, and mingled with the wind.",Ilias
816,"The rites now finish’d, reverend Priam rose,
And thus express’d a heart o’ercharged with woes:
“Ye Greeks and Trojans, let the chiefs engage,
But spare the weakness of my feeble age:
In yonder walls that object let me shun,
Nor view the danger of so dear a son.
Whose arms shall conquer and what prince shall fall,
Heaven only knows; for heaven disposes all.”",Ilias
817,"This said, the hoary king no longer stay’d,
But on his car the slaughter’d victims laid:
Then seized the reins his gentle steeds to guide,
And drove to Troy, Antenor at his side.",Ilias
818,"Bold Hector and Ulysses now dispose
The lists of combat, and the ground inclose:
Next to decide, by sacred lots prepare,
Who first shall launch his pointed spear in air.
The people pray with elevated hands,
And words like these are heard through all the bands:
“Immortal Jove, high Heaven’s superior lord,
On lofty Ida’s holy mount adored!
Whoe’er involved us in this dire debate,
O give that author of the war to fate
And shades eternal! let division cease,
And joyful nations join in leagues of peace.”",Ilias
819,"With eyes averted Hector hastes to turn
The lots of fight and shakes the brazen urn.
Then, Paris, thine leap’d forth; by fatal chance
Ordain’d the first to whirl the weighty lance.
Both armies sat the combat to survey.
Beside each chief his azure armour lay,
And round the lists the generous coursers neigh.
The beauteous warrior now arrays for fight,
In gilded arms magnificently bright:
The purple cuishes clasp his thighs around,
With flowers adorn’d, with silver buckles bound:
Lycaon’s corslet his fair body dress’d,
Braced in and fitted to his softer breast;
A radiant baldric, o’er his shoulder tied,
Sustain’d the sword that glitter’d at his side:
His youthful face a polish’d helm o’erspread;
The waving horse-hair nodded on his head:
His figured shield, a shining orb, he takes,
And in his hand a pointed javelin shakes.
With equal speed and fired by equal charms,
The Spartan hero sheathes his limbs in arms.",Ilias
820,"Now round the lists the admiring armies stand,
With javelins fix’d, the Greek and Trojan band.
Amidst the dreadful vale, the chiefs advance,
All pale with rage, and shake the threatening lance.
The Trojan first his shining javelin threw;
Full on Atrides’ ringing shield it flew,
Nor pierced the brazen orb, but with a bound[122]
Leap’d from the buckler, blunted, on the ground.
Atrides then his massy lance prepares,
In act to throw, but first prefers his prayers:",Ilias
821,"
“Haste, happy nymph! for thee thy Paris calls,
Safe from the fight, in yonder lofty walls,
Fair as a god; with odours round him spread,
He lies, and waits thee on the well-known bed;
Not like a warrior parted from the foe,
But some gay dancer in the public show.”",Ilias
822,"
Then thus incensed, the Paphian queen replies:
“Obey the power from whom thy glories rise:
Should Venus leave thee, every charm must fly,
Fade from thy cheek, and languish in thy eye.
Cease to provoke me, lest I make thee more
The world’s aversion, than their love before;
Now the bright prize for which mankind engage,
Than, the sad victim, of the public rage.”",Ilias
823,"At this, the fairest of her sex obey’d,
And veil’d her blushes in a silken shade;
Unseen, and silent, from the train she moves,
Led by the goddess of the Smiles and Loves.
Arrived, and enter’d at the palace gate,
The maids officious round their mistress wait;
Then, all dispersing, various tasks attend;
The queen and goddess to the prince ascend.
Full in her Paris’ sight, the queen of love
Had placed the beauteous progeny of Jove;
Where, as he view’d her charms, she turn’d away
Her glowing eyes, and thus began to say:",Ilias
824,"“Is this the chief, who, lost to sense of shame,
Late fled the field, and yet survives his fame?
O hadst thou died beneath the righteous sword
Of that brave man whom once I call’d my lord!
The boaster Paris oft desired the day
With Sparta’s king to meet in single fray:
Go now, once more thy rival’s rage excite,
Provoke Atrides, and renew the fight:
Yet Helen bids thee stay, lest thou unskill’d
Shouldst fall an easy conquest on the field.”",Ilias
825,"The prince replies: “Ah cease, divinely fair,
Nor add reproaches to the wounds I bear;
This day the foe prevail’d by Pallas’ power:
We yet may vanquish in a happier hour:
There want not gods to favour us above;
But let the business of our life be love:
These softer moments let delights employ,
And kind embraces snatch the hasty joy.
Not thus I loved thee, when from Sparta’s shore
My forced, my willing heavenly prize I bore,
When first entranced in Cranae’s isle I lay,[124]
Mix’d with thy soul, and all dissolved away!”
Thus having spoke, the enamour’d Phrygian boy
Rush’d to the bed, impatient for the joy.
Him Helen follow’d slow with bashful charms,
And clasp’d the blooming hero in her arms.",Ilias
826,"While these to love’s delicious rapture yield,
The stern Atrides rages round the field:
So some fell lion whom the woods obey,
Roars through the desert, and demands his prey.
Paris he seeks, impatient to destroy,
But seeks in vain along the troops of Troy;
Even those had yielded to a foe so brave
The recreant warrior, hateful as the grave.
Then speaking thus, the king of kings arose,
“Ye Trojans, Dardans, all our generous foes!
Hear and attest! from Heaven with conquest crown’d,
Our brother’s arms the just success have found:
Be therefore now the Spartan wealth restor’d,
Let Argive Helen own her lawful lord;
The appointed fine let Ilion justly pay,
And age to age record this signal day.”",Ilias
827,"
The gods deliberate in council concerning the Trojan war: they agree
upon the continuation of it, and Jupiter sends down Minerva to break
the truce. She persuades Pandarus to aim an arrow at Menelaus, who is
wounded, but cured by Machaon. In the meantime some of the Trojan
troops attack the Greeks. Agamemnon is distinguished in all the parts
of a good general; he reviews the troops, and exhorts the leaders, some
by praises and others by reproof. Nestor is particularly celebrated for
his military discipline. The battle joins, and great numbers are slain
on both sides.
    The same day continues through this as through the last book (as it
    does also through the two following, and almost to the end of the
    seventh book). The scene is wholly in the field before Troy.",Ilias
828,"
And now Olympus’ shining gates unfold;
The gods, with Jove, assume their thrones of gold:
Immortal Hebe, fresh with bloom divine,
The golden goblet crowns with purple wine:
While the full bowls flow round, the powers employ
Their careful eyes on long-contended Troy.",Ilias
829,"When Jove, disposed to tempt Saturnia’s spleen,
Thus waked the fury of his partial queen,
“Two powers divine the son of Atreus aid,
Imperial Juno, and the martial maid;[125]
But high in heaven they sit, and gaze from far,
The tame spectators of his deeds of war.
Not thus fair Venus helps her favour’d knight,
The queen of pleasures shares the toils of fight,
Each danger wards, and constant in her care,
Saves in the moment of the last despair.
Her act has rescued Paris’ forfeit life,
Though great Atrides gain’d the glorious strife.
Then say, ye powers! what signal issue waits
To crown this deed, and finish all the fates!
Shall Heaven by peace the bleeding kingdoms spare,
Or rouse the furies, and awake the war?
Yet, would the gods for human good provide,
Atrides soon might gain his beauteous bride,
Still Priam’s walls in peaceful honours grow,
And through his gates the crowding nations flow.”",Ilias
830,"Thus while he spoke, the queen of heaven, enraged,
And queen of war, in close consult engaged:
Apart they sit, their deep designs employ,
And meditate the future woes of Troy.
Though secret anger swell’d Minerva’s breast,
The prudent goddess yet her wrath suppress’d;
But Juno, impotent of passion, broke
Her sullen silence, and with fury spoke:",Ilias
831,"
“Shall then, O tyrant of the ethereal reign!
My schemes, my labours, and my hopes be vain?
Have I, for this, shook Ilion with alarms,
Assembled nations, set two worlds in arms?
To spread the war, I flew from shore to shore;
The immortal coursers scarce the labour bore.
At length ripe vengeance o’er their heads impends,
But Jove himself the faithless race defends.
Loth as thou art to punish lawless lust,
Not all the gods are partial and unjust.”",Ilias
832,"At this the goddess rolled her radiant eyes,
Then on the Thunderer fix’d them, and replies:
“Three towns are Juno’s on the Grecian plains,
More dear than all the extended earth contains,
Mycenæ, Argos, and the Spartan wall;[127]",Ilias
833,"These thou mayst raze, nor I forbid their fall:
’Tis not in me the vengeance to remove;
The crime’s sufficient that they share my love.
Of power superior why should I complain?
Resent I may, but must resent in vain.
Yet some distinction Juno might require,
Sprung with thyself from one celestial sire,
A goddess born, to share the realms above,
And styled the consort of the thundering Jove;
Nor thou a wife and sister’s right deny;[128]
Let both consent, and both by terms comply;
So shall the gods our joint decrees obey,
And heaven shall act as we direct the way.
See ready Pallas waits thy high commands
To raise in arms the Greek and Phrygian bands;
Their sudden friendship by her arts may cease,
And the proud Trojans first infringe the peace.”",Ilias
834,"The sire of men and monarch of the sky
The advice approved, and bade Minerva fly,
Dissolve the league, and all her arts employ
To make the breach the faithless act of Troy.
Fired with the charge, she headlong urged her flight,
And shot like lightning from Olympus’ height.
As the red comet, from Saturnius sent
To fright the nations with a dire portent,
(A fatal sign to armies on the plain,
Or trembling sailors on the wintry main,)
With sweeping glories glides along in air,
And shakes the sparkles from its blazing hair:[129]
Between both armies thus, in open sight
Shot the bright goddess in a trail of light,
With eyes erect the gazing hosts admire
The power descending, and the heavens on fire!
“The gods (they cried), the gods this signal sent,
And fate now labours with some vast event:
Jove seals the league, or bloodier scenes prepares;
Jove, the great arbiter of peace and wars.”",Ilias
835,"They said, while Pallas through the Trojan throng,
(In shape a mortal,) pass’d disguised along.
Like bold Laodocus, her course she bent,
Who from Antenor traced his high descent.
Amidst the ranks Lycaon’s son she found,
The warlike Pandarus, for strength renown’d;
Whose squadrons, led from black Æsepus’ flood,[130]
With flaming shields in martial circle stood.
To him the goddess: “Phrygian! canst thou hear
A well-timed counsel with a willing ear?
What praise were thine, couldst thou direct thy dart,
Amidst his triumph, to the Spartan’s heart?
What gifts from Troy, from Paris wouldst thou gain,
Thy country’s foe, the Grecian glory slain?
Then seize the occasion, dare the mighty deed,
Aim at his breast, and may that aim succeed!
But first, to speed the shaft, address thy vow
To Lycian Phœbus with the silver bow,
And swear the firstlings of thy flock to pay,
On Zelia’s altars, to the god of day.”[131]",Ilias
836,"He heard, and madly at the motion pleased,
His polish’d bow with hasty rashness seized.
’Twas form’d of horn, and smooth’d with artful toil:
A mountain goat resign’d the shining spoil.
Who pierced long since beneath his arrows bled;
The stately quarry on the cliffs lay dead,
And sixteen palms his brow’s large honours spread:
The workmen join’d, and shaped the bended horns,
And beaten gold each taper point adorns.
This, by the Greeks unseen, the warrior bends,
Screen’d by the shields of his surrounding friends:
There meditates the mark; and couching low,
Fits the sharp arrow to the well-strung bow.
One from a hundred feather’d deaths he chose,
Fated to wound, and cause of future woes;
Then offers vows with hecatombs to crown
Apollo’s altars in his native town.",Ilias
837,"Now with full force the yielding horn he bends,
Drawn to an arch, and joins the doubling ends;
Close to his breast he strains the nerve below,
Till the barb’d points approach the circling bow;
The impatient weapon whizzes on the wing;
Sounds the tough horn, and twangs the quivering string.",Ilias
838,"He said: a leader’s and a brother’s fears
Possess his soul, which thus the Spartan cheers:
“Let not thy words the warmth of Greece abate;
The feeble dart is guiltless of my fate:
Stiff with the rich embroider’d work around,
My varied belt repell’d the flying wound.”",Ilias
839,"To whom the king: “My brother and my friend,
Thus, always thus, may Heaven thy life defend!
Now seek some skilful hand, whose powerful art
May stanch the effusion, and extract the dart.
Herald, be swift, and bid Machaon bring
His speedy succour to the Spartan king;
Pierced with a winged shaft (the deed of Troy),
The Grecian’s sorrow, and the Dardan’s joy.”",Ilias
840,"With hasty zeal the swift Talthybius flies;
Through the thick files he darts his searching eyes,
And finds Machaon, where sublime he stands[132]
In arms incircled with his native bands.
Then thus: “Machaon, to the king repair,
His wounded brother claims thy timely care;
Pierced by some Lycian or Dardanian bow,
A grief to us, a triumph to the foe.”",Ilias
841,"The heavy tidings grieved the godlike man:
Swift to his succour through the ranks he ran.
The dauntless king yet standing firm he found,
And all the chiefs in deep concern around.
Where to the steely point the reed was join’d,
The shaft he drew, but left the head behind.
Straight the broad belt with gay embroidery graced,
He loosed; the corslet from his breast unbraced;
Then suck’d the blood, and sovereign balm infused,[133]
Which Chiron gave, and Æsculapius used.",Ilias
842,"While round the prince the Greeks employ their care,
The Trojans rush tumultuous to the war;
Once more they glitter in refulgent arms,
Once more the fields are fill’d with dire alarms.
Nor had you seen the king of men appear
Confused, unactive, or surprised with fear;
But fond of glory, with severe delight,
His beating bosom claim’d the rising fight.
No longer with his warlike steeds he stay’d,
Or press’d the car with polish’d brass inlaid
But left Eurymedon the reins to guide;
The fiery coursers snorted at his side.
On foot through all the martial ranks he moves
And these encourages, and those reproves.
“Brave men!” he cries, (to such who boldly dare
Urge their swift steeds to face the coming war),
“Your ancient valour on the foes approve;
Jove is with Greece, and let us trust in Jove.
’Tis not for us, but guilty Troy, to dread,
Whose crimes sit heavy on her perjured head;
Her sons and matrons Greece shall lead in chains,
And her dead warriors strew the mournful plains.”",Ilias
843,"Thus with new ardour he the brave inspires;
Or thus the fearful with reproaches fires:
“Shame to your country, scandal of your kind;
Born to the fate ye well deserve to find!
Why stand ye gazing round the dreadful plain,
Prepared for flight, but doom’d to fly in vain?
Confused and panting thus, the hunted deer
Falls as he flies, a victim to his fear.
Still must ye wait the foes, and still retire,
Till yon tall vessels blaze with Trojan fire?
Or trust ye, Jove a valiant foe shall chase,
To save a trembling, heartless, dastard race?”",Ilias
844,"Charm’d with this heat, the king his course pursues,
And next the troops of either Ajax views:
In one firm orb the bands were ranged around,
A cloud of heroes blacken’d all the ground.
Thus from the lofty promontory’s brow
A swain surveys the gathering storm below;
Slow from the main the heavy vapours rise,
Spread in dim streams, and sail along the skies,
Till black as night the swelling tempest shows,
The cloud condensing as the west-wind blows:
He dreads the impending storm, and drives his flock
To the close covert of an arching rock.",Ilias
845,"Such, and so thick, the embattled squadrons stood,
With spears erect, a moving iron wood:
A shady light was shot from glimmering shields,
And their brown arms obscured the dusky fields.",Ilias
846,"“O heroes! worthy such a dauntless train,
Whose godlike virtue we but urge in vain,
(Exclaim’d the king), who raise your eager bands
With great examples, more than loud commands.
Ah! would the gods but breathe in all the rest
Such souls as burn in your exalted breast,
Soon should our arms with just success be crown’d,
And Troy’s proud walls lie smoking on the ground.”",Ilias
847,"So spoke the master of the martial art,
And touch’d with transport great Atrides’ heart.
“Oh! hadst thou strength to match thy brave desires,
And nerves to second what thy soul inspires!
But wasting years, that wither human race,
Exhaust thy spirits, and thy arms unbrace.
What once thou wert, oh ever mightst thou be!
And age the lot of any chief but thee.”",Ilias
848,"Thus to the experienced prince Atrides cried;
He shook his hoary locks, and thus replied:
“Well might I wish, could mortal wish renew[134]
That strength which once in boiling youth I knew;
Such as I was, when Ereuthalion, slain
Beneath this arm, fell prostrate on the plain.
But heaven its gifts not all at once bestows,
These years with wisdom crowns, with action those:
The field of combat fits the young and bold,
The solemn council best becomes the old:
To you the glorious conflict I resign,
Let sage advice, the palm of age, be mine.”",Ilias
849,"He said. With joy the monarch march’d before,
And found Menestheus on the dusty shore,
With whom the firm Athenian phalanx stands;
And next Ulysses, with his subject bands.
Remote their forces lay, nor knew so far
The peace infringed, nor heard the sounds of war;
The tumult late begun, they stood intent
To watch the motion, dubious of the event.
The king, who saw their squadrons yet unmoved,
With hasty ardour thus the chiefs reproved:",Ilias
850,"“Can Peleus’ son forget a warrior’s part.
And fears Ulysses, skill’d in every art?
Why stand you distant, and the rest expect
To mix in combat which yourselves neglect?
From you ’twas hoped among the first to dare
The shock of armies, and commence the war;
For this your names are call’d before the rest,
To share the pleasures of the genial feast:
And can you, chiefs! without a blush survey
Whole troops before you labouring in the fray?
Say, is it thus those honours you requite?
The first in banquets, but the last in fight.”",Ilias
851,"Ulysses heard: the hero’s warmth o’erspread
His cheek with blushes: and severe, he said:
“Take back the unjust reproach! Behold we stand
Sheathed in bright arms, and but expect command.
If glorious deeds afford thy soul delight,
Behold me plunging in the thickest fight.
Then give thy warrior-chief a warrior’s due,
Who dares to act whate’er thou dar’st to view.”
Struck with his generous wrath, the king replies:",Ilias
852,"“O great in action, and in council wise!
With ours, thy care and ardour are the same,
Nor need I to commend, nor aught to blame.
Sage as thou art, and learn’d in human kind,
Forgive the transport of a martial mind.
Haste to the fight, secure of just amends;
The gods that make, shall keep the worthy, friends.”",Ilias
853,"No words the godlike Diomed return’d,
But heard respectful, and in secret burn’d:
Not so fierce Capaneus’ undaunted son;
Stern as his sire, the boaster thus begun:",Ilias
854,"“What needs, O monarch! this invidious praise,
Ourselves to lessen, while our sire you raise?
Dare to be just, Atrides! and confess
Our value equal, though our fury less.
With fewer troops we storm’d the Theban wall,
And happier saw the sevenfold city fall,[137]
In impious acts the guilty father died;
The sons subdued, for Heaven was on their side.
Far more than heirs of all our parents’ fame,
Our glories darken their diminish’d name.”",Ilias
855,"To him Tydides thus: “My friend, forbear;
Suppress thy passion, and the king revere:
His high concern may well excuse this rage,
Whose cause we follow, and whose war we wage:
His the first praise, were Ilion’s towers o’erthrown,
And, if we fail, the chief disgrace his own.
Let him the Greeks to hardy toils excite,
’Tis ours to labour in the glorious fight.”",Ilias
856,"Now shield with shield, with helmet helmet closed,
To armour armour, lance to lance opposed,
Host against host with shadowy squadrons drew,
The sounding darts in iron tempests flew,
Victors and vanquish’d join’d promiscuous cries,
And shrilling shouts and dying groans arise;
With streaming blood the slippery fields are dyed,
And slaughter’d heroes swell the dreadful tide.",Ilias
857,"As torrents roll, increased by numerous rills,
With rage impetuous, down their echoing hills
Rush to the vales, and pour’d along the plain,
Roar through a thousand channels to the main:
The distant shepherd trembling hears the sound;
So mix both hosts, and so their cries rebound.",Ilias
858,"The bold Antilochus the slaughter led,
The first who struck a valiant Trojan dead:
At great Echepolus the lance arrives,
Razed his high crest, and through his helmet drives;
Warm’d in the brain the brazen weapon lies,
And shades eternal settle o’er his eyes.
So sinks a tower, that long assaults had stood
Of force and fire, its walls besmear’d with blood.
Him, the bold leader of the Abantian throng,[140]
Seized to despoil, and dragg’d the corpse along:
But while he strove to tug the inserted dart,
Agenor’s javelin reach’d the hero’s heart.
His flank, unguarded by his ample shield,
Admits the lance: he falls, and spurns the field;
The nerves, unbraced, support his limbs no more;
The soul comes floating in a tide of gore.
Trojans and Greeks now gather round the slain;
The war renews, the warriors bleed again:
As o’er their prey rapacious wolves engage,
Man dies on man, and all is blood and rage.",Ilias
859,"In blooming youth fair Simoisius fell,
Sent by great Ajax to the shades of hell;
Fair Simoisius, whom his mother bore
Amid the flocks on silver Simois’ shore:
The nymph descending from the hills of Ide,
To seek her parents on his flowery side,
Brought forth the babe, their common care and joy,
And thence from Simois named the lovely boy.
Short was his date! by dreadful Ajax slain,
He falls, and renders all their cares in vain!
So falls a poplar, that in watery ground
Raised high the head, with stately branches crown’d,
(Fell’d by some artist with his shining steel,
To shape the circle of the bending wheel,)
Cut down it lies, tall, smooth, and largely spread,
With all its beauteous honours on its head
There, left a subject to the wind and rain,
And scorch’d by suns, it withers on the plain
Thus pierced by Ajax, Simoisius lies
Stretch’d on the shore, and thus neglected dies.",Ilias
860,"At Ajax, Antiphus his javelin threw;
The pointed lance with erring fury flew,
And Leucus, loved by wise Ulysses, slew.
He drops the corpse of Simoisius slain,
And sinks a breathless carcase on the plain.
This saw Ulysses, and with grief enraged,
Strode where the foremost of the foes engaged;
Arm’d with his spear, he meditates the wound,
In act to throw; but cautious look’d around,
Struck at his sight the Trojans backward drew,
And trembling heard the javelin as it flew.
A chief stood nigh, who from Abydos came,
Old Priam’s son, Democoon was his name.
The weapon entered close above his ear,
Cold through his temples glides the whizzing spear;[141]
With piercing shrieks the youth resigns his breath,
His eye-balls darken with the shades of death;
Ponderous he falls; his clanging arms resound,
And his broad buckler rings against the ground.",Ilias
861,"Seized with affright the boldest foes appear;
E’en godlike Hector seems himself to fear;
Slow he gave way, the rest tumultuous fled;
The Greeks with shouts press on, and spoil the dead:
But Phœbus now from Ilion’s towering height
Shines forth reveal’d, and animates the fight.
“Trojans, be bold, and force with force oppose;
Your foaming steeds urge headlong on the foes!
Nor are their bodies rocks, nor ribb’d with steel;
Your weapons enter, and your strokes they feel.
Have ye forgot what seem’d your dread before?
The great, the fierce Achilles fights no more.”",Ilias
862,"Apollo thus from Ilion’s lofty towers,
Array’d in terrors, roused the Trojan powers:
While war’s fierce goddess fires the Grecian foe,
And shouts and thunders in the fields below.
Then great Diores fell, by doom divine,
In vain his valour and illustrious line.
A broken rock the force of Pyrus threw,
(Who from cold Ænus led the Thracian crew,)[142]
Full on his ankle dropp’d the ponderous stone,
Burst the strong nerves, and crash’d the solid bone.
Supine he tumbles on the crimson sands,
Before his helpless friends, and native bands,
And spreads for aid his unavailing hands.
The foe rush’d furious as he pants for breath,
And through his navel drove the pointed death:
His gushing entrails smoked upon the ground,
And the warm life came issuing from the wound.",Ilias
863,"His lance bold Thoas at the conqueror sent,
Deep in his breast above the pap it went,
Amid the lungs was fix’d the winged wood,
And quivering in his heaving bosom stood:
Till from the dying chief, approaching near,
The Ætolian warrior tugg’d his weighty spear:
Then sudden waved his flaming falchion round,
And gash’d his belly with a ghastly wound;
The corpse now breathless on the bloody plain,
To spoil his arms the victor strove in vain;
The Thracian bands against the victor press’d,
A grove of lances glitter’d at his breast.
Stern Thoas, glaring with revengeful eyes,
In sullen fury slowly quits the prize.",Ilias
864,"Thus fell two heroes; one the pride of Thrace,
And one the leader of the Epeian race;
Death’s sable shade at once o’ercast their eyes,
In dust the vanquish’d and the victor lies.
With copious slaughter all the fields are red,
And heap’d with growing mountains of the dead.",Ilias
865,"Had some brave chief this martial scene beheld,
By Pallas guarded through the dreadful field;
Might darts be bid to turn their points away,
And swords around him innocently play;
The war’s whole art with wonder had he seen,
And counted heroes where he counted men.",Ilias
866,"
Diomed, assisted by Pallas, performs wonders in this day’s battle.
Pandarus wounds him with an arrow, but the goddess cures him, enables
him to discern gods from mortals, and prohibits him from contending
with any of the former, excepting Venus. Æneas joins Pandarus to oppose
him; Pandarus is killed, and Æneas in great danger but for the
assistance of Venus; who, as she is removing her son from the fight, is
wounded on the hand by Diomed. Apollo seconds her in his rescue, and at
length carries off Æneas to Troy, where he is healed in the temple of
Pergamus. Mars rallies the Trojans, and assists Hector to make a stand.
In the meantime Æneas is restored to the field, and they overthrow
several of the Greeks; among the rest Tlepolemus is slain by Sarpedon.
Juno and Minerva descend to resist Mars; the latter incites Diomed to
go against that god; he wounds him, and sends him groaning to heaven.
    The first battle continues through this book. The scene is the same
    as in the former.",Ilias
867,"
But Pallas now Tydides’ soul inspires,[143]
Fills with her force, and warms with all her fires,
Above the Greeks his deathless fame to raise,
And crown her hero with distinguish’d praise.
High on his helm celestial lightnings play,
His beamy shield emits a living ray;
The unwearied blaze incessant streams supplies,
Like the red star that fires the autumnal skies,
When fresh he rears his radiant orb to sight,
And, bathed in ocean, shoots a keener light.
Such glories Pallas on the chief bestow’d,
Such, from his arms, the fierce effulgence flow’d:
Onward she drives him, furious to engage,
Where the fight burns, and where the thickest rage.",Ilias
868,"The sons of Dares first the combat sought,
A wealthy priest, but rich without a fault;
In Vulcan’s fane the father’s days were led,
The sons to toils of glorious battle bred;
These singled from their troops the fight maintain,
These, from their steeds, Tydides on the plain.
Fierce for renown the brother-chiefs draw near,
And first bold Phegeus cast his sounding spear,
Which o’er the warrior’s shoulder took its course,
And spent in empty air its erring force.
Not so, Tydides, flew thy lance in vain,
But pierced his breast, and stretch’d him on the plain.
Seized with unusual fear, Idæus fled,
Left the rich chariot, and his brother dead.
And had not Vulcan lent celestial aid,
He too had sunk to death’s eternal shade;
But in a smoky cloud the god of fire
Preserved the son, in pity to the sire.
The steeds and chariot, to the navy led,
Increased the spoils of gallant Diomed.",Ilias
869,"Struck with amaze and shame, the Trojan crew,
Or slain, or fled, the sons of Dares view;
When by the blood-stain’d hand Minerva press’d
The god of battles, and this speech address’d:",Ilias
870,"“Stern power of war! by whom the mighty fall,
Who bathe in blood, and shake the lofty wall!
Let the brave chiefs their glorious toils divide;
And whose the conquest, mighty Jove decide:
While we from interdicted fields retire,
Nor tempt the wrath of heaven’s avenging sire.”",Ilias
871,"Her words allay the impetuous warrior’s heat,
The god of arms and martial maid retreat;
Removed from fight, on Xanthus’ flowery bounds
They sat, and listen’d to the dying sounds.",Ilias
872,"Meantime, the Greeks the Trojan race pursue,
And some bold chieftain every leader slew:
First Odius falls, and bites the bloody sand,
His death ennobled by Atrides’ hand:",Ilias
873,"As he to flight his wheeling car address’d,
The speedy javelin drove from back to breast.
In dust the mighty Halizonian lay,
His arms resound, the spirit wings its way.",Ilias
874,"Thy fate was next, O Phæstus! doom’d to feel
The great Idomeneus’ protended steel;
Whom Borus sent (his son and only joy)
From fruitful Tarne to the fields of Troy.
The Cretan javelin reach’d him from afar,
And pierced his shoulder as he mounts his car;
Back from the car he tumbles to the ground,
And everlasting shades his eyes surround.",Ilias
875,"Then died Scamandrius, expert in the chase,
In woods and wilds to wound the savage race;
Diana taught him all her sylvan arts,
To bend the bow, and aim unerring darts:
But vainly here Diana’s arts he tries,
The fatal lance arrests him as he flies;
From Menelaus’ arm the weapon sent,
Through his broad back and heaving bosom went:
Down sinks the warrior with a thundering sound,
His brazen armour rings against the ground.",Ilias
876,"Next artful Phereclus untimely fell;
Bold Merion sent him to the realms of hell.
Thy father’s skill, O Phereclus! was thine,
The graceful fabric and the fair design;
For loved by Pallas, Pallas did impart
To him the shipwright’s and the builder’s art.
Beneath his hand the fleet of Paris rose,
The fatal cause of all his country’s woes;
But he, the mystic will of heaven unknown,
Nor saw his country’s peril, nor his own.
The hapless artist, while confused he fled,
The spear of Merion mingled with the dead.
Through his right hip, with forceful fury cast,
Between the bladder and the bone it pass’d;
Prone on his knees he falls with fruitless cries,
And death in lasting slumber seals his eyes.",Ilias
877,"From Meges’ force the swift Pedaeus fled,
Antenor’s offspring from a foreign bed,
Whose generous spouse, Theanor, heavenly fair,
Nursed the young stranger with a mother’s care.
How vain those cares! when Meges in the rear
Full in his nape infix’d the fatal spear;
Swift through his crackling jaws the weapon glides,
And the cold tongue and grinning teeth divides.",Ilias
878,"Then died Hypsenor, generous and divine,
Sprung from the brave Dolopion’s mighty line,
Who near adored Scamander made abode,
Priest of the stream, and honoured as a god.
On him, amidst the flying numbers found,
Eurypylus inflicts a deadly wound;
On his broad shoulders fell the forceful brand,
Thence glancing downwards, lopp’d his holy hand,
Which stain’d with sacred blood the blushing sand.
Down sunk the priest: the purple hand of death
Closed his dim eye, and fate suppress’d his breath.",Ilias
879,"Thus toil’d the chiefs, in different parts engaged.
In every quarter fierce Tydides raged;
Amid the Greek, amid the Trojan train,
Rapt through the ranks he thunders o’er the plain;
Now here, now there, he darts from place to place,
Pours on the rear, or lightens in their face.
Thus from high hills the torrents swift and strong
Deluge whole fields, and sweep the trees along,
Through ruin’d moles the rushing wave resounds,
O’erwhelm’s the bridge, and bursts the lofty bounds;
The yellow harvests of the ripen’d year,
And flatted vineyards, one sad waste appear![144]
While Jove descends in sluicy sheets of rain,
And all the labours of mankind are vain.",Ilias
880,"So raged Tydides, boundless in his ire,
Drove armies back, and made all Troy retire.
With grief the leader of the Lycian band
Saw the wide waste of his destructive hand:
His bended bow against the chief he drew;
Swift to the mark the thirsty arrow flew,
Whose forky point the hollow breastplate tore,
Deep in his shoulder pierced, and drank the gore:
The rushing stream his brazen armour dyed,
While the proud archer thus exulting cried:",Ilias
881,"“Hither, ye Trojans, hither drive your steeds!
Lo! by our hand the bravest Grecian bleeds,
Not long the deathful dart he can sustain;
Or Phœbus urged me to these fields in vain.”
So spoke he, boastful: but the winged dart
Stopp’d short of life, and mock’d the shooter’s art.
The wounded chief, behind his car retired,
The helping hand of Sthenelus required;
Swift from his seat he leap’d upon the ground,
And tugg’d the weapon from the gushing wound;
When thus the king his guardian power address’d,
The purple current wandering o’er his vest:",Ilias
882,"“O progeny of Jove! unconquer’d maid!
If e’er my godlike sire deserved thy aid,
If e’er I felt thee in the fighting field;
Now, goddess, now, thy sacred succour yield.
O give my lance to reach the Trojan knight,
Whose arrow wounds the chief thou guard’st in fight;
And lay the boaster grovelling on the shore,
That vaunts these eyes shall view the light no more.”",Ilias
883,"Thus pray’d Tydides, and Minerva heard,
His nerves confirm’d, his languid spirits cheer’d;
He feels each limb with wonted vigour light;
His beating bosom claim’d the promised fight.
“Be bold, (she cried), in every combat shine,
War be thy province, thy protection mine;
Rush to the fight, and every foe control;
Wake each paternal virtue in thy soul:
Strength swells thy boiling breast, infused by me,
And all thy godlike father breathes in thee;
Yet more, from mortal mists I purge thy eyes,[145]
And set to view the warring deities.
These see thou shun, through all the embattled plain;
Nor rashly strive where human force is vain.
If Venus mingle in the martial band,
Her shalt thou wound: so Pallas gives command.”",Ilias
884,"Young Xanthus next, and Thoon felt his rage;
The joy and hope of Phaenops’ feeble age:
Vast was his wealth, and these the only heirs
Of all his labours and a life of cares.
Cold death o’ertakes them in their blooming years,
And leaves the father unavailing tears:
To strangers now descends his heapy store,
The race forgotten, and the name no more.",Ilias
885,"Two sons of Priam in one chariot ride,
Glittering in arms, and combat side by side.
As when the lordly lion seeks his food
Where grazing heifers range the lonely wood,
He leaps amidst them with a furious bound,
Bends their strong necks, and tears them to the ground:
So from their seats the brother chiefs are torn,
Their steeds and chariot to the navy borne.",Ilias
886,"With deep concern divine Æneas view’d
The foe prevailing, and his friends pursued;
Through the thick storm of singing spears he flies,
Exploring Pandarus with careful eyes.
At length he found Lycaon’s mighty son;
To whom the chief of Venus’ race begun:",Ilias
887,"“Where, Pandarus, are all thy honours now,
Thy winged arrows and unerring bow,
Thy matchless skill, thy yet unrivall’d fame,
And boasted glory of the Lycian name?
O pierce that mortal! if we mortal call
That wondrous force by which whole armies fall;
Or god incensed, who quits the distant skies
To punish Troy for slighted sacrifice;
(Which, oh avert from our unhappy state!
For what so dreadful as celestial hate)?
Whoe’er he be, propitiate Jove with prayer;
If man, destroy; if god, entreat to spare.”",Ilias
888,"“Too late, O friend! my rashness I deplore;
These shafts, once fatal, carry death no more.
Tydeus’ and Atreus’ sons their points have found,
And undissembled gore pursued the wound.
In vain they bleed: this unavailing bow
Serves, not to slaughter, but provoke the foe.
In evil hour these bended horns I strung,
And seized the quiver where it idly hung.
Cursed be the fate that sent me to the field
Without a warrior’s arms, the spear and shield!
If e’er with life I quit the Trojan plain,
If e’er I see my spouse and sire again,
This bow, unfaithful to my glorious aims,
Broke by my hand, shall feed the blazing flames.”",Ilias
889,"To whom the leader of the Dardan race:
“Be calm, nor Phœbus’ honour’d gift disgrace.
The distant dart be praised, though here we need
The rushing chariot and the bounding steed.
Against yon hero let us bend our course,
And, hand to hand, encounter force with force.
Now mount my seat, and from the chariot’s height
Observe my father’s steeds, renown’d in fight;
Practised alike to turn, to stop, to chase,
To dare the shock, or urge the rapid race;
Secure with these, through fighting fields we go;
Or safe to Troy, if Jove assist the foe.
Haste, seize the whip, and snatch the guiding rein;
The warrior’s fury let this arm sustain;
Or, if to combat thy bold heart incline,
Take thou the spear, the chariot’s care be mine.”",Ilias
890,"“O prince! (Lycaon’s valiant son replied)
As thine the steeds, be thine the task to guide.
The horses, practised to their lord’s command,
Shall bear the rein, and answer to thy hand;
But, if, unhappy, we desert the fight,
Thy voice alone can animate their flight;
Else shall our fates be number’d with the dead,
And these, the victor’s prize, in triumph led.
Thine be the guidance, then: with spear and shield
Myself will charge this terror of the field.”",Ilias
891,"And now both heroes mount the glittering car;
The bounding coursers rush amidst the war;
Their fierce approach bold Sthenelus espied,
Who thus, alarm’d, to great Tydides cried:",Ilias
892,"“O friend! two chiefs of force immense I see,
Dreadful they come, and bend their rage on thee:
Lo the brave heir of old Lycaon’s line,
And great Æneas, sprung from race divine!
Enough is given to fame. Ascend thy car!
And save a life, the bulwark of our war.”",Ilias
893,"He said, then shook the ponderous lance, and flung;
On his broad shield the sounding weapon rung,
Pierced the tough orb, and in his cuirass hung,
“He bleeds! the pride of Greece! (the boaster cries,)
Our triumph now, the mighty warrior lies!”
“Mistaken vaunter! (Diomed replied;)
Thy dart has erred, and now my spear be tried;
Ye ’scape not both; one, headlong from his car,
With hostile blood shall glut the god of war.”",Ilias
894,"He spoke, and rising hurl’d his forceful dart,
Which, driven by Pallas, pierced a vital part;
Full in his face it enter’d, and betwixt
The nose and eye-ball the proud Lycian fix’d;
Crash’d all his jaws, and cleft the tongue within,
Till the bright point look’d out beneath the chin.
Headlong he falls, his helmet knocks the ground:
Earth groans beneath him, and his arms resound;
The starting coursers tremble with affright;
The soul indignant seeks the realms of night.",Ilias
895,"Nor Sthenelus, with unassisting hands,
Remain’d unheedful of his lord’s commands:
His panting steeds, removed from out the war,
He fix’d with straiten’d traces to the car,
Next, rushing to the Dardan spoil, detains
The heavenly coursers with the flowing manes:
These in proud triumph to the fleet convey’d,
No longer now a Trojan lord obey’d.
That charge to bold Deipylus he gave,
(Whom most he loved, as brave men love the brave,)
Then mounting on his car, resumed the rein,
And follow’d where Tydides swept the plain.",Ilias
896,"Then with a voice that shook the vaulted skies,
The king insults the goddess as she flies:
“Ill with Jove’s daughter bloody fights agree,
The field of combat is no scene for thee:
Go, let thy own soft sex employ thy care,
Go, lull the coward, or delude the fair.
Taught by this stroke renounce the war’s alarms,
And learn to tremble at the name of arms.”",Ilias
897,"
Then she: “This insult from no god I found,
An impious mortal gave the daring wound!
Behold the deed of haughty Diomed!
’Twas in the son’s defence the mother bled.
The war with Troy no more the Grecians wage;
But with the gods (the immortal gods) engage.”",Ilias
898,"Dione then: “Thy wrongs with patience bear,
And share those griefs inferior powers must share:
Unnumber’d woes mankind from us sustain,
And men with woes afflict the gods again.
The mighty Mars in mortal fetters bound,[149]
And lodged in brazen dungeons underground,
Full thirteen moons imprison’d roar’d in vain;
Otus and Ephialtes held the chain:
Perhaps had perish’d had not Hermes’ care
Restored the groaning god to upper air.
Great Juno’s self has borne her weight of pain,
The imperial partner of the heavenly reign;
Amphitryon’s son infix’d the deadly dart,[150]
And fill’d with anguish her immortal heart.
E’en hell’s grim king Alcides’ power confess’d,
The shaft found entrance in his iron breast;
To Jove’s high palace for a cure he fled,
Pierced in his own dominions of the dead;
Where Paeon, sprinkling heavenly balm around,
Assuaged the glowing pangs, and closed the wound.
Rash, impious man! to stain the bless’d abodes,
And drench his arrows in the blood of gods!",Ilias
899,"
“But thou (though Pallas urged thy frantic deed),
Whose spear ill-fated makes a goddess bleed,
Know thou, whoe’er with heavenly power contends,
Short is his date, and soon his glory ends;
From fields of death when late he shall retire,
No infant on his knees shall call him sire.
Strong as thou art, some god may yet be found,
To stretch thee pale and gasping on the ground;
Thy distant wife, Ægialé the fair,[151]
Starting from sleep with a distracted air,
Shall rouse thy slaves, and her lost lord deplore,
The brave, the great, the glorious now no more!”",Ilias
900,"This said, she wiped from Venus’ wounded palm
The sacred ichor, and infused the balm.
Juno and Pallas with a smile survey’d,
And thus to Jove began the blue-eyed maid:",Ilias
901,"“Permit thy daughter, gracious Jove! to tell
How this mischance the Cyprian queen befell,
As late she tried with passion to inflame
The tender bosom of a Grecian dame;
Allured the fair, with moving thoughts of joy,
To quit her country for some youth of Troy;
The clasping zone, with golden buckles bound,
Razed her soft hand with this lamented wound.”",Ilias
902,"The sire of gods and men superior smiled,
And, calling Venus, thus address’d his child:
“Not these, O daughter are thy proper cares,
Thee milder arts befit, and softer wars;
Sweet smiles are thine, and kind endearing charms;
To Mars and Pallas leave the deeds of arms.”",Ilias
903,"Thus they in heaven: while on the plain below
The fierce Tydides charged his Dardan foe,
Flush’d with celestial blood pursued his way,
And fearless dared the threatening god of day;
Already in his hopes he saw him kill’d,
Though screen’d behind Apollo’s mighty shield.
Thrice rushing furious, at the chief he strook;
His blazing buckler thrice Apollo shook:
He tried the fourth: when, breaking from the cloud,
A more than mortal voice was heard aloud.",Ilias
904,"“O son of Tydeus, cease! be wise and see
How vast the difference of the gods and thee;
Distance immense! between the powers that shine
Above, eternal, deathless, and divine,
And mortal man! a wretch of humble birth,
A short-lived reptile in the dust of earth.”",Ilias
905,"So spoke the god who darts celestial fires:
He dreads his fury, and some steps retires.
Then Phœbus bore the chief of Venus’ race
To Troy’s high fane, and to his holy place;
Latona there and Phoebe heal’d the wound,
With vigour arm’d him, and with glory crown’d.
This done, the patron of the silver bow
A phantom raised, the same in shape and show
With great Æneas; such the form he bore,
And such in fight the radiant arms he wore.
Around the spectre bloody wars are waged,
And Greece and Troy with clashing shields engaged.
Meantime on Ilion’s tower Apollo stood,
And calling Mars, thus urged the raging god:",Ilias
906,"“Stern power of arms, by whom the mighty fall;
Who bathest in blood, and shakest the embattled wall,
Rise in thy wrath! to hell’s abhorr’d abodes
Despatch yon Greek, and vindicate the gods.
First rosy Venus felt his brutal rage;
Me next he charged, and dares all heaven engage:
The wretch would brave high heaven’s immortal sire,
His triple thunder, and his bolts of fire.”",Ilias
907,"The god of battle issues on the plain,
Stirs all the ranks, and fires the Trojan train;
In form like Acamas, the Thracian guide,
Enraged to Troy’s retiring chiefs he cried:",Ilias
908,"“How long, ye sons of Priam! will ye fly,
And unrevenged see Priam’s people die?
Still unresisted shall the foe destroy,
And stretch the slaughter to the gates of Troy?
Lo, brave Æneas sinks beneath his wound,
Not godlike Hector more in arms renown’d:
Haste all, and take the generous warrior’s part.
He said;—new courage swell’d each hero’s heart.
Sarpedon first his ardent soul express’d,
And, turn’d to Hector, these bold words address’d:",Ilias
909,"Stung to the heart the generous Hector hears,
But just reproof with decent silence bears.
From his proud car the prince impetuous springs,
On earth he leaps, his brazen armour rings.
Two shining spears are brandish’d in his hands;
Thus arm’d, he animates his drooping bands,
Revives their ardour, turns their steps from flight,
And wakes anew the dying flames of fight.
They turn, they stand; the Greeks their fury dare,
Condense their powers, and wait the growing war.",Ilias
910,"Stern Diomed with either Ajax stood,
And great Ulysses, bathed in hostile blood.
Embodied close, the labouring Grecian train
The fiercest shock of charging hosts sustain.
Unmoved and silent, the whole war they wait
Serenely dreadful, and as fix’d as fate.
So when the embattled clouds in dark array,
Along the skies their gloomy lines display;
When now the North his boisterous rage has spent,
And peaceful sleeps the liquid element:
The low-hung vapours, motionless and still,
Rest on the summits of the shaded hill;
Till the mass scatters as the winds arise,
Dispersed and broken through the ruffled skies.",Ilias
911,"Nor was the general wanting to his train;
From troop to troop he toils through all the plain,
“Ye Greeks, be men! the charge of battle bear;
Your brave associates and yourselves revere!
Let glorious acts more glorious acts inspire,
And catch from breast to breast the noble fire!
On valour’s side the odds of combat lie,
The brave live glorious, or lamented die;
The wretch who trembles in the field of fame,
Meets death, and worse than death, eternal shame!”",Ilias
912,"These words he seconds with his flying lance,
To meet whose point was strong Deicoon’s chance:
Æneas’ friend, and in his native place
Honour’d and loved like Priam’s royal race:
Long had he fought the foremost in the field,
But now the monarch’s lance transpierced his shield:
His shield too weak the furious dart to stay,
Through his broad belt the weapon forced its way:
The grisly wound dismiss’d his soul to hell,
His arms around him rattled as he fell.",Ilias
913,"First, Pylæmenes, great in battle, bled,
Who sheathed in brass the Paphlagonians led.
Atrides mark’d him where sublime he stood;
Fix’d in his throat the javelin drank his blood.
The faithful Mydon, as he turn’d from fight
His flying coursers, sunk to endless night;
A broken rock by Nestor’s son was thrown:
His bended arm received the falling stone;
From his numb’d hand the ivory-studded reins,
Dropp’d in the dust, are trail’d along the plains:
Meanwhile his temples feel a deadly wound;
He groans in death, and ponderous sinks to ground:
Deep drove his helmet in the sands, and there
The head stood fix’d, the quivering legs in air,
Till trampled flat beneath the coursers’ feet:
The youthful victor mounts his empty seat,
And bears the prize in triumph to the fleet.",Ilias
914,"Great Hector saw, and, raging at the view,
Pours on the Greeks: the Trojan troops pursue:
He fires his host with animating cries,
And brings along the furies of the skies,
Mars, stern destroyer! and Bellona dread,
Flame in the front, and thunder at their head:
This swells the tumult and the rage of fight;
That shakes a spear that casts a dreadful light.
Where Hector march’d, the god of battles shined,
Now storm’d before him, and now raged behind.",Ilias
915,"Tydides paused amidst his full career;
Then first the hero’s manly breast knew fear.
As when some simple swain his cot forsakes,
And wide through fens an unknown journey takes:
If chance a swelling brook his passage stay,
And foam impervious ’cross the wanderer’s way,
Confused he stops, a length of country pass’d,
Eyes the rough waves, and tired, returns at last.
Amazed no less the great Tydides stands:
He stay’d, and turning thus address’d his bands:",Ilias
916,"“No wonder, Greeks! that all to Hector yield;
Secure of favouring gods, he takes the field;
His strokes they second, and avert our spears.
Behold where Mars in mortal arms appears!
Retire then, warriors, but sedate and slow;
Retire, but with your faces to the foe.
Trust not too much your unavailing might;
’Tis not with Troy, but with the gods ye fight.”",Ilias
917,"While thus they strive, Tlepolemus the great,[153]
Urged by the force of unresisted fate,
Burns with desire Sarpedon’s strength to prove;
Alcides’ offspring meets the son of Jove.
Sheathed in bright arms each adverse chief came on.
Jove’s great descendant, and his greater son.
Prepared for combat, ere the lance he toss’d,
The daring Rhodian vents his haughty boast:",Ilias
918,"“What brings this Lycian counsellor so far,
To tremble at our arms, not mix in war!
Know thy vain self, nor let their flattery move,
Who style thee son of cloud-compelling Jove.
How far unlike those chiefs of race divine,
How vast the difference of their deeds and thine!
Jove got such heroes as my sire, whose soul
No fear could daunt, nor earth nor hell control.
Troy felt his arm, and yon proud ramparts stand
Raised on the ruins of his vengeful hand:
With six small ships, and but a slender train,
He left the town a wide-deserted plain.
But what art thou, who deedless look’st around,
While unrevenged thy Lycians bite the ground!
Small aid to Troy thy feeble force can be;
But wert thou greater, thou must yield to me.
Pierced by my spear, to endless darkness go!
I make this present to the shades below.”",Ilias
919,"“Thy sire, O prince! o’erturn’d the Trojan state,
Whose perjured monarch well deserved his fate;
Those heavenly steeds the hero sought so far,
False he detain’d, the just reward of war.
Nor so content, the generous chief defied,
With base reproaches and unmanly pride.
But you, unworthy the high race you boast,
Shall raise my glory when thy own is lost:
Now meet thy fate, and by Sarpedon slain,
Add one more ghost to Pluto’s gloomy reign.”",Ilias
920,"He said: both javelins at an instant flew;
Both struck, both wounded, but Sarpedon’s slew:
Full in the boaster’s neck the weapon stood,
Transfix’d his throat, and drank the vital blood;
The soul disdainful seeks the caves of night,
And his seal’d eyes for ever lose the light.",Ilias
921,"Yet not in vain, Tlepolemus, was thrown
Thy angry lance; which piercing to the bone
Sarpedon’s thigh, had robb’d the chief of breath;
But Jove was present, and forbade the death.
Borne from the conflict by his Lycian throng,
The wounded hero dragg’d the lance along.
(His friends, each busied in his several part,
Through haste, or danger, had not drawn the dart.)
The Greeks with slain Tlepolemus retired;
Whose fall Ulysses view’d, with fury fired;
Doubtful if Jove’s great son he should pursue,
Or pour his vengeance on the Lycian crew.
But heaven and fate the first design withstand,
Nor this great death must grace Ulysses’ hand.
Minerva drives him on the Lycian train;
Alastor, Cronius, Halius, strew’d the plain,
Alcander, Prytanis, Noëmon fell:[154]
And numbers more his sword had sent to hell,
But Hector saw; and, furious at the sight,
Rush’d terrible amidst the ranks of fight.
With joy Sarpedon view’d the wish’d relief,
And, faint, lamenting, thus implored the chief:",Ilias
922,"“O suffer not the foe to bear away
My helpless corpse, an unassisted prey;
If I, unbless’d, must see my son no more,
My much-loved consort, and my native shore,
Yet let me die in Ilion’s sacred wall;
Troy, in whose cause I fell, shall mourn my fall.”",Ilias
923,"He said, nor Hector to the chief replies,
But shakes his plume, and fierce to combat flies;
Swift as a whirlwind, drives the scattering foes;
And dyes the ground with purple as he goes.",Ilias
924,"Beneath a beech, Jove’s consecrated shade,
His mournful friends divine Sarpedon laid:
Brave Pelagon, his favourite chief, was nigh,
Who wrench’d the javelin from his sinewy thigh.
The fainting soul stood ready wing’d for flight,
And o’er his eye-balls swam the shades of night;
But Boreas rising fresh, with gentle breath,
Recall’d his spirit from the gates of death.",Ilias
925,"The generous Greeks recede with tardy pace,
Though Mars and Hector thunder in their face;
None turn their backs to mean ignoble flight,
Slow they retreat, and even retreating fight.
Who first, who last, by Mars’ and Hector’s hand,
Stretch’d in their blood, lay gasping on the sand?
Tenthras the great, Orestes the renown’d
For managed steeds, and Trechus press’d the ground;
Next Œnomaus and OEnops’ offspring died;
Oresbius last fell groaning at their side:
Oresbius, in his painted mitre gay,
In fat Bœotia held his wealthy sway,
Where lakes surround low Hylè’s watery plain;
A prince and people studious of their gain.",Ilias
926,"The carnage Juno from the skies survey’d,
And touch’d with grief bespoke the blue-eyed maid:
“Oh, sight accursed! Shall faithless Troy prevail,
And shall our promise to our people fail?
How vain the word to Menelaus given
By Jove’s great daughter and the queen of heaven,
Beneath his arms that Priam’s towers should fall,
If warring gods for ever guard the wall!
Mars, red with slaughter, aids our hated foes:
Haste, let us arm, and force with force oppose!”",Ilias
927,"She spoke; Minerva burns to meet the war:
And now heaven’s empress calls her blazing car.
At her command rush forth the steeds divine;
Rich with immortal gold their trappings shine.
Bright Hebe waits; by Hebe, ever young,
The whirling wheels are to the chariot hung.
On the bright axle turns the bidden wheel
Of sounding brass; the polished axle steel.
Eight brazen spokes in radiant order flame;
The circles gold, of uncorrupted frame,
Such as the heavens produce: and round the gold
Two brazen rings of work divine were roll’d.
The bossy naves of sold silver shone;
Braces of gold suspend the moving throne:
The car, behind, an arching figure bore;
The bending concave form’d an arch before.
Silver the beam, the extended yoke was gold,
And golden reins the immortal coursers hold.
Herself, impatient, to the ready car,
The coursers joins, and breathes revenge and war.",Ilias
928,"Pallas disrobes; her radiant veil untied,
With flowers adorn’d, with art diversified,
(The laboured veil her heavenly fingers wove,)
Flows on the pavement of the court of Jove.
Now heaven’s dread arms her mighty limbs invest,
Jove’s cuirass blazes on her ample breast;
Deck’d in sad triumph for the mournful field,
O’er her broad shoulders hangs his horrid shield,
Dire, black, tremendous! Round the margin roll’d,
A fringe of serpents hissing guards the gold:
Here all the terrors of grim War appear,
Here rages Force, here tremble Flight and Fear,
Here storm’d Contention, and here Fury frown’d,
And the dire orb portentous Gorgon crown’d.
The massy golden helm she next assumes,
That dreadful nods with four o’ershading plumes;
So vast, the broad circumference contains
A hundred armies on a hundred plains.
The goddess thus the imperial car ascends;
Shook by her arm the mighty javelin bends,
Ponderous and huge; that when her fury burns,
Proud tyrants humbles, and whole hosts o’erturns.",Ilias
929,"Swift at the scourge the ethereal coursers fly,
While the smooth chariot cuts the liquid sky.
Heaven’s gates spontaneous open to the powers,[155]
Heaven’s golden gates, kept by the winged Hours;[156]
Commission’d in alternate watch they stand,
The sun’s bright portals and the skies command,
Involve in clouds the eternal gates of day,
Or the dark barrier roll with ease away.
The sounding hinges ring, on either side
The gloomy volumes, pierced with light, divide.
The chariot mounts, where deep in ambient skies,
Confused, Olympus’ hundred heads arise;
Where far apart the Thunderer fills his throne,
O’er all the gods superior and alone.
There with her snowy hand the queen restrains
The fiery steeds, and thus to Jove complains:",Ilias
930,"“O sire! can no resentment touch thy soul?
Can Mars rebel, and does no thunder roll?
What lawless rage on yon forbidden plain,
What rash destruction! and what heroes slain!
Venus, and Phœbus with the dreadful bow,
Smile on the slaughter, and enjoy my woe.
Mad, furious power! whose unrelenting mind
No god can govern, and no justice bind.
Say, mighty father! shall we scourge this pride,
And drive from fight the impetuous homicide?”",Ilias
931,"To whom assenting, thus the Thunderer said:
“Go! and the great Minerva be thy aid.
To tame the monster-god Minerva knows,
And oft afflicts his brutal breast with woes.”",Ilias
932,"He said; Saturnia, ardent to obey,
Lash’d her white steeds along the aerial way.
Swift down the steep of heaven the chariot rolls,
Between the expanded earth and starry poles.
Far as a shepherd, from some point on high,[157]
O’er the wide main extends his boundless eye,
Through such a space of air, with thundering sound,
At every leap the immortal coursers bound
Troy now they reach’d and touch’d those banks divine,
Where silver Simois and Scamander join.
There Juno stopp’d, and (her fair steeds unloosed)
Of air condensed a vapour circumfused:
For these, impregnate with celestial dew,
On Simois’ brink ambrosial herbage grew.
Thence to relieve the fainting Argive throng,
Smooth as the sailing doves they glide along.",Ilias
933,"The best and bravest of the Grecian band
(A warlike circle) round Tydides stand.
Such was their look as lions bathed in blood,
Or foaming boars, the terror of the wood.
Heaven’s empress mingles with the mortal crowd,
And shouts, in Stentor’s sounding voice, aloud;
Stentor the strong, endued with brazen lungs,[158]
Whose throats surpass’d the force of fifty tongues.",Ilias
934,"“Inglorious Argives! to your race a shame,
And only men in figure and in name!
Once from the walls your timorous foes engaged,
While fierce in war divine Achilles raged;
Now issuing fearless they possess the plain,
Now win the shores, and scarce the seas remain.”",Ilias
935,"Her speech new fury to their hearts convey’d;
While near Tydides stood the Athenian maid;
The king beside his panting steeds she found,
O’erspent with toil reposing on the ground;
To cool his glowing wound he sat apart,
(The wound inflicted by the Lycian dart.)
Large drops of sweat from all his limbs descend,
Beneath his ponderous shield his sinews bend,
Whose ample belt, that o’er his shoulder lay,
He eased; and wash’d the clotted gore away.
The goddess leaning o’er the bending yoke,
Beside his coursers, thus her silence broke:",Ilias
936,"“Degenerate prince! and not of Tydeus’ kind,
Whose little body lodged a mighty mind;
Foremost he press’d in glorious toils to share,
And scarce refrain’d when I forbade the war.
Alone, unguarded, once he dared to go,
And feast, incircled by the Theban foe;
There braved, and vanquish’d, many a hardy knight;
Such nerves I gave him, and such force in fight.
Thou too no less hast been my constant care;
Thy hands I arm’d, and sent thee forth to war:
But thee or fear deters, or sloth detains;
No drop of all thy father warms thy veins.”",Ilias
937,"The chief thus answered mild: “Immortal maid!
I own thy presence, and confess thy aid.
Not fear, thou know’st, withholds me from the plains,
Nor sloth hath seized me, but thy word restrains:
From warring gods thou bad’st me turn my spear,
And Venus only found resistance here.
Hence, goddess! heedful of thy high commands,
Loth I gave way, and warn’d our Argive bands:
For Mars, the homicide, these eyes beheld,
With slaughter red, and raging round the field.”",Ilias
938,"Then thus Minerva:—“Brave Tydides, hear!
Not Mars himself, nor aught immortal, fear.
Full on the god impel thy foaming horse:
Pallas commands, and Pallas lends thee force.
Rash, furious, blind, from these to those he flies,
And every side of wavering combat tries;
Large promise makes, and breaks the promise made:
Now gives the Grecians, now the Trojans aid.”[159]",Ilias
939,"She said, and to the steeds approaching near,
Drew from his seat the martial charioteer.
The vigorous power the trembling car ascends,
Fierce for revenge; and Diomed attends:
The groaning axle bent beneath the load;
So great a hero, and so great a god.
She snatch’d the reins, she lash’d with all her force,
And full on Mars impelled the foaming horse:
But first, to hide her heavenly visage, spread
Black Orcus’ helmet o’er her radiant head.",Ilias
940,"Him thus upbraiding, with a wrathful look
The lord of thunders view’d, and stern bespoke:
“To me, perfidious! this lamenting strain?
Of lawless force shall lawless Mars complain?
Of all the gods who tread the spangled skies,
Thou most unjust, most odious in our eyes!
Inhuman discord is thy dire delight,
The waste of slaughter, and the rage of fight.
No bounds, no law, thy fiery temper quells,
And all thy mother in thy soul rebels.
In vain our threats, in vain our power we use;
She gives the example, and her son pursues.
Yet long the inflicted pangs thou shall not mourn,
Sprung since thou art from Jove, and heavenly-born.
Else, singed with lightning, hadst thou hence been thrown,
Where chain’d on burning rocks the Titans groan.”",Ilias
941,"Thus he who shakes Olympus with his nod;
Then gave to Pæon’s care the bleeding god.[160]
With gentle hand the balm he pour’d around,
And heal’d the immortal flesh, and closed the wound.
As when the fig’s press’d juice, infused in cream,
To curds coagulates the liquid stream,
Sudden the fluids fix the parts combined;
Such, and so soon, the ethereal texture join’d.
Cleansed from the dust and gore, fair Hebe dress’d
His mighty limbs in an immortal vest.
Glorious he sat, in majesty restored,
Fast by the throne of heaven’s superior lord.
Juno and Pallas mount the bless’d abodes,
Their task perform’d, and mix among the gods.",Ilias
942,"
The gods having left the field, the Grecians prevail. Helenus, the
chief augur of Troy, commands Hector to return to the city, in order to
appoint a solemn procession of the queen and the Trojan matrons to the
temple of Minerva, to entreat her to remove Diomed from the fight. The
battle relaxing during the absence of Hector, Glaucus and Diomed have
an interview between the two armies; where, coming to the knowledge, of
the friendship and hospitality passed between their ancestors, they
make exchange of their arms. Hector, having performed the orders of
Helenus, prevails upon Paris to return to the battle, and, taking a
tender leave of his wife Andromache, hastens again to the field.
    The scene is first in the field of battle, between the rivers
    Simois and Scamander, and then changes to Troy.",Ilias
943,"
Now heaven forsakes the fight: the immortals yield
To human force and human skill the field:
Dark showers of javelins fly from foes to foes;
Now here, now there, the tide of combat flows;
While Troy’s famed streams, that bound the deathful plain
On either side, run purple to the main.",Ilias
944,"Great Ajax first to conquest led the way,
Broke the thick ranks, and turn’d the doubtful day.
The Thracian Acamas his falchion found,
And hew’d the enormous giant to the ground;
His thundering arm a deadly stroke impress’d
Where the black horse-hair nodded o’er his crest;
Fix’d in his front the brazen weapon lies,
And seals in endless shades his swimming eyes.
Next Teuthras’ son distain’d the sands with blood,
Axylus, hospitable, rich, and good:
In fair Arisbe’s walls (his native place)[161]
He held his seat! a friend to human race.
Fast by the road, his ever-open door
Obliged the wealthy, and relieved the poor.
To stern Tydides now he falls a prey,
No friend to guard him in the dreadful day!
Breathless the good man fell, and by his side
His faithful servant, old Calesius died.",Ilias
945,"By great Euryalus was Dresus slain,
And next he laid Opheltius on the plain.
Two twins were near, bold, beautiful, and young,
From a fair naiad and Bucolion sprung:
(Laomedon’s white flocks Bucolion fed,
That monarch’s first-born by a foreign bed;
In secret woods he won the naiad’s grace,
And two fair infants crown’d his strong embrace:)
Here dead they lay in all their youthful charms;
The ruthless victor stripp’d their shining arms.",Ilias
946,"Astyalus by Polypœtes fell;
Ulysses’ spear Pidytes sent to hell;
By Teucer’s shaft brave Aretaon bled,
And Nestor’s son laid stern Ablerus dead;
Great Agamemnon, leader of the brave,
The mortal wound of rich Elatus gave,
Who held in Pedasus his proud abode,[162]
And till’d the banks where silver Satnio flow’d.
Melanthius by Eurypylus was slain;
And Phylacus from Leitus flies in vain.",Ilias
947,"Unbless’d Adrastus next at mercy lies
Beneath the Spartan spear, a living prize.
Scared with the din and tumult of the fight,
His headlong steeds, precipitate in flight,
Rush’d on a tamarisk’s strong trunk, and broke
The shatter’d chariot from the crooked yoke;
Wide o’er the field, resistless as the wind,
For Troy they fly, and leave their lord behind.
Prone on his face he sinks beside the wheel:
Atrides o’er him shakes his vengeful steel;
The fallen chief in suppliant posture press’d
The victor’s knees, and thus his prayer address’d:",Ilias
948,"“O spare my youth, and for the life I owe
Large gifts of price my father shall bestow.
When fame shall tell, that, not in battle slain,
Thy hollow ships his captive son detain:
Rich heaps of brass shall in thy tent be told,[163]
And steel well-temper’d, and persuasive gold.”",Ilias
949,"He said: compassion touch’d the hero’s heart
He stood, suspended with the lifted dart:
As pity pleaded for his vanquish’d prize,
Stern Agamemnon swift to vengeance flies,
And, furious, thus: “Oh impotent of mind![164]
Shall these, shall these Atrides’ mercy find?
Well hast thou known proud Troy’s perfidious land,
And well her natives merit at thy hand!
Not one of all the race, nor sex, nor age,
Shall save a Trojan from our boundless rage:
Ilion shall perish whole, and bury all;
Her babes, her infants at the breast, shall fall;[165]
A dreadful lesson of exampled fate,
To warn the nations, and to curb the great!”",Ilias
950,"The monarch spoke; the words, with warmth address’d,
To rigid justice steel’d his brother’s breast.
Fierce from his knees the hapless chief he thrust;
The monarch’s javelin stretch’d him in the dust,
Then pressing with his foot his panting heart,
Forth from the slain he tugg’d the reeking dart.
Old Nestor saw, and roused the warrior’s rage;
“Thus, heroes! thus the vigorous combat wage;
No son of Mars descend, for servile gains,
To touch the booty, while a foe remains.
Behold yon glittering host, your future spoil!
First gain the conquest, then reward the toil.”",Ilias
951,"And now had Greece eternal fame acquired,
And frighted Troy within her walls, retired,
Had not sage Helenus her state redress’d,
Taught by the gods that moved his sacred breast.
Where Hector stood, with great Æneas join’d,
The seer reveal’d the counsels of his mind:",Ilias
952,"Hector obedient heard: and, with a bound,
Leap’d from his trembling chariot to the ground;
Through all his host inspiring force he flies,
And bids the thunder of the battle rise.
With rage recruited the bold Trojans glow,
And turn the tide of conflict on the foe:
Fierce in the front he shakes two dazzling spears;
All Greece recedes, and ’midst her triumphs fears;
Some god, they thought, who ruled the fate of wars,
Shot down avenging from the vault of stars.",Ilias
953,"Then thus aloud: “Ye dauntless Dardans, hear!
And you whom distant nations send to war!
Be mindful of the strength your fathers bore;
Be still yourselves, and Hector asks no more.
One hour demands me in the Trojan wall,
To bid our altars flame, and victims fall:
Nor shall, I trust, the matrons’ holy train,
And reverend elders, seek the gods in vain.”",Ilias
954,"This said, with ample strides the hero pass’d;
The shield’s large orb behind his shoulder cast,
His neck o’ershading, to his ankle hung;
And as he march’d the brazen buckler rung.",Ilias
955,"Now paused the battle (godlike Hector gone),[167]
Where daring Glaucus and great Tydeus’ son
Between both armies met: the chiefs from far
Observed each other, and had mark’d for war.
Near as they drew, Tydides thus began:",Ilias
956,"“What, or from whence I am, or who my sire,
(Replied the chief,) can Tydeus’ son inquire?
Like leaves on trees the race of man is found,
Now green in youth, now withering on the ground;
Another race the following spring supplies;
They fall successive, and successive rise:
So generations in their course decay;
So flourish these, when those are pass’d away.
But if thou still persist to search my birth,
Then hear a tale that fills the spacious earth.",Ilias
957,"“This pest he slaughter’d, (for he read the skies,
And trusted heaven’s informing prodigies,)
Then met in arms the Solymæan crew,[169]
(Fiercest of men,) and those the warrior slew;
Next the bold Amazons’ whole force defied;
And conquer’d still, for heaven was on his side.",Ilias
958,"“Nor ended here his toils: his Lycian foes,
At his return, a treacherous ambush rose,
With levell’d spears along the winding shore:
There fell they breathless, and return’d no more.",Ilias
959,"Thus having said, the gallant chiefs alight,
Their hands they join, their mutual faith they plight;
Brave Glaucus then each narrow thought resign’d,
(Jove warm’d his bosom, and enlarged his mind,)
For Diomed’s brass arms, of mean device,
For which nine oxen paid, (a vulgar price,)
He gave his own, of gold divinely wrought,[171]
A hundred beeves the shining purchase bought.",Ilias
960,"Meantime the guardian of the Trojan state,
Great Hector, enter’d at the Scæan gate.[172]
Beneath the beech-tree’s consecrated shades,
The Trojan matrons and the Trojan maids
Around him flock’d, all press’d with pious care
For husbands, brothers, sons, engaged in war.
He bids the train in long procession go,
And seek the gods, to avert the impending woe.
And now to Priam’s stately courts he came,
Rais’d on arch’d columns of stupendous frame;
O’er these a range of marble structure runs,
The rich pavilions of his fifty sons,
In fifty chambers lodged: and rooms of state,[173]
Opposed to those, where Priam’s daughters sate.
Twelve domes for them and their loved spouses shone,
Of equal beauty, and of polish’d stone.
Hither great Hector pass’d, nor pass’d unseen
Of royal Hecuba, his mother-queen.
(With her Laodice, whose beauteous face
Surpass’d the nymphs of Troy’s illustrious race.)
Long in a strict embrace she held her son,
And press’d his hand, and tender thus begun:",Ilias
961,"“O Hector! say, what great occasion calls
My son from fight, when Greece surrounds our walls;
Com’st thou to supplicate the almighty power
With lifted hands, from Ilion’s lofty tower?
Stay, till I bring the cup with Bacchus crown’d,
In Jove’s high name, to sprinkle on the ground,
And pay due vows to all the gods around.
Then with a plenteous draught refresh thy soul,
And draw new spirits from the generous bowl;
Spent as thou art with long laborious fight,
The brave defender of thy country’s right.”",Ilias
962,"This heard, she gave command: and summon’d came
Each noble matron and illustrious dame.
The Phrygian queen to her rich wardrobe went,
Where treasured odours breathed a costly scent.
There lay the vestures of no vulgar art,
Sidonian maids embroider’d every part,
Whom from soft Sidon youthful Paris bore,
With Helen touching on the Tyrian shore.
Here, as the queen revolved with careful eyes
The various textures and the various dyes,
She chose a veil that shone superior far,
And glow’d refulgent as the morning star.
Herself with this the long procession leads;
The train majestically slow proceeds.
Soon as to Ilion’s topmost tower they come,
And awful reach the high Palladian dome,
Antenor’s consort, fair Theano, waits
As Pallas’ priestess, and unbars the gates.
With hands uplifted and imploring eyes,
They fill the dome with supplicating cries.
The priestess then the shining veil displays,
Placed on Minerva’s knees, and thus she prays:",Ilias
963,"“Oh awful goddess! ever-dreadful maid,
Troy’s strong defence, unconquer’d Pallas, aid!
Break thou Tydides’ spear, and let him fall
Prone on the dust before the Trojan wall!
So twelve young heifers, guiltless of the yoke,
Shall fill thy temple with a grateful smoke.
But thou, atoned by penitence and prayer,
Ourselves, our infants, and our city spare!”
So pray’d the priestess in her holy fane;
So vow’d the matrons, but they vow’d in vain.",Ilias
964,"While these appear before the power with prayers,
Hector to Paris’ lofty dome repairs.[175]
Himself the mansion raised, from every part
Assembling architects of matchless art.
Near Priam’s court and Hector’s palace stands
The pompous structure, and the town commands.
A spear the hero bore of wondrous strength,
Of full ten cubits was the lance’s length,
The steely point with golden ringlets join’d,
Before him brandish’d, at each motion shined
Thus entering, in the glittering rooms he found
His brother-chief, whose useless arms lay round,
His eyes delighting with their splendid show,
Brightening the shield, and polishing the bow.
Beside him Helen with her virgins stands,
Guides their rich labours, and instructs their hands.",Ilias
965,"Him thus inactive, with an ardent look
The prince beheld, and high-resenting spoke.
“Thy hate to Troy, is this the time to show?
(O wretch ill-fated, and thy country’s foe!)
Paris and Greece against us both conspire,
Thy close resentment, and their vengeful ire.
For thee great Ilion’s guardian heroes fall,
Till heaps of dead alone defend her wall,
For thee the soldier bleeds, the matron mourns,
And wasteful war in all its fury burns.
Ungrateful man! deserves not this thy care,
Our troops to hearten, and our toils to share?
Rise, or behold the conquering flames ascend,
And all the Phrygian glories at an end.”",Ilias
966,"“Brother, ’tis just, (replied the beauteous youth,)
Thy free remonstrance proves thy worth and truth:
Yet charge my absence less, O generous chief!
On hate to Troy, than conscious shame and grief:
Here, hid from human eyes, thy brother sate,
And mourn’d, in secret, his and Ilion’s fate.
’Tis now enough; now glory spreads her charms,
And beauteous Helen calls her chief to arms.
Conquest to-day my happier sword may bless,
’Tis man’s to fight, but heaven’s to give success.
But while I arm, contain thy ardent mind;
Or go, and Paris shall not lag behind.”",Ilias
967,"“Oh, generous brother! (if the guilty dame
That caused these woes deserve a sister’s name!)
Would heaven, ere all these dreadful deeds were done,
The day that show’d me to the golden sun
Had seen my death! why did not whirlwinds bear
The fatal infant to the fowls of air?
Why sunk I not beneath the whelming tide,
And midst the roarings of the waters died?
Heaven fill’d up all my ills, and I accursed
Bore all, and Paris of those ills the worst.
Helen at least a braver spouse might claim,
Warm’d with some virtue, some regard of fame!
Now tired with toils, thy fainting limbs recline,
With toils, sustain’d for Paris’ sake and mine
The gods have link’d our miserable doom,
Our present woe, and infamy to come:
Wide shall it spread, and last through ages long,
Example sad! and theme of future song.”",Ilias
968,"The chief replied: “This time forbids to rest;
The Trojan bands, by hostile fury press’d,
Demand their Hector, and his arm require;
The combat urges, and my soul’s on fire.
Urge thou thy knight to march where glory calls,
And timely join me, ere I leave the walls.
Ere yet I mingle in the direful fray,
My wife, my infant, claim a moment’s stay;
This day (perhaps the last that sees me here)
Demands a parting word, a tender tear:
This day, some god who hates our Trojan land
May vanquish Hector by a Grecian hand.”",Ilias
969,"He said, and pass’d with sad presaging heart
To seek his spouse, his soul’s far dearer part;
At home he sought her, but he sought in vain;
She, with one maid of all her menial train,
Had hence retired; and with her second joy,
The young Astyanax, the hope of Troy,
Pensive she stood on Ilion’s towery height,
Beheld the war, and sicken’d at the sight;
There her sad eyes in vain her lord explore,
Or weep the wounds her bleeding country bore.",Ilias
970,"But he who found not whom his soul desired,
Whose virtue charm’d him as her beauty fired,
Stood in the gates, and ask’d “what way she bent
Her parting step? If to the fane she went,
Where late the mourning matrons made resort;
Or sought her sisters in the Trojan court?”
“Not to the court, (replied the attendant train,)
Nor mix’d with matrons to Minerva’s fane:
To Ilion’s steepy tower she bent her way,
To mark the fortunes of the doubtful day.
Troy fled, she heard, before the Grecian sword;
She heard, and trembled for her absent lord:
Distracted with surprise, she seem’d to fly,
Fear on her cheek, and sorrow in her eye.
The nurse attended with her infant boy,
The young Astyanax, the hope of Troy.”",Ilias
971,"Hector this heard, return’d without delay;
Swift through the town he trod his former way,
Through streets of palaces, and walks of state;
And met the mourner at the Scæan gate.
With haste to meet him sprung the joyful fair.
His blameless wife, Aëtion’s wealthy heir
(Cilician Thebe great Aëtion sway’d,
And Hippoplacus’ wide extended shade):
The nurse stood near, in whose embraces press’d,
His only hope hung smiling at her breast,
Whom each soft charm and early grace adorn,
Fair as the new-born star that gilds the morn.
To this loved infant Hector gave the name
Scamandrius, from Scamander’s honour’d stream;
Astyanax the Trojans call’d the boy,
From his great father, the defence of Troy.
Silent the warrior smiled, and pleased resign’d
To tender passions all his mighty mind;
His beauteous princess cast a mournful look,
Hung on his hand, and then dejected spoke;
Her bosom laboured with a boding sigh,
And the big tear stood trembling in her eye.",Ilias
972,"“By the same arm my seven brave brothers fell;
In one sad day beheld the gates of hell;
While the fat herds and snowy flocks they fed,
Amid their fields the hapless heroes bled!
My mother lived to wear the victor’s bands,
The queen of Hippoplacia’s sylvan lands:
Redeem’d too late, she scarce beheld again
Her pleasing empire and her native plain,
When ah! oppress’d by life-consuming woe,
She fell a victim to Diana’s bow.",Ilias
973,"“Yet while my Hector still survives, I see
My father, mother, brethren, all, in thee:
Alas! my parents, brothers, kindred, all
Once more will perish, if my Hector fall,
Thy wife, thy infant, in thy danger share:
Oh, prove a husband’s and a father’s care!
That quarter most the skilful Greeks annoy,
Where yon wild fig-trees join the wall of Troy;
Thou, from this tower defend the important post;
There Agamemnon points his dreadful host,
That pass Tydides, Ajax, strive to gain,
And there the vengeful Spartan fires his train.
Thrice our bold foes the fierce attack have given,
Or led by hopes, or dictated from heaven.
Let others in the field their arms employ,
But stay my Hector here, and guard his Troy.”",Ilias
974,"The chief replied: “That post shall be my care,
Not that alone, but all the works of war.
How would the sons of Troy, in arms renown’d,
And Troy’s proud dames, whose garments sweep the ground
Attaint the lustre of my former name,
Should Hector basely quit the field of fame?
My early youth was bred to martial pains,
My soul impels me to the embattled plains!
Let me be foremost to defend the throne,
And guard my father’s glories, and my own.",Ilias
975,"Thus having spoke, the illustrious chief of Troy
Stretch’d his fond arms to clasp the lovely boy.
The babe clung crying to his nurse’s breast,
Scared at the dazzling helm, and nodding crest.
With secret pleasure each fond parent smiled,
And Hector hasted to relieve his child,
The glittering terrors from his brows unbound,
And placed the beaming helmet on the ground;
Then kiss’d the child, and, lifting high in air,
Thus to the gods preferr’d a father’s prayer:",Ilias
976,"“O thou! whose glory fills the ethereal throne,
And all ye deathless powers! protect my son!
Grant him, like me, to purchase just renown,
To guard the Trojans, to defend the crown,
Against his country’s foes the war to wage,
And rise the Hector of the future age!
So when triumphant from successful toils
Of heroes slain he bears the reeking spoils,
Whole hosts may hail him with deserved acclaim,
And say, ‘This chief transcends his father’s fame:’
While pleased amidst the general shouts of Troy,
His mother’s conscious heart o’erflows with joy.”",Ilias
977,"He spoke, and fondly gazing on her charms,
Restored the pleasing burden to her arms;
Soft on her fragrant breast the babe she laid,
Hush’d to repose, and with a smile survey’d.
The troubled pleasure soon chastised by fear,
She mingled with a smile a tender tear.
The soften’d chief with kind compassion view’d,
And dried the falling drops, and thus pursued:",Ilias
978,"“Andromache! my soul’s far better part,
Why with untimely sorrows heaves thy heart?
No hostile hand can antedate my doom,
Till fate condemns me to the silent tomb.
Fix’d is the term to all the race of earth;
And such the hard condition of our birth:
No force can then resist, no flight can save,
All sink alike, the fearful and the brave.
No more—but hasten to thy tasks at home,
There guide the spindle, and direct the loom:
Me glory summons to the martial scene,
The field of combat is the sphere for men.
Where heroes war, the foremost place I claim,
The first in danger as the first in fame.”",Ilias
979,"Thus having said, the glorious chief resumes
His towery helmet, black with shading plumes.
His princess parts with a prophetic sigh,
Unwilling parts, and oft reverts her eye
That stream’d at every look; then, moving slow,
Sought her own palace, and indulged her woe.
There, while her tears deplored the godlike man,
Through all her train the soft infection ran;
The pious maids their mingled sorrows shed,
And mourn the living Hector, as the dead.",Ilias
980,"But now, no longer deaf to honour’s call,
Forth issues Paris from the palace wall.
In brazen arms that cast a gleamy ray,
Swift through the town the warrior bends his way.
The wanton courser thus with reins unbound[176]
Breaks from his stall, and beats the trembling ground;
Pamper’d and proud, he seeks the wonted tides,
And laves, in height of blood his shining sides;
His head now freed, he tosses to the skies;
His mane dishevell’d o’er his shoulders flies;
He snuffs the females in the distant plain,
And springs, exulting, to his fields again.
With equal triumph, sprightly, bold, and gay,
In arms refulgent as the god of day,
The son of Priam, glorying in his might,
Rush’d forth with Hector to the fields of fight.",Ilias
981,"And now, the warriors passing on the way,
The graceful Paris first excused his stay.
To whom the noble Hector thus replied:
“O chief! in blood, and now in arms, allied!
Thy power in war with justice none contest;
Known is thy courage, and thy strength confess’d.
What pity sloth should seize a soul so brave,
Or godlike Paris live a woman’s slave!
My heart weeps blood at what the Trojans say,
And hopes thy deeds shall wipe the stain away.
Haste then, in all their glorious labours share,
For much they suffer, for thy sake, in war.
These ills shall cease, whene’er by Jove’s decree
We crown the bowl to heaven and liberty:
While the proud foe his frustrate triumphs mourns,
And Greece indignant through her seas returns.”",Ilias
982,"
So spoke the guardian of the Trojan state,
Then rush’d impetuous through the Scæan gate.
Him Paris follow’d to the dire alarms;
Both breathing slaughter, both resolved in arms.
As when to sailors labouring through the main,
That long have heaved the weary oar in vain,
Jove bids at length the expected gales arise;
The gales blow grateful, and the vessel flies.
So welcome these to Troy’s desiring train,
The bands are cheer’d, the war awakes again.",Ilias
983,"Bold Paris first the work of death begun
On great Menestheus, Areithous’ son,
Sprung from the fair Philomeda’s embrace,
The pleasing Arnè was his native place.
Then sunk Eioneus to the shades below,
Beneath his steely casque[177] he felt the blow
Full on his neck, from Hector’s weighty hand;
And roll’d, with limbs relax’d, along the land.
By Glaucus’ spear the bold Iphinous bleeds,
Fix’d in the shoulder as he mounts his steeds;
Headlong he tumbles: his slack nerves unbound,
Drop the cold useless members on the ground.",Ilias
984,"When now Minerva saw her Argives slain,
From vast Olympus to the gleaming plain
Fierce she descends: Apollo marked her flight,
Nor shot less swift from Ilion’s towery height.
Radiant they met, beneath the beechen shade;
When thus Apollo to the blue-eyed maid:",Ilias
985,"“What cause, O daughter of Almighty Jove!
Thus wings thy progress from the realms above?
Once more impetuous dost thou bend thy way,
To give to Greece the long divided day?
Too much has Troy already felt thy hate,
Now breathe thy rage, and hush the stern debate;
This day, the business of the field suspend;
War soon shall kindle, and great Ilion bend;
Since vengeful goddesses confederate join
To raze her walls, though built by hands divine.”",Ilias
986,"To whom the progeny of Jove replies:
“I left, for this, the council of the skies:
But who shall bid conflicting hosts forbear,
What art shall calm the furious sons of war?”
To her the god: “Great Hector’s soul incite
To dare the boldest Greek to single fight,
Till Greece, provoked, from all her numbers show
A warrior worthy to be Hector’s foe.”",Ilias
987,"At this agreed, the heavenly powers withdrew;
Sage Helenus their secret counsels knew;
Hector, inspired, he sought: to him address’d,
Thus told the dictates of his sacred breast:
“O son of Priam! let thy faithful ear
Receive my words: thy friend and brother hear!
Go forth persuasive, and a while engage
The warring nations to suspend their rage;
Then dare the boldest of the hostile train
To mortal combat on the listed plain.
For not this day shall end thy glorious date;
The gods have spoke it, and their voice is fate.”",Ilias
988,"He said: the warrior heard the word with joy;
Then with his spear restrain’d the youth of Troy,
Held by the midst athwart. On either hand
The squadrons part; the expecting Trojans stand;
Great Agamemnon bids the Greeks forbear:
They breathe, and hush the tumult of the war.
The Athenian maid,[178] and glorious god of day,
With silent joy the settling hosts survey:
In form of vultures, on the beech’s height
They sit conceal’d, and wait the future fight.",Ilias
989,"The thronging troops obscure the dusky fields,
Horrid with bristling spears, and gleaming shields.
As when a general darkness veils the main,
(Soft Zephyr curling the wide wat’ry plain,)
The waves scarce heave, the face of ocean sleeps,
And a still horror saddens all the deeps;
Thus in thick orders settling wide around,
At length composed they sit, and shade the ground.
Great Hector first amidst both armies broke
The solemn silence, and their powers bespoke:",Ilias
990,"This fierce defiance Greece astonish’d heard,
Blush’d to refuse, and to accept it fear’d.
Stern Menelaus first the silence broke,
And, inly groaning, thus opprobrious spoke:",Ilias
991,"“Women of Greece! O scandal of your race,
Whose coward souls your manly form disgrace,
How great the shame, when every age shall know
That not a Grecian met this noble foe!
Go then! resolve to earth, from whence ye grew,
A heartless, spiritless, inglorious crew!
Be what ye seem, unanimated clay,
Myself will dare the danger of the day;
’Tis man’s bold task the generous strife to try,
But in the hands of God is victory.”",Ilias
992,"These words scarce spoke, with generous ardour press’d,
His manly limbs in azure arms he dress’d.
That day, Atrides! a superior hand
Had stretch’d thee breathless on the hostile strand;
But all at once, thy fury to compose,
The kings of Greece, an awful band, arose;
Even he their chief, great Agamemnon, press’d
Thy daring hand, and this advice address’d:
“Whither, O Menelaus! wouldst thou run,
And tempt a fate which prudence bids thee shun?
Grieved though thou art, forbear the rash design;
Great Hector’s arm is mightier far than thine:
Even fierce Achilles learn’d its force to fear,
And trembling met this dreadful son of war.
Sit thou secure, amidst thy social band;
Greece in our cause shall arm some powerful hand.
The mightiest warrior of the Achaian name,
Though bold and burning with desire of fame,
Content the doubtful honour might forego,
So great the danger, and so brave the foe.”",Ilias
993,"He said, and turn’d his brother’s vengeful mind;
He stoop’d to reason, and his rage resign’d,
No longer bent to rush on certain harms;
His joyful friends unbrace his azure arms.",Ilias
994,"His warm reproofs the listening kings inflame;
And nine, the noblest of the Grecian name,
Up-started fierce: but far before the rest
The king of men advanced his dauntless breast:
Then bold Tydides, great in arms, appear’d;
And next his bulk gigantic Ajax rear’d;
Oïleus follow’d; Idomen was there,[180]
And Merion, dreadful as the god of war:
With these Eurypylus and Thoas stand,
And wise Ulysses closed the daring band.
All these, alike inspired with noble rage,
Demand the fight. To whom the Pylian sage:",Ilias
995,"“Lest thirst of glory your brave souls divide,
What chief shall combat, let the gods decide.
Whom heaven shall choose, be his the chance to raise
His country’s fame, his own immortal praise.”",Ilias
996,"The lots produced, each hero signs his own:
Then in the general’s helm the fates are thrown,[181]
The people pray, with lifted eyes and hands,
And vows like these ascend from all the bands:
“Grant, thou Almighty! in whose hand is fate,
A worthy champion for the Grecian state:
This task let Ajax or Tydides prove,
Or he, the king of kings, beloved by Jove.”
Old Nestor shook the casque. By heaven inspired,
Leap’d forth the lot, of every Greek desired.
This from the right to left the herald bears,
Held out in order to the Grecian peers;
Each to his rival yields the mark unknown,
Till godlike Ajax finds the lot his own;
Surveys the inscription with rejoicing eyes,
Then casts before him, and with transport cries:",Ilias
997,"“Warriors! I claim the lot, and arm with joy;
Be mine the conquest of this chief of Troy.
Now while my brightest arms my limbs invest,
To Saturn’s son be all your vows address’d:
But pray in secret, lest the foes should hear,
And deem your prayers the mean effect of fear.
Said I in secret? No, your vows declare
In such a voice as fills the earth and air,
Lives there a chief whom Ajax ought to dread?
Ajax, in all the toils of battle bred!
From warlike Salamis I drew my birth,
And, born to combats, fear no force on earth.”",Ilias
998,"He said. The troops with elevated eyes,
Implore the god whose thunder rends the skies:
“O father of mankind, superior lord!
On lofty Ida’s holy hill adored:
Who in the highest heaven hast fix’d thy throne,
Supreme of gods! unbounded and alone:
Grant thou, that Telamon may bear away
The praise and conquest of this doubtful day;
Or, if illustrious Hector be thy care,
That both may claim it, and that both may share.”",Ilias
999,"Now Ajax braced his dazzling armour on;
Sheathed in bright steel the giant-warrior shone:
He moves to combat with majestic pace;
So stalks in arms the grisly god of Thrace,[182]
When Jove to punish faithless men prepares,
And gives whole nations to the waste of wars,
Thus march’d the chief, tremendous as a god;
Grimly he smiled; earth trembled as he strode:[183]
His massy javelin quivering in his hand,
He stood, the bulwark of the Grecian band.
Through every Argive heart new transport ran;
All Troy stood trembling at the mighty man:
Even Hector paused; and with new doubt oppress’d,
Felt his great heart suspended in his breast:
’Twas vain to seek retreat, and vain to fear;
Himself had challenged, and the foe drew near.",Ilias
1000,"Stern Telamon behind his ample shield,
As from a brazen tower, o’erlook’d the field.
Huge was its orb, with seven thick folds o’ercast,
Of tough bull-hides; of solid brass the last,
(The work of Tychius, who in Hylè dwell’d
And in all arts of armoury excell’d,)
This Ajax bore before his manly breast,
And, threatening, thus his adverse chief address’d:",Ilias
1001,"“Hector! approach my arm, and singly know
What strength thou hast, and what the Grecian foe.
Achilles shuns the fight; yet some there are,
Not void of soul, and not unskill’d in war:
Let him, unactive on the sea-beat shore,
Indulge his wrath, and aid our arms no more;
Whole troops of heroes Greece has yet to boast,
And sends thee one, a sample of her host,
Such as I am, I come to prove thy might;
No more—be sudden, and begin the fight.”",Ilias
1002,"“O son of Telamon, thy country’s pride!
(To Ajax thus the Trojan prince replied)
Me, as a boy, or woman, wouldst thou fright,
New to the field, and trembling at the fight?
Thou meet’st a chief deserving of thy arms,
To combat born, and bred amidst alarms:
I know to shift my ground, remount the car,
Turn, charge, and answer every call of war;
To right, to left, the dexterous lance I wield,
And bear thick battle on my sounding shield/
But open be our fight, and bold each blow;
I steal no conquest from a noble foe.”",Ilias
1003,"
“Forbear, my sons! your further force to prove,
Both dear to men, and both beloved of Jove.
To either host your matchless worth is known,
Each sounds your praise, and war is all your own.
But now the Night extends her awful shade;
The goddess parts you; be the night obey’d.”[184]",Ilias
1004,"To whom great Ajax his high soul express’d:
“O sage! to Hector be these words address’d.
Let him, who first provoked our chiefs to fight,
Let him demand the sanction of the night;
If first he ask’d it, I content obey,
And cease the strife when Hector shows the way.”",Ilias
1005,"“O first of Greeks! (his noble foe rejoin’d)
Whom heaven adorns, superior to thy kind,
With strength of body, and with worth of mind!
Now martial law commands us to forbear;
Hereafter we shall meet in glorious war,
Some future day shall lengthen out the strife,
And let the gods decide of death or life!
Since, then, the night extends her gloomy shade,
And heaven enjoins it, be the night obey’d.
Return, brave Ajax, to thy Grecian friends,
And joy the nations whom thy arm defends;
As I shall glad each chief, and Trojan wife,
Who wearies heaven with vows for Hector’s life.
But let us, on this memorable day,
Exchange some gift: that Greece and Troy may say,
‘Not hate, but glory, made these chiefs contend;
And each brave foe was in his soul a friend.’”",Ilias
1006,"With that, a sword with stars of silver graced,
The baldric studded, and the sheath enchased,
He gave the Greek. The generous Greek bestow’d
A radiant belt that rich with purple glow’d.
Then with majestic grace they quit the plain;
This seeks the Grecian, that the Phrygian train.",Ilias
1007,"The Trojan bands returning Hector wait,
And hail with joy the Champion of their state;
Escaped great Ajax, they survey him round,
Alive, unarm’d, and vigorous from his wound;
To Troy’s high gates the godlike man they bear
Their present triumph, as their late despair.",Ilias
1008,"But Ajax, glorying in his hardy deed,
The well-arm’d Greeks to Agamemnon lead.
A steer for sacrifice the king design’d,
Of full five years, and of the nobler kind.
The victim falls; they strip the smoking hide,
The beast they quarter, and the joints divide;
Then spread the tables, the repast prepare,
Each takes his seat, and each receives his share.
The king himself (an honorary sign)
Before great Ajax placed the mighty chine.[185]
When now the rage of hunger was removed,
Nestor, in each persuasive art approved,
The sage whose counsels long had sway’d the rest,
In words like these his prudent thought express’d:",Ilias
1009,"Meanwhile, convened at Priam’s palace-gate,
The Trojan peers in nightly council sate;
A senate void of order, as of choice:
Their hearts were fearful, and confused their voice.
Antenor, rising, thus demands their ear:
“Ye Trojans, Dardans, and auxiliars, hear!
’Tis heaven the counsel of my breast inspires,
And I but move what every god requires:
Let Sparta’s treasures be this hour restored,
And Argive Helen own her ancient lord.
The ties of faith, the sworn alliance, broke,
Our impious battles the just gods provoke.
As this advice ye practise, or reject,
So hope success, or dread the dire effect.”",Ilias
1010,"The senior spoke and sate. To whom replied
The graceful husband of the Spartan bride:
“Cold counsels, Trojan, may become thy years
But sound ungrateful in a warrior’s ears:
Old man, if void of fallacy or art,
Thy words express the purpose of thy heart,
Thou, in thy time, more sound advice hast given;
But wisdom has its date, assign’d by heaven.
Then hear me, princes of the Trojan name!
Their treasures I’ll restore, but not the dame;
My treasures too, for peace, I will resign;
But be this bright possession ever mine.”",Ilias
1011,"’Twas then, the growing discord to compose,
Slow from his seat the reverend Priam rose:
His godlike aspect deep attention drew:
He paused, and these pacific words ensue:",Ilias
1012,"“Ye Trojans, Dardans, and auxiliar bands!
Now take refreshment as the hour demands;
Guard well the walls, relieve the watch of night.
Till the new sun restores the cheerful light.
Then shall our herald, to the Atrides sent,
Before their ships proclaim my son’s intent.
Next let a truce be ask’d, that Troy may burn
Her slaughter’d heroes, and their bones inurn;
That done, once more the fate of war be tried,
And whose the conquest, mighty Jove decide!”",Ilias
1013,"The monarch spoke: the warriors snatch’d with haste
(Each at his post in arms) a short repast.
Soon as the rosy morn had waked the day,
To the black ships Idæus bent his way;
There, to the sons of Mars, in council found,
He raised his voice: the host stood listening round.",Ilias
1014,"“Ye sons of Atreus, and ye Greeks, give ear!
The words of Troy, and Troy’s great monarch, hear.
Pleased may ye hear (so heaven succeed my prayers)
What Paris, author of the war, declares.
The spoils and treasures he to Ilion bore
(Oh had he perish’d ere they touch’d our shore!)
He proffers injured Greece: with large increase
Of added Trojan wealth to buy the peace.
But to restore the beauteous bride again,
This Greece demands, and Troy requests in vain.
Next, O ye chiefs! we ask a truce to burn
Our slaughter’d heroes, and their bones inurn.
That done, once more the fate of war be tried,
And whose the conquest, mighty Jove decide!”",Ilias
1015,"The Greeks gave ear, but none the silence broke;
At length Tydides rose, and rising spoke:
“Oh, take not, friends! defrauded of your fame,
Their proffer’d wealth, nor even the Spartan dame.
Let conquest make them ours: fate shakes their wall,
And Troy already totters to her fall.”",Ilias
1016,"The admiring chiefs, and all the Grecian name,
With general shouts return’d him loud acclaim.
Then thus the king of kings rejects the peace:
“Herald! in him thou hear’st the voice of Greece
For what remains; let funeral flames be fed
With heroes’ corps: I war not with the dead:
Go search your slaughtered chiefs on yonder plain,
And gratify the manes of the slain.
Be witness, Jove, whose thunder rolls on high!”
He said, and rear’d his sceptre to the sky.",Ilias
1017,"So toil’d the Greeks: meanwhile the gods above,
In shining circle round their father Jove,
Amazed beheld the wondrous works of man:
Then he, whose trident shakes the earth, began:",Ilias
1018,"“What mortals henceforth shall our power adore,
Our fanes frequent, our oracles implore,
If the proud Grecians thus successful boast
Their rising bulwarks on the sea-beat coast?
See the long walls extending to the main,
No god consulted, and no victim slain!
Their fame shall fill the world’s remotest ends,
Wide as the morn her golden beam extends;
While old Laomedon’s divine abodes,
Those radiant structures raised by labouring gods,
Shall, razed and lost, in long oblivion sleep.”
Thus spoke the hoary monarch of the deep.",Ilias
1019,"The almighty Thunderer with a frown replies,
That clouds the world, and blackens half the skies:
“Strong god of ocean! thou, whose rage can make
The solid earth’s eternal basis shake!
What cause of fear from mortal works could move[187]
The meanest subject of our realms above?
Where’er the sun’s refulgent rays are cast,
Thy power is honour’d, and thy fame shall last.
But yon proud work no future age shall view,
No trace remain where once the glory grew.
The sapp’d foundations by thy force shall fall,
And, whelm’d beneath the waves, drop the huge wall:
Vast drifts of sand shall change the former shore:
The ruin vanish’d, and the name no more.”",Ilias
1020,"
Aurora now, fair daughter of the dawn,
Sprinkled with rosy light the dewy lawn;
When Jove convened the senate of the skies,
Where high Olympus’ cloudy tops arise,
The sire of gods his awful silence broke;
The heavens attentive trembled as he spoke:[189]",Ilias
1021,"The all-mighty spoke, nor durst the powers reply:
A reverend horror silenced all the sky;
Trembling they stood before their sovereign’s look;
At length his best-beloved, the power of wisdom, spoke:",Ilias
1022,"“O first and greatest! God, by gods adored
We own thy might, our father and our lord!
But, ah! permit to pity human state:
If not to help, at least lament their fate.
From fields forbidden we submiss refrain,
With arms unaiding mourn our Argives slain;
Yet grant my counsels still their breasts may move,
Or all must perish in the wrath of Jove.”",Ilias
1023,"The cloud-compelling god her suit approved,
And smiled superior on his best beloved;
Then call’d his coursers, and his chariot took;
The stedfast firmament beneath them shook:
Rapt by the ethereal steeds the chariot roll’d;
Brass were their hoofs, their curling manes of gold:
Of heaven’s undrossy gold the gods array,
Refulgent, flash’d intolerable day.
High on the throne he shines: his coursers fly
Between the extended earth and starry sky.
But when to Ida’s topmost height he came,
(Fair nurse of fountains, and of savage game,)
Where o’er her pointed summits proudly raised,
His fane breathed odours, and his altar blazed:
There, from his radiant car, the sacred sire
Of gods and men released the steeds of fire:
Blue ambient mists the immortal steeds embraced;
High on the cloudy point his seat he placed;
Thence his broad eye the subject world surveys,
The town, and tents, and navigable seas.",Ilias
1024,"“Whither, oh whither does Ulysses run?
Oh, flight unworthy great Laertes’ son!
Mix’d with the vulgar shall thy fate be found,
Pierced in the back, a vile, dishonest wound?
Oh turn and save from Hector’s direful rage
The glory of the Greeks, the Pylian sage.”
His fruitless words are lost unheard in air,
Ulysses seeks the ships, and shelters there.
But bold Tydides to the rescue goes,
A single warrior midst a host of foes;
Before the coursers with a sudden spring
He leap’d, and anxious thus bespoke the king:",Ilias
1025,"“Great perils, father! wait the unequal fight;
These younger champions will oppress thy might.
Thy veins no more with ancient vigour glow,
Weak is thy servant, and thy coursers slow.
Then haste, ascend my seat, and from the car
Observe the steeds of Tros, renown’d in war.
Practised alike to turn, to stop, to chase,
To dare the fight, or urge the rapid race:
These late obey’d Æneas’ guiding rein;
Leave thou thy chariot to our faithful train;
With these against yon Trojans will we go,
Nor shall great Hector want an equal foe;
Fierce as he is, even he may learn to fear
The thirsty fury of my flying spear.”",Ilias
1026,"“O chief! too daring in thy friend’s defence
Retire advised, and urge the chariot hence.
This day, averse, the sovereign of the skies
Assists great Hector, and our palm denies.
Some other sun may see the happier hour,
When Greece shall conquer by his heavenly power.
’Tis not in man his fix’d decree to move:
The great will glory to submit to Jove.”",Ilias
1027,"Now fears dissuade him, and now hopes invite.
To stop his coursers, and to stand the fight;
Thrice turn’d the chief, and thrice imperial Jove
On Ida’s summits thunder’d from above.
Great Hector heard; he saw the flashing light,
(The sign of conquest,) and thus urged the fight:",Ilias
1028,"“Hear, every Trojan, Lycian, Dardan band,
All famed in war, and dreadful hand to hand.
Be mindful of the wreaths your arms have won,
Your great forefathers’ glories, and your own.
Heard ye the voice of Jove? Success and fame
Await on Troy, on Greece eternal shame.
In vain they skulk behind their boasted wall,
Weak bulwarks; destined by this arm to fall.
High o’er their slighted trench our steeds shall bound,
And pass victorious o’er the levell’d mound.
Soon as before yon hollow ships we stand,
Fight each with flames, and toss the blazing brand;
Till, their proud navy wrapt in smoke and fires,
All Greece, encompass’d, in one blaze expires.”",Ilias
1029,"“Now, Xanthus, Æthon, Lampus, urge the chase,
And thou, Podargus! prove thy generous race;
Be fleet, be fearless, this important day,
And all your master’s well-spent care repay.
For this, high-fed, in plenteous stalls ye stand,
Served with pure wheat, and by a princess’ hand;
For this my spouse, of great Aëtion’s line,
So oft has steep’d the strengthening grain in wine.
Now swift pursue, now thunder uncontroll’d:
Give me to seize rich Nestor’s shield of gold;
From Tydeus’ shoulders strip the costly load,
Vulcanian arms, the labour of a god:
These if we gain, then victory, ye powers!
This night, this glorious night, the fleet is ours!”",Ilias
1030,"That heard, deep anguish stung Saturnia’s soul;
She shook her throne, that shook the starry pole:
And thus to Neptune: “Thou, whose force can make
The stedfast earth from her foundations shake,
Seest thou the Greeks by fates unjust oppress’d,
Nor swells thy heart in that immortal breast?
Yet Ægae, Helicè, thy power obey,[195]
And gifts unceasing on thine altars lay.
Would all the deities of Greece combine,
In vain the gloomy Thunderer might repine:
Sole should he sit, with scarce a god to friend,
And see his Trojans to the shades descend:
Such be the scene from his Idaean bower;
Ungrateful prospect to the sullen power!”",Ilias
1031,"Neptune with wrath rejects the rash design:
“What rage, what madness, furious queen! is thine?
I war not with the highest. All above
Submit and tremble at the hand of Jove.”",Ilias
1032,"To this the chief: “With praise the rest inspire,
Nor urge a soul already fill’d with fire.
What strength I have, be now in battle tried,
Till every shaft in Phrygian blood be dyed.
Since rallying from our wall we forced the foe,
Still aim’d at Hector have I bent my bow:
Eight forky arrows from this hand have fled,
And eight bold heroes by their points lie dead:
But sure some god denies me to destroy
This fury of the field, this dog of Troy.”",Ilias
1033,"“O daughter of that god, whose arm can wield
The avenging bolt, and shake the sable shield!
Now, in this moment of her last despair,
Shall wretched Greece no more confess our care,
Condemn’d to suffer the full force of fate,
And drain the dregs of heaven’s relentless hate?
Gods! shall one raging hand thus level all?
What numbers fell! what numbers yet shall fall!
What power divine shall Hector’s wrath assuage?
Still swells the slaughter, and still grows the rage!”",Ilias
1034,"She ceased, and Juno rein’d the steeds with care:
(Heaven’s awful empress, Saturn’s other heir:)
Pallas, meanwhile, her various veil unbound,
With flowers adorn’d, with art immortal crown’d;
The radiant robe her sacred fingers wove
Floats in rich waves, and spreads the court of Jove.
Her father’s arms her mighty limbs invest,
His cuirass blazes on her ample breast.
The vigorous power the trembling car ascends:
Shook by her arm, the massy javelin bends:
Huge, ponderous, strong! that when her fury burns
Proud tyrants humbles, and whole hosts o’erturns.",Ilias
1035,"Saturnia lends the lash; the coursers fly;
Smooth glides the chariot through the liquid sky.
Heaven’s gates spontaneous open to the powers,
Heaven’s golden gates, kept by the winged Hours.
Commission’d in alternate watch they stand,
The sun’s bright portals and the skies command;
Close, or unfold, the eternal gates of day
Bar heaven with clouds, or roll those clouds away.
The sounding hinges ring, the clouds divide.
Prone down the steep of heaven their course they guide.
But Jove, incensed, from Ida’s top survey’d,
And thus enjoin’d the many-colour’d maid.",Ilias
1036,"
“Thaumantia! mount the winds, and stop their car;
Against the highest who shall wage the war?
If furious yet they dare the vain debate,
Thus have I spoke, and what I speak is fate:
Their coursers crush’d beneath the wheels shall lie,
Their car in fragments, scatter’d o’er the sky:
My lightning these rebellious shall confound,
And hurl them flaming, headlong, to the ground,
Condemn’d for ten revolving years to weep
The wounds impress’d by burning thunder deep.
So shall Minerva learn to fear our ire,
Nor dare to combat hers and nature’s sire.
For Juno, headstrong and imperious still,
She claims some title to transgress our will.”",Ilias
1037,"Swift as the wind, the various-colour’d maid
From Ida’s top her golden wings display’d;
To great Olympus’ shining gate she flies,
There meets the chariot rushing down the skies,
Restrains their progress from the bright abodes,
And speaks the mandate of the sire of gods.",Ilias
1038,"“What frenzy goddesses! what rage can move
Celestial minds to tempt the wrath of Jove?
Desist, obedient to his high command:
This is his word; and know his word shall stand:
His lightning your rebellion shall confound,
And hurl ye headlong, flaming, to the ground;
Your horses crush’d beneath the wheels shall lie,
Your car in fragments scatter’d o’er the sky;
Yourselves condemn’d ten rolling years to weep
The wounds impress’d by burning thunder deep.
So shall Minerva learn to fear his ire,
Nor dare to combat hers and nature’s sire.
For Juno, headstrong and imperious still,
She claims some title to transgress his will:
But thee, what desperate insolence has driven
To lift thy lance against the king of heaven?”",Ilias
1039,"“O daughter of that god, whose arm can wield
The avenging bolt, and shake the saber shield!
No more let beings of superior birth
Contend with Jove for this low race of earth;
Triumphant now, now miserably slain,
They breathe or perish as the fates ordain:
But Jove’s high counsels full effect shall find;
And, ever constant, ever rule mankind.”",Ilias
1040,"She spoke, and backward turn’d her steeds of light,
Adorn’d with manes of gold, and heavenly bright.
The Hours unloosed them, panting as they stood,
And heap’d their mangers with ambrosial food.
There tied, they rest in high celestial stalls;
The chariot propp’d against the crystal walls,
The pensive goddesses, abash’d, controll’d,
Mix with the gods, and fill their seats of gold.",Ilias
1041,"Juno and Pallas grieving hear the doom,
But feast their souls on Ilion’s woes to come.
Though secret anger swell’d Minerva’s breast,
The prudent goddess yet her wrath repress’d;
But Juno, impotent of rage, replies:
“What hast thou said, O tyrant of the skies!
Strength and omnipotence invest thy throne;
’Tis thine to punish; ours to grieve alone.
For Greece we grieve, abandon’d by her fate
To drink the dregs of thy unmeasured hate.
From fields forbidden we submiss refrain,
With arms unaiding see our Argives slain;
Yet grant our counsels still their breasts may move,
Lest all should perish in the rage of Jove.”",Ilias
1042,"“The morning sun, awaked by loud alarms,
Shall see the almighty Thunderer in arms.
What heaps of Argives then shall load the plain,
Those radiant eyes shall view, and view in vain.
Nor shall great Hector cease the rage of fight,
The navy flaming, and thy Greeks in flight,
Even till the day when certain fates ordain
That stern Achilles (his Patroclus slain)
Shall rise in vengeance, and lay waste the plain.
For such is fate, nor canst thou turn its course
With all thy rage, with all thy rebel force.
Fly, if thy wilt, to earth’s remotest bound,
Where on her utmost verge the seas resound;
Where cursed Iapetus and Saturn dwell,
Fast by the brink, within the streams of hell;
No sun e’er gilds the gloomy horrors there;
No cheerful gales refresh the lazy air:
There arm once more the bold Titanian band;
And arm in vain; for what I will, shall stand.”",Ilias
1043,"Now deep in ocean sunk the lamp of light,
And drew behind the cloudy veil of night:
The conquering Trojans mourn his beams decay’d;
The Greeks rejoicing bless the friendly shade.",Ilias
1044,"The victors keep the field; and Hector calls
A martial council near the navy walls;
These to Scamander’s bank apart he led,
Where thinly scatter’d lay the heaps of dead.
The assembled chiefs, descending on the ground,
Attend his order, and their prince surround.
A massy spear he bore of mighty strength,
Of full ten cubits was the lance’s length;
The point was brass, refulgent to behold,
Fix’d to the wood with circling rings of gold:
The noble Hector on his lance reclined,
And, bending forward, thus reveal’d his mind:",Ilias
1045,"The leader spoke. From all his host around
Shouts of applause along the shores resound.
Each from the yoke the smoking steeds untied,
And fix’d their headstalls to his chariot-side.
Fat sheep and oxen from the town are led,
With generous wine, and all-sustaining bread,
Full hecatombs lay burning on the shore:
The winds to heaven the curling vapours bore.
Ungrateful offering to the immortal powers![197]
Whose wrath hung heavy o’er the Trojan towers:
Nor Priam nor his sons obtain’d their grace;
Proud Troy they hated, and her guilty race.",Ilias
1046,"
Agamemnon, after the last day’s defeat, proposes to the Greeks to quit
the siege, and return to their country. Diomed opposes this, and Nestor
seconds him, praising his wisdom and resolution. He orders the guard to
be strengthened, and a council summoned to deliberate what measures are
to be followed in this emergency. Agamemnon pursues this advice, and
Nestor further prevails upon him to send ambassadors to Achilles, in
order to move him to a reconciliation. Ulysses and Ajax are made choice
of, who are accompanied by old Phœnix. They make, each of them, very
moving and pressing speeches, but are rejected with roughness by
Achilles, who notwithstanding retains Phœnix in his tent. The
ambassadors return unsuccessfully to the camp, and the troops betake
themselves to sleep.
    This book, and the next following, take up the space of one night,
    which is the twenty-seventh from the beginning of the poem. The
    scene lies on the sea-shore, the station of the Grecian ships.",Ilias
1047,"
Thus joyful Troy maintain’d the watch of night;
While fear, pale comrade of inglorious flight,[199]
And heaven-bred horror, on the Grecian part,
Sat on each face, and sadden’d every heart.
As from its cloudy dungeon issuing forth,
A double tempest of the west and north
Swells o’er the sea, from Thracia’s frozen shore,
Heaps waves on waves, and bids the Ægean roar:
This way and that the boiling deeps are toss’d:
Such various passions urged the troubled host,
Great Agamemnon grieved above the rest;
Superior sorrows swell’d his royal breast;
Himself his orders to the heralds bears,
To bid to council all the Grecian peers,
But bid in whispers: these surround their chief,
In solemn sadness and majestic grief.
The king amidst the mournful circle rose:
Down his wan cheek a briny torrent flows.
So silent fountains, from a rock’s tall head,
In sable streams soft-trickling waters shed.
With more than vulgar grief he stood oppress’d;
Words, mix’d with sighs, thus bursting from his breast:",Ilias
1048,"“Ye sons of Greece! partake your leader’s care;
Fellows in arms and princes of the war!
Of partial Jove too justly we complain,
And heavenly oracles believed in vain.
A safe return was promised to our toils,
With conquest honour’d and enrich’d with spoils:
Now shameful flight alone can save the host;
Our wealth, our people, and our glory lost.
So Jove decrees, almighty lord of all!
Jove, at whose nod whole empires rise or fall,
Who shakes the feeble props of human trust,
And towers and armies humbles to the dust.
Haste then, for ever quit these fatal fields,
Haste to the joys our native country yields;
Spread all your canvas, all your oars employ,
Nor hope the fall of heaven-defended Troy.”",Ilias
1049,"He ceased; the Greeks loud acclamations raise,
And voice to voice resounds Tydides’ praise.
Wise Nestor then his reverend figure rear’d;
He spoke: the host in still attention heard:[200]",Ilias
1050,"“O truly great! in whom the gods have join’d
Such strength of body with such force of mind:
In conduct, as in courage, you excel,
Still first to act what you advise so well.
These wholesome counsels which thy wisdom moves,
Applauding Greece with common voice approves.
Kings thou canst blame; a bold but prudent youth:
And blame even kings with praise, because with truth.
And yet those years that since thy birth have run
Would hardly style thee Nestor’s youngest son.
Then let me add what yet remains behind,
A thought unfinish’d in that generous mind;
Age bids me speak! nor shall the advice I bring
Distaste the people, or offend the king:",Ilias
1051,"“Cursed is the man, and void of law and right,
Unworthy property, unworthy light,
Unfit for public rule, or private care,
That wretch, that monster, who delights in war;
Whose lust is murder, and whose horrid joy,
To tear his country, and his kind destroy!
This night, refresh and fortify thy train;
Between the trench and wall let guards remain:
Be that the duty of the young and bold;
But thou, O king, to council call the old;
Great is thy sway, and weighty are thy cares;
Thy high commands must spirit all our wars.
With Thracian wines recruit thy honour’d guests,
For happy counsels flow from sober feasts.
Wise, weighty counsels aid a state distress’d,
And such a monarch as can choose the best.
See what a blaze from hostile tents aspires,
How near our fleet approach the Trojan fires!
Who can, unmoved, behold the dreadful light?
What eye beholds them, and can close to-night?
This dreadful interval determines all;
To-morrow, Troy must flame, or Greece must fall.”",Ilias
1052,"Thus spoke the hoary sage: the rest obey;
Swift through the gates the guards direct their way.
His son was first to pass the lofty mound,
The generous Thrasymed, in arms renown’d:
Next him, Ascalaphus, Iälmen, stood,
The double offspring of the warrior-god:
Deipyrus, Aphareus, Merion join,
And Lycomed of Creon’s noble line.
Seven were the leaders of the nightly bands,
And each bold chief a hundred spears commands.
The fires they light, to short repasts they fall,
Some line the trench, and others man the wall.",Ilias
1053,"The king of men, on public counsels bent,
Convened the princes in his ample tent,
Each seized a portion of the kingly feast,
But stay’d his hand when thirst and hunger ceased.
Then Nestor spoke, for wisdom long approved,
And slowly rising, thus the council moved.",Ilias
1054,"“Monarch of nations! whose superior sway
Assembled states, and lords of earth obey,
The laws and sceptres to thy hand are given,
And millions own the care of thee and Heaven.
O king! the counsels of my age attend;
With thee my cares begin, with thee must end.
Thee, prince! it fits alike to speak and hear,
Pronounce with judgment, with regard give ear,
To see no wholesome motion be withstood,
And ratify the best for public good.
Nor, though a meaner give advice, repine,
But follow it, and make the wisdom thine.
Hear then a thought, not now conceived in haste,
At once my present judgment and my past.
When from Pelides’ tent you forced the maid,
I first opposed, and faithful, durst dissuade;
But bold of soul, when headlong fury fired,
You wronged the man, by men and gods admired:
Now seek some means his fatal wrath to end,
With prayers to move him, or with gifts to bend.”",Ilias
1055,"
The monarch thus. The reverend Nestor then:
“Great Agamemnon! glorious king of men!
Such are thy offers as a prince may take,
And such as fits a generous king to make.
Let chosen delegates this hour be sent
(Myself will name them) to Pelides’ tent.
Let Phœnix lead, revered for hoary age,
Great Ajax next, and Ithacus the sage.
Yet more to sanctify the word you send,
Let Hodius and Eurybates attend.
Now pray to Jove to grant what Greece demands;
Pray in deep silence,[205] and with purest hands.”[206]",Ilias
1056,"“Princes, all hail! whatever brought you here.
Or strong necessity, or urgent fear;
Welcome, though Greeks! for not as foes ye came;
To me more dear than all that bear the name.”",Ilias
1057,"With that, the chiefs beneath his roof he led,
And placed in seats with purple carpets spread.
Then thus—“Patroclus, crown a larger bowl,
Mix purer wine, and open every soul.
Of all the warriors yonder host can send,
Thy friend most honours these, and these thy friend.”",Ilias
1058,"Then thus the goddess-born: “Ulysses, hear
A faithful speech, that knows nor art nor fear;
What in my secret soul is understood,
My tongue shall utter, and my deeds make good.
Let Greece then know, my purpose I retain:
Nor with new treaties vex my peace in vain.
Who dares think one thing, and another tell,
My heart detests him as the gates of hell.",Ilias
1059,"
The son of Peleus ceased: the chiefs around
In silence wrapt, in consternation drown’d,
Attend the stern reply. Then Phœnix rose;
(Down his white beard a stream of sorrow flows;)
And while the fate of suffering Greece he mourn’d,
With accent weak these tender words return’d.",Ilias
1060,"“Where Calydon on rocky mountains stands[212]
Once fought the Ætolian and Curetian bands;
To guard it those; to conquer, these advance;
And mutual deaths were dealt with mutual chance.
The silver Cynthia bade contention rise,
In vengeance of neglected sacrifice;
On Œneus fields she sent a monstrous boar,
That levell’d harvests, and whole forests tore:
This beast (when many a chief his tusks had slain)
Great Meleager stretch’d along the plain,
Then, for his spoils, a new debate arose,
The neighbour nations thence commencing foes.
Strong as they were, the bold Curetes fail’d,
While Meleager’s thundering arm prevail’d:
Till rage at length inflamed his lofty breast
(For rage invades the wisest and the best).",Ilias
1061,"Thus he: the stern Achilles thus replied:
“My second father, and my reverend guide:
Thy friend, believe me, no such gifts demands,
And asks no honours from a mortal’s hands;
Jove honours me, and favours my designs;
His pleasure guides me, and his will confines;
And here I stay (if such his high behest)
While life’s warm spirit beats within my breast.
Yet hear one word, and lodge it in thy heart:
No more molest me on Atrides’ part:
Is it for him these tears are taught to flow,
For him these sorrows? for my mortal foe?
A generous friendship no cold medium knows,
Burns with one love, with one resentment glows;
One should our interests and our passions be;
My friend must hate the man that injures me.
Do this, my Phœnix, ’tis a generous part;
And share my realms, my honours, and my heart.
Let these return: our voyage, or our stay,
Rest undetermined till the dawning day.”",Ilias
1062,"He ceased; then order’d for the sage’s bed
A warmer couch with numerous carpets spread.
With that, stern Ajax his long silence broke,
And thus, impatient, to Ulysses spoke:",Ilias
1063,"“Hence let us go—why waste we time in vain?
See what effect our low submissions gain!
Liked or not liked, his words we must relate,
The Greeks expect them, and our heroes wait.
Proud as he is, that iron heart retains
Its stubborn purpose, and his friends disdains.
Stern and unpitying! if a brother bleed,
On just atonement, we remit the deed;
A sire the slaughter of his son forgives;
The price of blood discharged, the murderer lives:
The haughtiest hearts at length their rage resign,
And gifts can conquer every soul but thine.[213]
The gods that unrelenting breast have steel’d,
And cursed thee with a mind that cannot yield.
One woman-slave was ravish’d from thy arms:
Lo, seven are offer’d, and of equal charms.
Then hear, Achilles! be of better mind;
Revere thy roof, and to thy guests be kind;
And know the men of all the Grecian host,
Who honour worth, and prize thy valour most.”",Ilias
1064,"“O soul of battles, and thy people’s guide!
(To Ajax thus the first of Greeks replied)
Well hast thou spoke; but at the tyrant’s name
My rage rekindles, and my soul’s on flame:
’Tis just resentment, and becomes the brave:
Disgraced, dishonour’d, like the vilest slave!
Return, then, heroes! and our answer bear,
The glorious combat is no more my care;
Not till, amidst yon sinking navy slain,
The blood of Greeks shall dye the sable main;
Not till the flames, by Hector’s fury thrown,
Consume your vessels, and approach my own;
Just there, the impetuous homicide shall stand,
There cease his battle, and there feel our hand.”",Ilias
1065,"This said, each prince a double goblet crown’d,
And cast a large libation on the ground;
Then to their vessels, through the gloomy shades,
The chiefs return; divine Ulysses leads.
Meantime Achilles’ slaves prepared a bed,
With fleeces, carpets, and soft linen spread:
There, till the sacred morn restored the day,
In slumber sweet the reverend Phœnix lay.
But in his inner tent, an ampler space,
Achilles slept; and in his warm embrace
Fair Diomede of the Lesbian race.
Last, for Patroclus was the couch prepared,
Whose nightly joys the beauteous Iphis shared;
Achilles to his friend consign’d her charms
When Scyros fell before his conquering arms.",Ilias
1066,"And now the elected chiefs whom Greece had sent,
Pass’d through the hosts, and reach’d the royal tent.
Then rising all, with goblets in their hands,
The peers and leaders of the Achaian bands
Hail’d their return: Atrides first begun:",Ilias
1067,"“Say what success? divine Laertes’ son!
Achilles’ high resolves declare to all:
Returns the chief, or must our navy fall?”",Ilias
1068,"“Great king of nations! (Ithacus replied)
Fix’d is his wrath, unconquer’d is his pride;
He slights thy friendship, thy proposals scorns,
And, thus implored, with fiercer fury burns.
To save our army, and our fleets to free,
Is not his care; but left to Greece and thee.
Your eyes shall view, when morning paints the sky,
Beneath his oars the whitening billows fly;
Us too he bids our oars and sails employ,
Nor hope the fall of heaven-protected Troy;
For Jove o’ershades her with his arm divine,
Inspires her war, and bids her glory shine.
Such was his word: what further he declared,
These sacred heralds and great Ajax heard.
But Phœnix in his tent the chief retains,
Safe to transport him to his native plains
When morning dawns; if other he decree,
His age is sacred, and his choice is free.”",Ilias
1069,"Ulysses ceased: the great Achaian host,
With sorrow seized, in consternation lost,
Attend the stern reply. Tydides broke
The general silence, and undaunted spoke.
“Why should we gifts to proud Achilles send,
Or strive with prayers his haughty soul to bend?
His country’s woes he glories to deride,
And prayers will burst that swelling heart with pride.
Be the fierce impulse of his rage obey’d,
Our battles let him or desert or aid;
Then let him arm when Jove or he think fit:
That, to his madness, or to Heaven commit:
What for ourselves we can, is always ours;
This night, let due repast refresh our powers;
(For strength consists in spirits and in blood,
And those are owed to generous wine and food;)
But when the rosy messenger of day
Strikes the blue mountains with her golden ray,
Ranged at the ships, let all our squadrons shine
In flaming arms, a long-extended line:
In the dread front let great Atrides stand,
The first in danger, as in high command.”",Ilias
1070,"Shouts of acclaim the listening heroes raise,
Then each to Heaven the due libations pays;
Till sleep, descending o’er the tents, bestows
The grateful blessings of desired repose.[214]",Ilias
1071,"
All night the chiefs before their vessels lay,
And lost in sleep the labours of the day:
All but the king: with various thoughts oppress’d,[215]
His country’s cares lay rolling in his breast.
As when by lightnings Jove’s ethereal power
Foretels the rattling hail, or weighty shower,
Or sends soft snows to whiten all the shore,
Or bids the brazen throat of war to roar;
By fits one flash succeeds as one expires,
And heaven flames thick with momentary fires:
So bursting frequent from Atrides’ breast,
Sighs following sighs his inward fears confess’d.
Now o’er the fields, dejected, he surveys
From thousand Trojan fires the mounting blaze;
Hears in the passing wind their music blow,
And marks distinct the voices of the foe.
Now looking backwards to the fleet and coast,
Anxious he sorrows for the endangered host.
He rends his hair, in sacrifice to Jove,
And sues to him that ever lives above:
Inly he groans; while glory and despair
Divide his heart, and wage a double war.",Ilias
1072,"To whom the king: “In such distress we stand,
No vulgar counsel our affairs demand;
Greece to preserve, is now no easy part,
But asks high wisdom, deep design, and art.
For Jove, averse, our humble prayer denies,
And bows his head to Hector’s sacrifice.
What eye has witness’d, or what ear believed,
In one great day, by one great arm achieved,
Such wondrous deeds as Hector’s hand has done,
And we beheld, the last revolving sun?
What honours the beloved of Jove adorn!
Sprung from no god, and of no goddess born;
Yet such his acts, as Greeks unborn shall tell,
And curse the battle where their fathers fell.",Ilias
1073,"“Now speed thy hasty course along the fleet,
There call great Ajax, and the prince of Crete;
Ourself to hoary Nestor will repair;
To keep the guards on duty be his care,
(For Nestor’s influence best that quarter guides,
Whose son with Merion, o’er the watch presides.”)
To whom the Spartan: “These thy orders borne,
Say, shall I stay, or with despatch return?”
“There shall thou stay, (the king of men replied,)
Else may we miss to meet, without a guide,
The paths so many, and the camp so wide.
Still, with your voice the slothful soldiers raise,
Urge by their fathers’ fame their future praise.
Forget we now our state and lofty birth;
Not titles here, but works, must prove our worth.
To labour is the lot of man below;
And when Jove gave us life, he gave us woe.”",Ilias
1074,"This said, each parted to his several cares:
The king to Nestor’s sable ship repairs;
The sage protector of the Greeks he found
Stretch’d in his bed with all his arms around;
The various-colour’d scarf, the shield he rears,
The shining helmet, and the pointed spears;
The dreadful weapons of the warrior’s rage,
That, old in arms, disdain’d the peace of age.
Then, leaning on his hand his watchful head,
The hoary monarch raised his eyes and said:",Ilias
1075,"“What art thou, speak, that on designs unknown,
While others sleep, thus range the camp alone;
Seek’st thou some friend or nightly sentinel?
Stand off, approach not, but thy purpose tell.”",Ilias
1076,"“O son of Neleus, (thus the king rejoin’d,)
Pride of the Greeks, and glory of thy kind!
Lo, here the wretched Agamemnon stands,
The unhappy general of the Grecian bands,
Whom Jove decrees with daily cares to bend,
And woes, that only with his life shall end!
Scarce can my knees these trembling limbs sustain,
And scarce my heart support its load of pain.
No taste of sleep these heavy eyes have known,
Confused, and sad, I wander thus alone,
With fears distracted, with no fix’d design;
And all my people’s miseries are mine.
If aught of use thy waking thoughts suggest,
(Since cares, like mine, deprive thy soul of rest,)
Impart thy counsel, and assist thy friend;
Now let us jointly to the trench descend,
At every gate the fainting guard excite,
Tired with the toils of day and watch of night;
Else may the sudden foe our works invade,
So near, and favour’d by the gloomy shade.”",Ilias
1077,"To him thus Nestor: “Trust the powers above,
Nor think proud Hector’s hopes confirm’d by Jove:
How ill agree the views of vain mankind,
And the wise counsels of the eternal mind!
Audacious Hector, if the gods ordain
That great Achilles rise and rage again,
What toils attend thee, and what woes remain!
Lo, faithful Nestor thy command obeys;
The care is next our other chiefs to raise:
Ulysses, Diomed, we chiefly need;
Meges for strength, Oïleus famed for speed.
Some other be despatch’d of nimbler feet,
To those tall ships, remotest of the fleet,
Where lie great Ajax and the king of Crete.[216]
To rouse the Spartan I myself decree;
Dear as he is to us, and dear to thee,
Yet must I tax his sloth, that claims no share
With his great brother in his martial care:
Him it behoved to every chief to sue,
Preventing every part perform’d by you;
For strong necessity our toils demands,
Claims all our hearts, and urges all our hands.”",Ilias
1078,"To whom the king: “With reverence we allow
Thy just rebukes, yet learn to spare them now:
My generous brother is of gentle kind,
He seems remiss, but bears a valiant mind;
Through too much deference to our sovereign sway,
Content to follow when we lead the way:
But now, our ills industrious to prevent,
Long ere the rest he rose, and sought my tent.
The chiefs you named, already at his call,
Prepare to meet us near the navy-wall;
Assembling there, between the trench and gates,
Near the night-guards, our chosen council waits.”",Ilias
1079,"“Rise, son of Tydeus! to the brave and strong
Rest seems inglorious, and the night too long.
But sleep’st thou now, when from yon hill the foe
Hangs o’er the fleet, and shades our walls below?”",Ilias
1080,"At this, soft slumber from his eyelids fled;
The warrior saw the hoary chief, and said:
“Wondrous old man! whose soul no respite knows,
Though years and honours bid thee seek repose,
Let younger Greeks our sleeping warriors wake;
Ill fits thy age these toils to undertake.”
“My friend, (he answered,) generous is thy care;
These toils, my subjects and my sons might bear;
Their loyal thoughts and pious love conspire
To ease a sovereign and relieve a sire:
But now the last despair surrounds our host;
No hour must pass, no moment must be lost;
Each single Greek, in this conclusive strife,
Stands on the sharpest edge of death or life:
Yet, if my years thy kind regard engage,
Employ thy youth as I employ my age;
Succeed to these my cares, and rouse the rest;
He serves me most, who serves his country best.”",Ilias
1081,"This said, the hero o’er his shoulders flung
A lion’s spoils, that to his ankles hung;
Then seized his ponderous lance, and strode along.
Meges the bold, with Ajax famed for speed,
The warrior roused, and to the entrenchments lead.",Ilias
1082,"“Is there (said he) a chief so greatly brave,
His life to hazard, and his country save?
Lives there a man, who singly dares to go
To yonder camp, or seize some straggling foe?
Or favour’d by the night approach so near,
Their speech, their counsels, and designs to hear?
If to besiege our navies they prepare,
Or Troy once more must be the seat of war?
This could he learn, and to our peers recite,
And pass unharm’d the dangers of the night;
What fame were his through all succeeding days,
While Phœbus shines, or men have tongues to praise!
What gifts his grateful country would bestow!
What must not Greece to her deliverer owe?
A sable ewe each leader should provide,
With each a sable lambkin by her side;
At every rite his share should be increased,
And his the foremost honours of the feast.”",Ilias
1083,"Fear held them mute: alone, untaught to fear,
Tydides spoke—“The man you seek is here.
Through yon black camps to bend my dangerous way,
Some god within commands, and I obey.
But let some other chosen warrior join,
To raise my hopes, and second my design.
By mutual confidence and mutual aid,
Great deeds are done, and great discoveries made;
The wise new prudence from the wise acquire,
And one brave hero fans another’s fire.”",Ilias
1084,"Contending leaders at the word arose;
Each generous breast with emulation glows;
So brave a task each Ajax strove to share,
Bold Merion strove, and Nestor’s valiant heir;
The Spartan wish’d the second place to gain,
And great Ulysses wish’d, nor wish’d in vain.
Then thus the king of men the contest ends:
“Thou first of warriors, and thou best of friends,
Undaunted Diomed! what chief to join
In this great enterprise, is only thine.
Just be thy choice, without affection made;
To birth, or office, no respect be paid;
Let worth determine here.” The monarch spake,
And inly trembled for his brother’s sake.",Ilias
1085,"“Then thus (the godlike Diomed rejoin’d)
My choice declares the impulse of my mind.
How can I doubt, while great Ulysses stands
To lend his counsels and assist our hands?
A chief, whose safety is Minerva’s care;
So famed, so dreadful, in the works of war:
Bless’d in his conduct, I no aid require;
Wisdom like his might pass through flames of fire.”",Ilias
1086,"“It fits thee not, before these chiefs of fame,
(Replied the sage,) to praise me, or to blame:
Praise from a friend, or censure from a foe,
Are lost on hearers that our merits know.
But let us haste—Night rolls the hours away,
The reddening orient shows the coming day,
The stars shine fainter on the ethereal plains,
And of night’s empire but a third remains.”",Ilias
1087,"“O daughter of that god whose arm can wield
The avenging bolt, and shake the saber shield!
O thou! for ever present in my way,
Who all my motions, all my toils survey!
Safe may we pass beneath the gloomy shade,
Safe by thy succour to our ships convey’d,
And let some deed this signal night adorn,
To claim the tears of Trojans yet unborn.”",Ilias
1088,"Nor less bold Hector, and the sons of Troy,
On high designs the wakeful hours employ;
The assembled peers their lofty chief enclosed;
Who thus the counsels of his breast proposed:",Ilias
1089,"“What glorious man, for high attempts prepared,
Dares greatly venture for a rich reward?
Of yonder fleet a bold discovery make,
What watch they keep, and what resolves they take?
If now subdued they meditate their flight,
And, spent with toil, neglect the watch of night?
His be the chariot that shall please him most,
Of all the plunder of the vanquish’d host;
His the fair steeds that all the rest excel,
And his the glory to have served so well.”",Ilias
1090,"A youth there was among the tribes of Troy,
Dolon his name, Eumedes’ only boy,
(Five girls beside the reverend herald told.)
Rich was the son in brass, and rich in gold;
Not bless’d by nature with the charms of face,
But swift of foot, and matchless in the race.
“Hector! (he said) my courage bids me meet
This high achievement, and explore the fleet:
But first exalt thy sceptre to the skies,
And swear to grant me the demanded prize;
The immortal coursers, and the glittering car,
That bear Pelides through the ranks of war.
Encouraged thus, no idle scout I go,
Fulfil thy wish, their whole intention know,
Even to the royal tent pursue my way,
And all their counsels, all their aims betray.”",Ilias
1091,"The chief then heaved the golden sceptre high,
Attesting thus the monarch of the sky:
“Be witness thou! immortal lord of all!
Whose thunder shakes the dark aerial hall:
By none but Dolon shall this prize be borne,
And him alone the immortal steeds adorn.”",Ilias
1092,"Thus Hector swore: the gods were call’d in vain,
But the rash youth prepares to scour the plain:
Across his back the bended bow he flung,
A wolf’s grey hide around his shoulders hung,
A ferret’s downy fur his helmet lined,
And in his hand a pointed javelin shined.
Then (never to return) he sought the shore,
And trod the path his feet must tread no more.
Scarce had he pass’d the steeds and Trojan throng,
(Still bending forward as he coursed along,)
When, on the hollow way, the approaching tread
Ulysses mark’d, and thus to Diomed;",Ilias
1093,"“O friend! I hear some step of hostile feet,
Moving this way, or hastening to the fleet;
Some spy, perhaps, to lurk beside the main;
Or nightly pillager that strips the slain.
Yet let him pass, and win a little space;
Then rush behind him, and prevent his pace.
But if too swift of foot he flies before,
Confine his course along the fleet and shore,
Betwixt the camp and him our spears employ,
And intercept his hoped return to Troy.”",Ilias
1094,"“O spare my youth, and for the breath I owe,
Large gifts of price my father shall bestow:
Vast heaps of brass shall in your ships be told,
And steel well-temper’d and refulgent gold.”",Ilias
1095,"To whom Ulysses made this wise reply:
“Whoe’er thou art, be bold, nor fear to die.
What moves thee, say, when sleep has closed the sight,
To roam the silent fields in dead of night?
Cam’st thou the secrets of our camp to find,
By Hector prompted, or thy daring mind?
Or art some wretch by hopes of plunder led,
Through heaps of carnage, to despoil the dead?”",Ilias
1096,"Then thus pale Dolon, with a fearful look:
(Still, as he spoke, his limbs with horror shook:)
“Hither I came, by Hector’s words deceived;
Much did he promise, rashly I believed:
No less a bribe than great Achilles’ car,
And those swift steeds that sweep the ranks of war,
Urged me, unwilling, this attempt to make;
To learn what counsels, what resolves you take:
If now subdued, you fix your hopes on flight,
And, tired with toils, neglect the watch of night.”",Ilias
1097,"“Bold was thy aim, and glorious was the prize,
(Ulysses, with a scornful smile, replies,)
Far other rulers those proud steeds demand,
And scorn the guidance of a vulgar hand;
Even great Achilles scarce their rage can tame,
Achilles sprung from an immortal dame.
But say, be faithful, and the truth recite!
Where lies encamp’d the Trojan chief to-night?
Where stand his coursers? in what quarter sleep
Their other princes? tell what watch they keep:
Say, since this conquest, what their counsels are;
Or here to combat, from their city far,
Or back to Ilion’s walls transfer the war?”",Ilias
1098,"Ulysses thus, and thus Eumedes’ son:
“What Dolon knows, his faithful tongue shall own.
Hector, the peers assembling in his tent,
A council holds at Ilus’ monument.
No certain guards the nightly watch partake;
Where’er yon fires ascend, the Trojans wake:
Anxious for Troy, the guard the natives keep;
Safe in their cares, the auxiliar forces sleep,
Whose wives and infants, from the danger far,
Discharge their souls of half the fears of war.”",Ilias
1099,"“Then sleep those aids among the Trojan train,
(Inquired the chief,) or scattered o’er the plain?”
To whom the spy: “Their powers they thus dispose
The Paeons, dreadful with their bended bows,
The Carians, Caucons, the Pelasgian host,
And Leleges, encamp along the coast.
Not distant far, lie higher on the land
The Lycian, Mysian, and Mæonian band,
And Phrygia’s horse, by Thymbras’ ancient wall;
The Thracians utmost, and apart from all.
These Troy but lately to her succour won,
Led on by Rhesus, great Eioneus’ son:
I saw his coursers in proud triumph go,
Swift as the wind, and white as winter-snow;
Rich silver plates his shining car infold;
His solid arms, refulgent, flame with gold;
No mortal shoulders suit the glorious load,
Celestial panoply, to grace a god!
Let me, unhappy, to your fleet be borne,
Or leave me here, a captive’s fate to mourn,
In cruel chains, till your return reveal
The truth or falsehood of the news I tell.”",Ilias
1100,"To this Tydides, with a gloomy frown:
“Think not to live, though all the truth be shown:
Shall we dismiss thee, in some future strife
To risk more bravely thy now forfeit life?
Or that again our camps thou may’st explore?
No—once a traitor, thou betray’st no more.”",Ilias
1101,"Sternly he spoke, and as the wretch prepared
With humble blandishment to stroke his beard,
Like lightning swift the wrathful falchion flew,
Divides the neck, and cuts the nerves in two;
One instant snatch’d his trembling soul to hell,
The head, yet speaking, mutter’d as it fell.
The furry helmet from his brow they tear,
The wolf’s grey hide, the unbended bow and spear;
These great Ulysses lifting to the skies,
To favouring Pallas dedicates the prize:",Ilias
1102,"“Great queen of arms, receive this hostile spoil,
And let the Thracian steeds reward our toil;
Thee, first of all the heavenly host, we praise;
O speed our labours, and direct our ways!”
This said, the spoils, with dropping gore defaced,
High on a spreading tamarisk he placed;
Then heap’d with reeds and gathered boughs the plain,
To guide their footsteps to the place again.",Ilias
1103,"Through the still night they cross the devious fields,
Slippery with blood, o’er arms and heaps of shields,
Arriving where the Thracian squadrons lay,
And eased in sleep the labours of the day.
Ranged in three lines they view the prostrate band:
The horses yoked beside each warrior stand.
Their arms in order on the ground reclined,
Through the brown shade the fulgid weapons shined:
Amidst lay Rhesus, stretch’d in sleep profound,
And the white steeds behind his chariot bound.
The welcome sight Ulysses first descries,
And points to Diomed the tempting prize.
“The man, the coursers, and the car behold!
Described by Dolon, with the arms of gold.
Now, brave Tydides! now thy courage try,
Approach the chariot, and the steeds untie;
Or if thy soul aspire to fiercer deeds,
Urge thou the slaughter, while I seize the steeds.”",Ilias
1104,"Ulysses now the snowy steeds detains,
And leads them, fasten’d by the silver reins;
These, with his bow unbent, he lash’d along;
(The scourge forgot, on Rhesus’ chariot hung;)
Then gave his friend the signal to retire;
But him, new dangers, new achievements fire;
Doubtful he stood, or with his reeking blade
To send more heroes to the infernal shade,
Drag off the car where Rhesus’ armour lay,
Or heave with manly force, and lift away.
While unresolved the son of Tydeus stands,
Pallas appears, and thus her chief commands:",Ilias
1105,"“Enough, my son; from further slaughter cease,
Regard thy safety, and depart in peace;
Haste to the ships, the gotten spoils enjoy,
Nor tempt too far the hostile gods of Troy.”",Ilias
1106,"The voice divine confess’d the martial maid;
In haste he mounted, and her word obey’d;
The coursers fly before Ulysses’ bow,
Swift as the wind, and white as winter-snow.",Ilias
1107,"Not unobserved they pass’d: the god of light
Had watch’d his Troy, and mark’d Minerva’s flight,
Saw Tydeus’ son with heavenly succour bless’d,
And vengeful anger fill’d his sacred breast.
Swift to the Trojan camp descends the power,
And wakes Hippocoon in the morning-hour;
(On Rhesus’ side accustom’d to attend,
A faithful kinsman, and instructive friend;)
He rose, and saw the field deform’d with blood,
An empty space where late the coursers stood,
The yet-warm Thracians panting on the coast;
For each he wept, but for his Rhesus most:
Now while on Rhesus’ name he calls in vain,
The gathering tumult spreads o’er all the plain;
On heaps the Trojans rush, with wild affright,
And wondering view the slaughters of the night.",Ilias
1108,"Meanwhile the chiefs, arriving at the shade
Where late the spoils of Hector’s spy were laid,
Ulysses stopp’d; to him Tydides bore
The trophy, dropping yet with Dolon’s gore:
Then mounts again; again their nimbler feet
The coursers ply, and thunder towards the fleet.",Ilias
1109,"
Old Nestor first perceived the approaching sound,
Bespeaking thus the Grecian peers around:
“Methinks the noise of trampling steeds I hear,
Thickening this way, and gathering on my ear;
Perhaps some horses of the Trojan breed
(So may, ye gods! my pious hopes succeed)
The great Tydides and Ulysses bear,
Return’d triumphant with this prize of war.
Yet much I fear (ah, may that fear be vain!)
The chiefs outnumber’d by the Trojan train;
Perhaps, even now pursued, they seek the shore;
Or, oh! perhaps those heroes are no more.”",Ilias
1110,"Scarce had he spoke, when, lo! the chiefs appear,
And spring to earth; the Greeks dismiss their fear:
With words of friendship and extended hands
They greet the kings; and Nestor first demands:",Ilias
1111,"“Say thou, whose praises all our host proclaim,
Thou living glory of the Grecian name!
Say whence these coursers? by what chance bestow’d,
The spoil of foes, or present of a god?
Not those fair steeds, so radiant and so gay,
That draw the burning chariot of the day.
Old as I am, to age I scorn to yield,
And daily mingle in the martial field;
But sure till now no coursers struck my sight
Like these, conspicuous through the ranks of fight.
Some god, I deem, conferred the glorious prize,
Bless’d as ye are, and favourites of the skies;
The care of him who bids the thunder roar,
And her, whose fury bathes the world with gore.”",Ilias
1112,"“Father! not so, (sage Ithacus rejoin’d,)
The gifts of heaven are of a nobler kind.
Of Thracian lineage are the steeds ye view,
Whose hostile king the brave Tydides slew;
Sleeping he died, with all his guards around,
And twelve beside lay gasping on the ground.
These other spoils from conquer’d Dolon came,
A wretch, whose swiftness was his only fame;
By Hector sent our forces to explore,
He now lies headless on the sandy shore.”",Ilias
1113,"Then o’er the trench the bounding coursers flew;
The joyful Greeks with loud acclaim pursue.
Straight to Tydides’ high pavilion borne,
The matchless steeds his ample stalls adorn:
The neighing coursers their new fellows greet,
And the full racks are heap’d with generous wheat.
But Dolon’s armour, to his ships convey’d,
High on the painted stern Ulysses laid,
A trophy destin’d to the blue-eyed maid.",Ilias
1114,"Now from nocturnal sweat and sanguine stain
They cleanse their bodies in the neighb’ring main:
Then in the polished bath, refresh’d from toil,
Their joints they supple with dissolving oil,
In due repast indulge the genial hour,
And first to Pallas the libations pour:
They sit, rejoicing in her aid divine,
And the crown’d goblet foams with floods of wine.",Ilias
1115,"
The saffron morn, with early blushes spread,[219]
Now rose refulgent from Tithonus’ bed;
With new-born day to gladden mortal sight,
And gild the courts of heaven with sacred light:
When baleful Eris, sent by Jove’s command,
The torch of discord blazing in her hand,
Through the red skies her bloody sign extends,
And, wrapt in tempests, o’er the fleet descends.
High on Ulysses’ bark her horrid stand
She took, and thunder’d through the seas and land.",Ilias
1116,"Even Ajax and Achilles heard the sound,
Whose ships, remote, the guarded navy bound,
Thence the black fury through the Grecian throng
With horror sounds the loud Orthian song:
The navy shakes, and at the dire alarms
Each bosom boils, each warrior starts to arms.
No more they sigh, inglorious to return,
But breathe revenge, and for the combat burn.",Ilias
1117,"That instant Juno, and the martial maid,
In happy thunders promised Greece their aid;
High o’er the chief they clash’d their arms in air,
And, leaning from the clouds, expect the war.",Ilias
1118,"Close to the limits of the trench and mound,
The fiery coursers to their chariots bound
The squires restrain’d: the foot, with those who wield
The lighter arms, rush forward to the field.
To second these, in close array combined,
The squadrons spread their sable wings behind.
Now shouts and tumults wake the tardy sun,
As with the light the warriors’ toils begun.
Even Jove, whose thunder spoke his wrath, distill’d
Red drops of blood o’er all the fatal field;[220]
The woes of men unwilling to survey,
And all the slaughters that must stain the day.",Ilias
1119,"Thus while the morning-beams, increasing bright,
O’er heaven’s pure azure spread the glowing light,
Commutual death the fate of war confounds,
Each adverse battle gored with equal wounds.
But now (what time in some sequester’d vale
The weary woodman spreads his sparing meal,
When his tired arms refuse the axe to rear,
And claim a respite from the sylvan war;
But not till half the prostrate forests lay
Stretch’d in long ruin, and exposed to day)
Then, nor till then, the Greeks’ impulsive might
Pierced the black phalanx, and let in the light.
Great Agamemnon then the slaughter led,
And slew Bienor at his people’s head:
Whose squire Oïleus, with a sudden spring,
Leap’d from the chariot to revenge his king;
But in his front he felt the fatal wound,
Which pierced his brain, and stretch’d him on the ground.
Atrides spoil’d, and left them on the plain:
Vain was their youth, their glittering armour vain:
Now soil’d with dust, and naked to the sky,
Their snowy limbs and beauteous bodies lie.",Ilias
1120,"Amidst the tumult of the routed train,
The sons of false Antimachus were slain;
He who for bribes his faithless counsels sold,
And voted Helen’s stay for Paris’ gold.
Atrides mark’d, as these their safety sought,
And slew the children for the father’s fault;
Their headstrong horse unable to restrain,
They shook with fear, and dropp’d the silken rein;
Then in the chariot on their knees they fall,
And thus with lifted hands for mercy call:",Ilias
1121,"“O spare our youth, and for the life we owe,
Antimachus shall copious gifts bestow:
Soon as he hears, that, not in battle slain,
The Grecian ships his captive sons detain,
Large heaps of brass in ransom shall be told,
And steel well-tempered, and persuasive gold.”",Ilias
1122,"These words, attended with the flood of tears,
The youths address’d to unrelenting ears:
The vengeful monarch gave this stern reply:
“If from Antimachus ye spring, ye die;
The daring wretch who once in council stood
To shed Ulysses’ and my brother’s blood,
For proffer’d peace! and sues his seed for grace?
No, die, and pay the forfeit of your race.”",Ilias
1123,"Perhaps great Hector then had found his fate,
But Jove and destiny prolong’d his date.
Safe from the darts, the care of heaven he stood,
Amidst alarms, and death, and dust, and blood.",Ilias
1124,"Now past the tomb where ancient Ilus lay,
Through the mid field the routed urge their way:
Where the wild figs the adjoining summit crown,
The path they take, and speed to reach the town.
As swift, Atrides with loud shouts pursued,
Hot with his toil, and bathed in hostile blood.
Now near the beech-tree, and the Scæan gates,
The hero halts, and his associates waits.
Meanwhile on every side around the plain,
Dispersed, disorder’d, fly the Trojan train.
So flies a herd of beeves, that hear dismay’d
The lion’s roaring through the midnight shade;
On heaps they tumble with successless haste;
The savage seizes, draws, and rends the last.
Not with less fury stern Atrides flew,
Still press’d the rout, and still the hindmost slew;
Hurl’d from their cars the bravest chiefs are kill’d,
And rage, and death, and carnage load the field.",Ilias
1125,"Now storms the victor at the Trojan wall;
Surveys the towers, and meditates their fall.
But Jove descending shook the Idaean hills,
And down their summits pour’d a hundred rills:
The unkindled lightning in his hand he took,
And thus the many-coloured maid bespoke:",Ilias
1126,"“Iris, with haste thy golden wings display,
To godlike Hector this our word convey—
While Agamemnon wastes the ranks around,
Fights in the front, and bathes with blood the ground,
Bid him give way; but issue forth commands,
And trust the war to less important hands:
But when, or wounded by the spear or dart,
That chief shall mount his chariot, and depart,
Then Jove shall string his arm, and fire his breast,
Then to her ships shall flying Greece be press’d,
Till to the main the burning sun descend,
And sacred night her awful shade extend.”",Ilias
1127,"He spoke, and Iris at his word obey’d;
On wings of winds descends the various maid.
The chief she found amidst the ranks of war,
Close to the bulwarks, on his glittering car.
The goddess then: “O son of Priam, hear!
From Jove I come, and his high mandate bear.
While Agamemnon wastes the ranks around,
Fights in the front, and bathes with blood the ground,
Abstain from fight; yet issue forth commands,
And trust the war to less important hands:
But when, or wounded by the spear or dart,
The chief shall mount his chariot, and depart,
Then Jove shall string thy arm, and fire thy breast,
Then to her ships shall flying Greece be press’d,
Till to the main the burning sun descend,
And sacred night her awful shade extend.”",Ilias
1128,"She said, and vanish’d. Hector, with a bound,
Springs from his chariot on the trembling ground,
In clanging arms: he grasps in either hand
A pointed lance, and speeds from band to band;
Revives their ardour, turns their steps from flight,
And wakes anew the dying flames of fight.
They stand to arms: the Greeks their onset dare,
Condense their powers, and wait the coming war.
New force, new spirit, to each breast returns;
The fight renew’d with fiercer fury burns:
The king leads on: all fix on him their eye,
And learn from him to conquer, or to die.",Ilias
1129,"Coon, Antenor’s eldest hope, was nigh:
Tears, at the sight, came starting from his eye,
While pierced with grief the much-loved youth he view’d,
And the pale features now deform’d with blood.
Then, with his spear, unseen, his time he took,
Aim’d at the king, and near his elbow strook.
The thrilling steel transpierced the brawny part,
And through his arm stood forth the barbed dart.
Surprised the monarch feels, yet void of fear
On Coon rushes with his lifted spear:
His brother’s corpse the pious Trojan draws,
And calls his country to assert his cause;
Defends him breathless on the sanguine field,
And o’er the body spreads his ample shield.
Atrides, marking an unguarded part,
Transfix’d the warrior with his brazen dart;
Prone on his brother’s bleeding breast he lay,
The monarch’s falchion lopp’d his head away:
The social shades the same dark journey go,
And join each other in the realms below.",Ilias
1130,"The vengeful victor rages round the fields,
With every weapon art or fury yields:
By the long lance, the sword, or ponderous stone,
Whole ranks are broken, and whole troops o’erthrown.
This, while yet warm distill’d the purple flood;
But when the wound grew stiff with clotted blood,
Then grinding tortures his strong bosom rend,
Less keen those darts the fierce Ilythiae send:
(The powers that cause the teeming matron’s throes,
Sad mothers of unutterable woes!)
Stung with the smart, all-panting with the pain,
He mounts the car, and gives his squire the rein;
Then with a voice which fury made more strong,
And pain augmented, thus exhorts the throng:",Ilias
1131,"“O friends! O Greeks! assert your honours won;
Proceed, and finish what this arm begun:
Lo! angry Jove forbids your chief to stay,
And envies half the glories of the day.”",Ilias
1132,"He said: the driver whirls his lengthful thong;
The horses fly; the chariot smokes along.
Clouds from their nostrils the fierce coursers blow,
And from their sides the foam descends in snow;
Shot through the battle in a moment’s space,
The wounded monarch at his tent they place.",Ilias
1133,"No sooner Hector saw the king retired,
But thus his Trojans and his aids he fired:
“Hear, all ye Dardan, all ye Lycian race!
Famed in close fight, and dreadful face to face:
Now call to mind your ancient trophies won,
Your great forefathers’ virtues, and your own.
Behold, the general flies! deserts his powers!
Lo, Jove himself declares the conquest ours!
Now on yon ranks impel your foaming steeds;
And, sure of glory, dare immortal deeds.”",Ilias
1134,"“No martial toil I shun, no danger fear;
Let Hector come; I wait his fury here.
But Jove with conquest crowns the Trojan train:
And, Jove our foe, all human force is vain.”",Ilias
1135,"He sigh’d; but, sighing, raised his vengeful steel,
And from his car the proud Thymbraeus fell:
Molion, the charioteer, pursued his lord,
His death ennobled by Ulysses’ sword.
There slain, they left them in eternal night,
Then plunged amidst the thickest ranks of fight.
So two wild boars outstrip the following hounds,
Then swift revert, and wounds return for wounds.
Stern Hector’s conquests in the middle plain
Stood check’d awhile, and Greece respired again.",Ilias
1136,"Him, while he triumph’d, Paris eyed from far,
(The spouse of Helen, the fair cause of war;)
Around the fields his feather’d shafts he sent,
From ancient Ilus’ ruin’d monument:
Behind the column placed, he bent his bow,
And wing’d an arrow at the unwary foe;
Just as he stoop’d, Agastrophus’s crest
To seize, and drew the corslet from his breast,
The bowstring twang’d; nor flew the shaft in vain,
But pierced his foot, and nail’d it to the plain.
The laughing Trojan, with a joyful spring.
Leaps from his ambush, and insults the king.",Ilias
1137,"“He bleeds! (he cries) some god has sped my dart!
Would the same god had fix’d it in his heart!
So Troy, relieved from that wide-wasting hand,
Should breathe from slaughter and in combat stand:
Whose sons now tremble at his darted spear,
As scatter’d lambs the rushing lion fear.”",Ilias
1138,"He dauntless thus: “Thou conqueror of the fair,
Thou woman-warrior with the curling hair;
Vain archer! trusting to the distant dart,
Unskill’d in arms to act a manly part!
Thou hast but done what boys or women can;
Such hands may wound, but not incense a man.
Nor boast the scratch thy feeble arrow gave,
A coward’s weapon never hurts the brave.
Not so this dart, which thou may’st one day feel;
Fate wings its flight, and death is on the steel:
Where this but lights, some noble life expires;
Its touch makes orphans, bathes the cheeks of sires,
Steeps earth in purple, gluts the birds of air,
And leaves such objects as distract the fair.”
Ulysses hastens with a trembling heart,
Before him steps, and bending draws the dart:
Forth flows the blood; an eager pang succeeds;
Tydides mounts, and to the navy speeds.",Ilias
1139,"Now on the field Ulysses stands alone,
The Greeks all fled, the Trojans pouring on;
But stands collected in himself, and whole,
And questions thus his own unconquer’d soul:",Ilias
1140,"“What further subterfuge, what hopes remain?
What shame, inglorious if I quit the plain?
What danger, singly if I stand the ground,
My friends all scatter’d, all the foes around?
Yet wherefore doubtful? let this truth suffice,
The brave meets danger, and the coward flies.
To die or conquer, proves a hero’s heart;
And, knowing this, I know a soldier’s part.”",Ilias
1141,"Such thoughts revolving in his careful breast,
Near, and more near, the shady cohorts press’d;
These, in the warrior, their own fate enclose;
And round him deep the steely circle grows.
So fares a boar whom all the troop surrounds
Of shouting huntsmen and of clamorous hounds;
He grinds his ivory tusks; he foams with ire;
His sanguine eye-balls glare with living fire;
By these, by those, on every part is plied;
And the red slaughter spreads on every side.
Pierced through the shoulder, first Deiopis fell;
Next Ennomus and Thoon sank to hell;
Chersidamas, beneath the navel thrust,
Falls prone to earth, and grasps the bloody dust.
Charops, the son of Hippasus, was near;
Ulysses reach’d him with the fatal spear;
But to his aid his brother Socus flies,
Socus the brave, the generous, and the wise.
Near as he drew, the warrior thus began:",Ilias
1142,"“O great Ulysses! much-enduring man!
Not deeper skill’d in every martial sleight,
Than worn to toils, and active in the fight!
This day two brothers shall thy conquest grace,
And end at once the great Hippasian race,
Or thou beneath this lance must press the field.”
He said, and forceful pierced his spacious shield:
Through the strong brass the ringing javelin thrown,
Plough’d half his side, and bared it to the bone.
By Pallas’ care, the spear, though deep infix’d,
Stopp’d short of life, nor with his entrails mix’d.",Ilias
1143,"The wound not mortal wise Ulysses knew,
Then furious thus (but first some steps withdrew):
“Unhappy man! whose death our hands shall grace,
Fate calls thee hence and finish’d is thy race.
Nor longer check my conquests on the foe;
But, pierced by this, to endless darkness go,
And add one spectre to the realms below!”",Ilias
1144,"He spoke, while Socus, seized with sudden fright,
Trembling gave way, and turn’d his back to flight;
Between his shoulders pierced the following dart,
And held its passage through the panting heart:
Wide in his breast appear’d the grisly wound;
He falls; his armour rings against the ground.
Then thus Ulysses, gazing on the slain:
“Famed son of Hippasus! there press the plain;
There ends thy narrow span assign’d by fate,
Heaven owes Ulysses yet a longer date.
Ah, wretch! no father shall thy corpse compose;
Thy dying eyes no tender mother close;
But hungry birds shall tear those balls away,
And hovering vultures scream around their prey.
Me Greece shall honour, when I meet my doom,
With solemn funerals and a lasting tomb.”",Ilias
1145,"Then raging with intolerable smart,
He writhes his body, and extracts the dart.
The dart a tide of spouting gore pursued,
And gladden’d Troy with sight of hostile blood.
Now troops on troops the fainting chief invade,
Forced he recedes, and loudly calls for aid.
Thrice to its pitch his lofty voice he rears;
The well-known voice thrice Menelaus hears:
Alarm’d, to Ajax Telamon he cried,
Who shares his labours, and defends his side:
“O friend! Ulysses’ shouts invade my ear;
Distressed he seems, and no assistance near;
Strong as he is, yet one opposed to all,
Oppress’d by multitudes, the best may fall.
Greece robb’d of him must bid her host despair,
And feel a loss not ages can repair.”",Ilias
1146,"Then, where the cry directs, his course he bends;
Great Ajax, like the god of war, attends,
The prudent chief in sore distress they found,
With bands of furious Trojans compass’d round.[223]
As when some huntsman, with a flying spear,
From the blind thicket wounds a stately deer;
Down his cleft side, while fresh the blood distils,
He bounds aloft, and scuds from hills to hills,
Till life’s warm vapour issuing through the wound,
Wild mountain-wolves the fainting beast surround:
Just as their jaws his prostrate limbs invade,
The lion rushes through the woodland shade,
The wolves, though hungry, scour dispersed away;
The lordly savage vindicates his prey.
Ulysses thus, unconquer’d by his pains,
A single warrior half a host sustains:
But soon as Ajax leaves his tower-like shield,
The scattered crowds fly frighted o’er the field;
Atrides’ arm the sinking hero stays,
And, saved from numbers, to his car conveys.",Ilias
1147,"Victorious Ajax plies the routed crew;
And first Doryclus, Priam’s son, he slew,
On strong Pandocus next inflicts a wound,
And lays Lysander bleeding on the ground.
As when a torrent, swell’d with wintry rains,
Pours from the mountains o’er the deluged plains,
And pines and oaks, from their foundations torn,
A country’s ruins! to the seas are borne:
Fierce Ajax thus o’erwhelms the yielding throng;
Men, steeds, and chariots, roll in heaps along.",Ilias
1148,"But Hector, from this scene of slaughter far,
Raged on the left, and ruled the tide of war:
Loud groans proclaim his progress through the plain,
And deep Scamander swells with heaps of slain.
There Nestor and Idomeneus oppose
The warrior’s fury; there the battle glows;
There fierce on foot, or from the chariot’s height,
His sword deforms the beauteous ranks of fight.
The spouse of Helen, dealing darts around,
Had pierced Machaon with a distant wound:
In his right shoulder the broad shaft appear’d,
And trembling Greece for her physician fear’d.
To Nestor then Idomeneus begun:
“Glory of Greece, old Neleus’ valiant son!
Ascend thy chariot, haste with speed away,
And great Machaon to the ships convey;
A wise physician skill’d our wounds to heal,
Is more than armies to the public weal.”
Old Nestor mounts the seat; beside him rode
The wounded offspring of the healing god.
He lends the lash; the steeds with sounding feet
Shake the dry field, and thunder toward the fleet.",Ilias
1149,"But now Cebriones, from Hector’s car,
Survey’d the various fortune of the war:
“While here (he cried) the flying Greeks are slain,
Trojans on Trojans yonder load the plain.
Before great Ajax see the mingled throng
Of men and chariots driven in heaps along!
I know him well, distinguish’d o’er the field
By the broad glittering of the sevenfold shield.
Thither, O Hector, thither urge thy steeds,
There danger calls, and there the combat bleeds;
There horse and foot in mingled deaths unite,
And groans of slaughter mix with shouts of fight.”",Ilias
1150,"“What god, O Grecians! has your hearts dismay’d?
Oh, turn to arms; ’tis Ajax claims your aid.
This hour he stands the mark of hostile rage,
And this the last brave battle he shall wage:
Haste, join your forces; from the gloomy grave
The warrior rescue, and your country save.”
Thus urged the chief: a generous troop appears,
Who spread their bucklers, and advance their spears,
To guard their wounded friend: while thus they stand
With pious care, great Ajax joins the band:
Each takes new courage at the hero’s sight;
The hero rallies, and renews the fight.",Ilias
1151,"Thus raged both armies like conflicting fires,
While Nestor’s chariot far from fight retires:
His coursers steep’d in sweat, and stain’d with gore,
The Greeks’ preserver, great Machaon, bore.
That hour Achilles, from the topmost height
Of his proud fleet, o’erlook’d the fields of fight;
His feasted eyes beheld around the plain
The Grecian rout, the slaying, and the slain.
His friend Machaon singled from the rest,
A transient pity touch’d his vengeful breast.
Straight to Menoetius’ much-loved son he sent:
Graceful as Mars, Patroclus quits his tent;
In evil hour! Then fate decreed his doom,
And fix’d the date of all his woes to come.",Ilias
1152,"“O first of friends! (Pelides thus replied)
Still at my heart, and ever at my side!
The time is come, when yon despairing host
Shall learn the value of the man they lost:
Now at my knees the Greeks shall pour their moan,
And proud Atrides tremble on his throne.
Go now to Nestor, and from him be taught
What wounded warrior late his chariot brought:
For, seen at distance, and but seen behind,
His form recall’d Machaon to my mind;
Nor could I, through yon cloud, discern his face,
The coursers pass’d me with so swift a pace.”",Ilias
1153,"Meantime Patroclus, by Achilles sent,
Unheard approached, and stood before the tent.
Old Nestor, rising then, the hero led
To his high seat: the chief refused and said:",Ilias
1154,"This touch’d his generous heart, and from the tent
Along the shore with hasty strides he went;
Soon as he came, where, on the crowded strand,
The public mart and courts of justice stand,
Where the tall fleet of great Ulysses lies,
And altars to the guardian gods arise;
There, sad, he met the brave Euaemon’s son,
Large painful drops from all his members run;
An arrow’s head yet rooted in his wound,
The sable blood in circles mark’d the ground.
As faintly reeling he confess’d the smart,
Weak was his pace, but dauntless was his heart.
Divine compassion touch’d Patroclus’ breast,
Who, sighing, thus his bleeding friend address’d:",Ilias
1155,"“Ah, hapless leaders of the Grecian host!
Thus must ye perish on a barbarous coast?
Is this your fate, to glut the dogs with gore,
Far from your friends, and from your native shore?
Say, great Eurypylus! shall Greece yet stand?
Resists she yet the raging Hector’s hand?
Or are her heroes doom’d to die with shame,
And this the period of our wars and fame?”",Ilias
1156,"Eurypylus replies: “No more, my friend;
Greece is no more! this day her glories end;
Even to the ships victorious Troy pursues,
Her force increasing as her toil renews.
Those chiefs, that used her utmost rage to meet,
Lie pierced with wounds, and bleeding in the fleet.
But, thou, Patroclus! act a friendly part,
Lead to my ships, and draw this deadly dart;
With lukewarm water wash the gore away;
With healing balms the raging smart allay,
Such as sage Chiron, sire of pharmacy,
Once taught Achilles, and Achilles thee.
Of two famed surgeons, Podalirius stands
This hour surrounded by the Trojan bands;
And great Machaon, wounded in his tent,
Now wants that succour which so oft he lent.”",Ilias
1157,"To him the chief: “What then remains to do?
The event of things the gods alone can view.
Charged by Achilles’ great command I fly,
And bear with haste the Pylian king’s reply:
But thy distress this instant claims relief.”
He said, and in his arms upheld the chief.
The slaves their master’s slow approach survey’d,
And hides of oxen on the floor display’d:
There stretch’d at length the wounded hero lay;
Patroclus cut the forky steel away:
Then in his hands a bitter root he bruised;
The wound he wash’d, the styptic juice infused.
The closing flesh that instant ceased to glow,
The wound to torture, and the blood to flow.",Ilias
1158,"
The Greeks having retired into their intrenchments, Hector attempts to
force them; but it proving impossible to pass the ditch, Polydamas
advises to quit their chariots, and manage the attack on foot. The
Trojans follow his counsel; and having divided their army into five
bodies of foot, begin the assault. But upon the signal of an eagle with
a serpent in his talons, which appeared on the left hand of the
Trojans, Polydamas endeavours to withdraw them again. This Hector
opposes, and continues the attack; in which, after many actions,
Sarpedon makes the first breach in the wall. Hector also, casting a
stone of vast size, forces open one of the gates, and enters at the
head of his troops, who victoriously pursue the Grecians even to their
ships.",Ilias
1159,"
While thus the hero’s pious cares attend
The cure and safety of his wounded friend,
Trojans and Greeks with clashing shields engage,
And mutual deaths are dealt with mutual rage.
Nor long the trench or lofty walls oppose;
With gods averse the ill-fated works arose;
Their powers neglected, and no victim slain,
The walls were raised, the trenches sunk in vain.",Ilias
1160,"Now with compacted shields in close array,
The moving legions speed their headlong way:
Already in their hopes they fire the fleet,
And see the Grecians gasping at their feet.",Ilias
1161,"While every Trojan thus, and every aid,
The advice of wise Polydamas obey’d,
Asius alone, confiding in his car,
His vaunted coursers urged to meet the war.
Unhappy hero! and advised in vain;
Those wheels returning ne’er shall mark the plain;
No more those coursers with triumphant joy
Restore their master to the gates of Troy!
Black death attends behind the Grecian wall,
And great Idomeneus shall boast thy fall!
Fierce to the left he drives, where from the plain
The flying Grecians strove their ships to gain;
Swift through the wall their horse and chariots pass’d,
The gates half-open’d to receive the last.
Thither, exulting in his force, he flies:
His following host with clamours rend the skies:
To plunge the Grecians headlong in the main,
Such their proud hopes; but all their hopes were vain!",Ilias
1162,"As when sharp Boreas blows abroad, and brings
The dreary winter on his frozen wings;
Beneath the low-hung clouds the sheets of snow
Descend, and whiten all the fields below:
So fast the darts on either army pour,
So down the rampires rolls the rocky shower:
Heavy, and thick, resound the batter’d shields,
And the deaf echo rattles round the fields.",Ilias
1163,"With shame repulsed, with grief and fury driven,
The frantic Asius thus accuses Heaven:
“In powers immortal who shall now believe?
Can those too flatter, and can Jove deceive?
What man could doubt but Troy’s victorious power
Should humble Greece, and this her fatal hour?
But like when wasps from hollow crannies drive,
To guard the entrance of their common hive,
Darkening the rock, while with unwearied wings
They strike the assailants, and infix their stings;
A race determined, that to death contend:
So fierce these Greeks their last retreats defend.
Gods! shall two warriors only guard their gates,
Repel an army, and defraud the fates?”",Ilias
1164,"These empty accents mingled with the wind,
Nor moved great Jove’s unalterable mind;
To godlike Hector and his matchless might
Was owed the glory of the destined fight.
Like deeds of arms through all the forts were tried,
And all the gates sustain’d an equal tide;
Through the long walls the stony showers were heard,
The blaze of flames, the flash of arms appear’d.
The spirit of a god my breast inspire,
To raise each act to life, and sing with fire!
While Greece unconquer’d kept alive the war,
Secure of death, confiding in despair;
And all her guardian gods, in deep dismay,
With unassisting arms deplored the day.",Ilias
1165,"“How oft, my brother, thy reproach I bear,
For words well meant, and sentiments sincere?
True to those counsels which I judge the best,
I tell the faithful dictates of my breast.
To speak his thoughts is every freeman’s right,
In peace, in war, in council, and in fight;
And all I move, deferring to thy sway,
But tends to raise that power which I obey.
Then hear my words, nor may my words be vain!
Seek not this day the Grecian ships to gain;
For sure, to warn us, Jove his omen sent,
And thus my mind explains its clear event:
The victor eagle, whose sinister flight
Retards our host, and fills our hearts with fright,
Dismiss’d his conquest in the middle skies,
Allow’d to seize, but not possess the prize;
Thus, though we gird with fires the Grecian fleet,
Though these proud bulwalks tumble at our feet,
Toils unforeseen, and fiercer, are decreed;
More woes shall follow, and more heroes bleed.
So bodes my soul, and bids me thus advise;
For thus a skilful seer would read the skies.”",Ilias
1166,"Furious he spoke, and, rushing to the wall,
Calls on his host; his host obey the call;
With ardour follow where their leader flies:
Redoubling clamours thunder in the skies.
Jove breathes a whirlwind from the hills of Ide,
And drifts of dust the clouded navy hide;
He fills the Greeks with terror and dismay,
And gives great Hector the predestined day.
Strong in themselves, but stronger in his aid,
Close to the works their rigid siege they laid.
In vain the mounds and massy beams defend,
While these they undermine, and those they rend;
Upheaved the piles that prop the solid wall;
And heaps on heaps the smoky ruins fall.
Greece on her ramparts stands the fierce alarms;
The crowded bulwarks blaze with waving arms,
Shield touching shield, a long refulgent row;
Whence hissing darts, incessant, rain below.
The bold Ajaces fly from tower to tower,
And rouse, with flame divine, the Grecian power.
The generous impulse every Greek obeys;
Threats urge the fearful; and the valiant, praise.",Ilias
1167,"“Fellows in arms! whose deeds are known to fame,
And you, whose ardour hopes an equal name!
Since not alike endued with force or art;
Behold a day when each may act his part!
A day to fire the brave, and warm the cold,
To gain new glories, or augment the old.
Urge those who stand, and those who faint, excite;
Drown Hector’s vaunts in loud exhorts of fight;
Conquest, not safety, fill the thoughts of all;
Seek not your fleet, but sally from the wall;
So Jove once more may drive their routed train,
And Troy lie trembling in her walls again.”",Ilias
1168,"Their ardour kindles all the Grecian powers;
And now the stones descend in heavier showers.
As when high Jove his sharp artillery forms,
And opes his cloudy magazine of storms;
In winter’s bleak uncomfortable reign,
A snowy inundation hides the plain;
He stills the winds, and bids the skies to sleep;
Then pours the silent tempest thick and deep;
And first the mountain-tops are cover’d o’er,
Then the green fields, and then the sandy shore;
Bent with the weight, the nodding woods are seen,
And one bright waste hides all the works of men:
The circling seas, alone absorbing all,
Drink the dissolving fleeces as they fall:
So from each side increased the stony rain,
And the white ruin rises o’er the plain.",Ilias
1169,"Thus godlike Hector and his troops contend
To force the ramparts, and the gates to rend:
Nor Troy could conquer, nor the Greeks would yield,
Till great Sarpedon tower’d amid the field;
For mighty Jove inspired with martial flame
His matchless son, and urged him on to fame.
In arms he shines, conspicuous from afar,
And bears aloft his ample shield in air;
Within whose orb the thick bull-hides were roll’d,
Ponderous with brass, and bound with ductile gold:
And while two pointed javelins arm his hands,
Majestic moves along, and leads his Lycian bands.",Ilias
1170,"So press’d with hunger, from the mountain’s brow
Descends a lion on the flocks below;
So stalks the lordly savage o’er the plain,
In sullen majesty, and stern disdain:
In vain loud mastiffs bay him from afar,
And shepherds gall him with an iron war;
Regardless, furious, he pursues his way;
He foams, he roars, he rends the panting prey.",Ilias
1171,"Resolved alike, divine Sarpedon glows
With generous rage that drives him on the foes.
He views the towers, and meditates their fall,
To sure destruction dooms the aspiring wall;
Then casting on his friend an ardent look,
Fired with the thirst of glory, thus he spoke:",Ilias
1172,"Swift, at the word, the herald speeds along
The lofty ramparts, through the martial throng,
And finds the heroes bathed in sweat and gore,
Opposed in combat on the dusty shore.
“Ye valiant leaders of our warlike bands!
Your aid (said Thoos) Peteus’ son demands;
Your strength, united, best may help to bear
The bloody labours of the doubtful war:
Thither the Lycian princes bend their course,
The best and bravest of the hostile force.
But if too fiercely, here, the foes contend,
At least, let Telamon those towers defend,
And Teucer haste with his unerring bow
To share the danger, and repel the foe.”",Ilias
1173,"Straight to the fort great Ajax turn’d his care,
And thus bespoke his brothers of the war:
“Now, valiant Lycomede! exert your might,
And, brave Oïleus, prove your force in fight;
To you I trust the fortune of the field,
Till by this arm the foe shall be repell’d:
That done, expect me to complete the day.
Then with his sevenfold shield he strode away.”
With equal steps bold Teucer press’d the shore,
Whose fatal bow the strong Pandion bore.",Ilias
1174,"High on the walls appear’d the Lycian powers,
Like some black tempest gathering round the towers:
The Greeks, oppress’d, their utmost force unite,
Prepared to labour in the unequal fight:
The war renews, mix’d shouts and groans arise;
Tumultuous clamour mounts, and thickens in the skies.
Fierce Ajax first the advancing host invades,
And sends the brave Epicles to the shades,
Sarpedon’s friend. Across the warrior’s way,
Rent from the walls, a rocky fragment lay;
In modern ages not the strongest swain
Could heave the unwieldy burden from the plain:
He poised, and swung it round; then toss’d on high,
It flew with force, and labour’d up the sky;
Full on the Lycian’s helmet thundering down,
The ponderous ruin crush’d his batter’d crown.
As skilful divers from some airy steep
Headlong descend, and shoot into the deep,
So falls Epicles; then in groans expires,
And murmuring to the shades the soul retires.",Ilias
1175,"While to the ramparts daring Glaucus drew,
From Teucer’s hand a winged arrow flew;
The bearded shaft the destined passage found,
And on his naked arm inflicts a wound.
The chief, who fear’d some foe’s insulting boast
Might stop the progress of his warlike host,
Conceal’d the wound, and, leaping from his height
Retired reluctant from the unfinish’d fight.
Divine Sarpedon with regret beheld
Disabled Glaucus slowly quit the field;
His beating breast with generous ardour glows,
He springs to fight, and flies upon the foes.
Alcmaon first was doom’d his force to feel;
Deep in his breast he plunged the pointed steel;
Then from the yawning wound with fury tore
The spear, pursued by gushing streams of gore:
Down sinks the warrior with a thundering sound,
His brazen armour rings against the ground.",Ilias
1176,"Swift to the battlement the victor flies,
Tugs with full force, and every nerve applies:
It shakes; the ponderous stones disjointed yield;
The rolling ruins smoke along the field.
A mighty breach appears; the walls lie bare;
And, like a deluge, rushes in the war.
At once bold Teucer draws the twanging bow,
And Ajax sends his javelin at the foe;
Fix’d in his belt the feather’d weapon stood,
And through his buckler drove the trembling wood;
But Jove was present in the dire debate,
To shield his offspring, and avert his fate.
The prince gave back, not meditating flight,
But urging vengeance, and severer fight;
Then raised with hope, and fired with glory’s charms,
His fainting squadrons to new fury warms.
“O where, ye Lycians, is the strength you boast?
Your former fame and ancient virtue lost!
The breach lies open, but your chief in vain
Attempts alone the guarded pass to gain:
Unite, and soon that hostile fleet shall fall:
The force of powerful union conquers all.”",Ilias
1177,"This just rebuke inflamed the Lycian crew;
They join, they thicken, and the assault renew:
Unmoved the embodied Greeks their fury dare,
And fix’d support the weight of all the war;
Nor could the Greeks repel the Lycian powers,
Nor the bold Lycians force the Grecian towers.
As on the confines of adjoining grounds,
Two stubborn swains with blows dispute their bounds;
They tug, they sweat; but neither gain, nor yield,
One foot, one inch, of the contended field;
Thus obstinate to death, they fight, they fall;
Nor these can keep, nor those can win the wall.
Their manly breasts are pierced with many a wound,
Loud strokes are heard, and rattling arms resound;
The copious slaughter covers all the shore,
And the high ramparts drip with human gore.",Ilias
1178,"
When now the Thunderer on the sea-beat coast
Had fix’d great Hector and his conquering host,
He left them to the fates, in bloody fray
To toil and struggle through the well-fought day.
Then turn’d to Thracia from the field of fight
Those eyes that shed insufferable light,
To where the Mysians prove their martial force,
And hardy Thracians tame the savage horse;
And where the far-famed Hippomolgian strays,
Renown’d for justice and for length of days;[229]
Thrice happy race! that, innocent of blood,
From milk, innoxious, seek their simple food:
Jove sees delighted; and avoids the scene
Of guilty Troy, of arms, and dying men:
No aid, he deems, to either host is given,
While his high law suspends the powers of Heaven.",Ilias
1179,"Meantime the monarch of the watery main
Observed the Thunderer, nor observed in vain.
In Samothracia, on a mountain’s brow,
Whose waving woods o’erhung the deeps below,
He sat; and round him cast his azure eyes
Where Ida’s misty tops confusedly rise;
Below, fair Ilion’s glittering spires were seen;
The crowded ships and sable seas between.
There, from the crystal chambers of the main
Emerged, he sat, and mourn’d his Argives slain.
At Jove incensed, with grief and fury stung,
Prone down the rocky steep he rush’d along;
Fierce as he pass’d, the lofty mountains nod,
The forest shakes; earth trembled as he trod,
And felt the footsteps of the immortal god.
From realm to realm three ample strides he took,
And, at the fourth, the distant Ægae shook.",Ilias
1180,"Far in the bay his shining palace stands,
Eternal frame! not raised by mortal hands:
This having reach’d, his brass-hoof’d steeds he reins,
Fleet as the winds, and deck’d with golden manes.
Refulgent arms his mighty limbs infold,
Immortal arms of adamant and gold.
He mounts the car, the golden scourge applies,
He sits superior, and the chariot flies:
His whirling wheels the glassy surface sweep;
The enormous monsters rolling o’er the deep
Gambol around him on the watery way,
And heavy whales in awkward measures play;
The sea subsiding spreads a level plain,
Exults, and owns the monarch of the main;
The parting waves before his coursers fly;
The wondering waters leave his axle dry.",Ilias
1181,"Deep in the liquid regions lies a cave,
Between where Tenedos the surges lave,
And rocky Imbrus breaks the rolling wave:
There the great ruler of the azure round
Stopp’d his swift chariot, and his steeds unbound,
Fed with ambrosial herbage from his hand,
And link’d their fetlocks with a golden band,
Infrangible, immortal: there they stay:
The father of the floods pursues his way:
Where, like a tempest, darkening heaven around,
Or fiery deluge that devours the ground,
The impatient Trojans, in a gloomy throng,
Embattled roll’d, as Hector rush’d along:
To the loud tumult and the barbarous cry
The heavens re-echo, and the shores reply:
They vow destruction to the Grecian name,
And in their hopes the fleets already flame.",Ilias
1182,"But Neptune, rising from the seas profound,
The god whose earthquakes rock the solid ground,
Now wears a mortal form; like Calchas seen,
Such his loud voice, and such his manly mien;
His shouts incessant every Greek inspire,
But most the Ajaces, adding fire to fire.",Ilias
1183,"
“’Tis yours, O warriors, all our hopes to raise:
Oh recollect your ancient worth and praise!
’Tis yours to save us, if you cease to fear;
Flight, more than shameful, is destructive here.
On other works though Troy with fury fall,
And pour her armies o’er our batter’d wall:
There Greece has strength: but this, this part o’erthrown,
Her strength were vain; I dread for you alone:
Here Hector rages like the force of fire,
Vaunts of his gods, and calls high Jove his sire:
If yet some heavenly power your breast excite,
Breathe in your hearts, and string your arms to fight,
Greece yet may live, her threaten’d fleet maintain:
And Hector’s force, and Jove’s own aid, be vain.”",Ilias
1184,"Then with his sceptre, that the deep controls,
He touch’d the chiefs, and steel’d their manly souls:
Strength, not their own, the touch divine imparts,
Prompts their light limbs, and swells their daring hearts.
Then, as a falcon from the rocky height,
Her quarry seen, impetuous at the sight,
Forth-springing instant, darts herself from high,
Shoots on the wing, and skims along the sky:
Such, and so swift, the power of ocean flew;
The wide horizon shut him from their view.",Ilias
1185,"“Some god, my friend, some god in human form
Favouring descends, and wills to stand the storm.
Not Calchas this, the venerable seer;
Short as he turned, I saw the power appear:
I mark’d his parting, and the steps he trod;
His own bright evidence reveals a god.
Even now some energy divine I share,
And seem to walk on wings, and tread in air!”",Ilias
1186,"“With equal ardour (Telamon returns)
My soul is kindled, and my bosom burns;
New rising spirits all my force alarm,
Lift each impatient limb, and brace my arm.
This ready arm, unthinking, shakes the dart;
The blood pours back, and fortifies my heart:
Singly, methinks, yon towering chief I meet,
And stretch the dreadful Hector at my feet.”",Ilias
1187,"Full of the god that urged their burning breast,
The heroes thus their mutual warmth express’d.
Neptune meanwhile the routed Greeks inspired;
Who, breathless, pale, with length of labours tired,
Pant in the ships; while Troy to conquest calls,
And swarms victorious o’er their yielding walls:
Trembling before the impending storm they lie,
While tears of rage stand burning in their eye.
Greece sunk they thought, and this their fatal hour;
But breathe new courage as they feel the power.
Teucer and Leitus first his words excite;
Then stern Peneleus rises to the fight;
Thoas, Deipyrus, in arms renown’d,
And Merion next, the impulsive fury found;
Last Nestor’s son the same bold ardour takes,
While thus the god the martial fire awakes:",Ilias
1188,"These words the Grecians’ fainting hearts inspire,
And listening armies catch the godlike fire.
Fix’d at his post was each bold Ajax found,
With well-ranged squadrons strongly circled round:
So close their order, so disposed their fight,
As Pallas’ self might view with fix’d delight;
Or had the god of war inclined his eyes,
The god of war had own’d a just surprise.
A chosen phalanx, firm, resolved as fate,
Descending Hector and his battle wait.
An iron scene gleams dreadful o’er the fields,
Armour in armour lock’d, and shields in shields,
Spears lean on spears, on targets targets throng,
Helms stuck to helms, and man drove man along.
The floating plumes unnumber’d wave above,
As when an earthquake stirs the nodding grove;
And levell’d at the skies with pointing rays,
Their brandish’d lances at each motion blaze.",Ilias
1189,"Thus breathing death, in terrible array,
The close compacted legions urged their way:
Fierce they drove on, impatient to destroy;
Troy charged the first, and Hector first of Troy.
As from some mountain’s craggy forehead torn,
A rock’s round fragment flies, with fury borne,
(Which from the stubborn stone a torrent rends,)
Precipitate the ponderous mass descends:
From steep to steep the rolling ruin bounds;
At every shock the crackling wood resounds;
Still gathering force, it smokes; and urged amain,
Whirls, leaps, and thunders down, impetuous to the plain:
There stops—so Hector. Their whole force he proved,[230]
Resistless when he raged, and, when he stopp’d, unmoved.",Ilias
1190,"On him the war is bent, the darts are shed,
And all their falchions wave around his head:
Repulsed he stands, nor from his stand retires;
But with repeated shouts his army fires.
“Trojans! be firm; this arm shall make your way
Through yon square body, and that black array:
Stand, and my spear shall rout their scattering power,
Strong as they seem, embattled like a tower;
For he that Juno’s heavenly bosom warms,
The first of gods, this day inspires our arms.”",Ilias
1191,"He said; and roused the soul in every breast:
Urged with desire of fame, beyond the rest,
Forth march’d Deiphobus; but, marching, held
Before his wary steps his ample shield.
Bold Merion aim’d a stroke (nor aim’d it wide);
The glittering javelin pierced the tough bull-hide;
But pierced not through: unfaithful to his hand,
The point broke short, and sparkled in the sand.
The Trojan warrior, touch’d with timely fear,
On the raised orb to distance bore the spear.
The Greek, retreating, mourn’d his frustrate blow,
And cursed the treacherous lance that spared a foe;
Then to the ships with surly speed he went,
To seek a surer javelin in his tent.",Ilias
1192,"The god of ocean, fired with stern disdain,
And pierced with sorrow for his grandson slain,
Inspires the Grecian hearts, confirms their hands,
And breathes destruction on the Trojan bands.
Swift as a whirlwind rushing to the fleet,
He finds the lance-famed Idomen of Crete,
His pensive brow the generous care express’d
With which a wounded soldier touch’d his breast,
Whom in the chance of war a javelin tore,
And his sad comrades from the battle bore;
Him to the surgeons of the camp he sent:
That office paid, he issued from his tent
Fierce for the fight: to whom the god begun,
In Thoas’ voice, Andræmon’s valiant son,
Who ruled where Calydon’s white rocks arise,
And Pleuron’s chalky cliffs emblaze the skies:",Ilias
1193,"To whom the king: “On Greece no blame be thrown;
Arms are her trade, and war is all her own.
Her hardy heroes from the well-fought plains
Nor fear withholds, nor shameful sloth detains:
’Tis heaven, alas! and Jove’s all-powerful doom,
That far, far distant from our native home
Wills us to fall inglorious! Oh, my friend!
Once foremost in the fight, still prone to lend
Or arms or counsels, now perform thy best,
And what thou canst not singly, urge the rest.”",Ilias
1194,"Thus he: and thus the god whose force can make
The solid globe’s eternal basis shake:
“Ah! never may he see his native land,
But feed the vultures on this hateful strand,
Who seeks ignobly in his ships to stay,
Nor dares to combat on this signal day!
For this, behold! in horrid arms I shine,
And urge thy soul to rival acts with mine.
Together let us battle on the plain;
Two, not the worst; nor even this succour vain:
Not vain the weakest, if their force unite;
But ours, the bravest have confess’d in fight.”",Ilias
1195,"This said, he rushes where the combat burns;
Swift to his tent the Cretan king returns:
From thence, two javelins glittering in his hand,
And clad in arms that lighten’d all the strand,
Fierce on the foe the impetuous hero drove,
Like lightning bursting from the arm of Jove,
Which to pale man the wrath of heaven declares,
Or terrifies the offending world with wars;
In streamy sparkles, kindling all the skies,
From pole to pole the trail of glory flies:
Thus his bright armour o’er the dazzled throng
Gleam’d dreadful, as the monarch flash’d along.",Ilias
1196,"Him, near his tent, Meriones attends;
Whom thus he questions: “Ever best of friends!
O say, in every art of battle skill’d,
What holds thy courage from so brave a field?
On some important message art thou bound,
Or bleeds my friend by some unhappy wound?
Inglorious here, my soul abhors to stay,
And glows with prospects of th’ approaching day.”",Ilias
1197,"“O prince! (Meriones replies) whose care
Leads forth the embattled sons of Crete to war;
This speaks my grief: this headless lance I wield;
The rest lies rooted in a Trojan shield.”",Ilias
1198,"To whom the Cretan: “Enter, and receive
The wonted weapons; those my tent can give;
Spears I have store, (and Trojan lances all,)
That shed a lustre round the illumined wall,
Though I, disdainful of the distant war,
Nor trust the dart, nor aim the uncertain spear,
Yet hand to hand I fight, and spoil the slain;
And thence these trophies, and these arms I gain.
Enter, and see on heaps the helmets roll’d,
And high-hung spears, and shields that flame with gold.”",Ilias
1199,"“Nor vain (said Merion) are our martial toils;
We too can boast of no ignoble spoils:
But those my ship contains; whence distant far,
I fight conspicuous in the van of war,
What need I more? If any Greek there be
Who knows not Merion, I appeal to thee.”",Ilias
1200,"To this, Idomeneus: “The fields of fight
Have proved thy valour, and unconquer’d might:
And were some ambush for the foes design’d,
Even there thy courage would not lag behind:
In that sharp service, singled from the rest,
The fear of each, or valour, stands confess’d.
No force, no firmness, the pale coward shows;
He shifts his place: his colour comes and goes:
A dropping sweat creeps cold on every part;
Against his bosom beats his quivering heart;
Terror and death in his wild eye-balls stare;
With chattering teeth he stands, and stiffening hair,
And looks a bloodless image of despair!
Not so the brave—still dauntless, still the same,
Unchanged his colour, and unmoved his frame:
Composed his thought, determined is his eye,
And fix’d his soul, to conquer or to die:
If aught disturb the tenour of his breast,
’Tis but the wish to strike before the rest.",Ilias
1201,"“In such assays thy blameless worth is known,
And every art of dangerous war thy own.
By chance of fight whatever wounds you bore,
Those wounds were glorious all, and all before;
Such as may teach, ’twas still thy brave delight
T’oppose thy bosom where thy foremost fight.
But why, like infants, cold to honour’s charms,
Stand we to talk, when glory calls to arms?
Go—from my conquer’d spears the choicest take,
And to their owners send them nobly back.”",Ilias
1202,"Swift at the word bold Merion snatch’d a spear
And, breathing slaughter, follow’d to the war.
So Mars armipotent invades the plain,
(The wide destroyer of the race of man,)
Terror, his best-beloved son, attends his course,
Arm’d with stern boldness, and enormous force;
The pride of haughty warriors to confound,
And lay the strength of tyrants on the ground:
From Thrace they fly, call’d to the dire alarms
Of warring Phlegyans, and Ephyrian arms;
Invoked by both, relentless they dispose,
To these glad conquest, murderous rout to those.
So march’d the leaders of the Cretan train,
And their bright arms shot horror o’er the plain.",Ilias
1203,"Then first spake Merion: “Shall we join the right,
Or combat in the centre of the fight?
Or to the left our wonted succour lend?
Hazard and fame all parts alike attend.”",Ilias
1204,"“Not in the centre (Idomen replied:)
Our ablest chieftains the main battle guide;
Each godlike Ajax makes that post his care,
And gallant Teucer deals destruction there,
Skill’d or with shafts to gall the distant field,
Or bear close battle on the sounding shield.
These can the rage of haughty Hector tame:
Safe in their arms, the navy fears no flame,
Till Jove himself descends, his bolts to shed,
And hurl the blazing ruin at our head.
Great must he be, of more than human birth,
Nor feed like mortals on the fruits of earth.
Him neither rocks can crush, nor steel can wound,
Whom Ajax fells not on the ensanguined ground.
In standing fight he mates Achilles’ force,
Excell’d alone in swiftness in the course.
Then to the left our ready arms apply,
And live with glory, or with glory die.”",Ilias
1205,"He said: and Merion to th’ appointed place,
Fierce as the god of battles, urged his pace.
Soon as the foe the shining chiefs beheld
Rush like a fiery torrent o’er the field,
Their force embodied in a tide they pour;
The rising combat sounds along the shore.
As warring winds, in Sirius’ sultry reign,
From different quarters sweep the sandy plain;
On every side the dusty whirlwinds rise,
And the dry fields are lifted to the skies:
Thus by despair, hope, rage, together driven,
Met the black hosts, and, meeting, darken’d heaven.
All dreadful glared the iron face of war,
Bristled with upright spears, that flash’d afar;
Dire was the gleam of breastplates, helms, and shields,
And polish’d arms emblazed the flaming fields:
Tremendous scene! that general horror gave,
But touch’d with joy the bosoms of the brave.",Ilias
1206,"Saturn’s great sons in fierce contention vied,
And crowds of heroes in their anger died.
The sire of earth and heaven, by Thetis won
To crown with glory Peleus’ godlike son,
Will’d not destruction to the Grecian powers,
But spared awhile the destined Trojan towers;
While Neptune, rising from his azure main,
Warr’d on the king of heaven with stern disdain,
And breathed revenge, and fired the Grecian train.
Gods of one source, of one ethereal race,
Alike divine, and heaven their native place;
But Jove the greater; first-born of the skies,
And more than men, or gods, supremely wise.
For this, of Jove’s superior might afraid,
Neptune in human form conceal’d his aid.
These powers enfold the Greek and Trojan train
In war and discord’s adamantine chain,
Indissolubly strong: the fatal tie
Is stretch’d on both, and close compell’d they die.",Ilias
1207,"Stabb’d at the sight, Deiphobus drew nigh,
And made, with force, the vengeful weapon fly.
The Cretan saw; and, stooping, caused to glance
From his slope shield the disappointed lance.
Beneath the spacious targe, (a blazing round,
Thick with bull-hides and brazen orbits bound,
On his raised arm by two strong braces stay’d,)
He lay collected in defensive shade.
O’er his safe head the javelin idly sung,
And on the tinkling verge more faintly rung.
Even then the spear the vigorous arm confess’d,
And pierced, obliquely, king Hypsenor’s breast:
Warm’d in his liver, to the ground it bore
The chief, his people’s guardian now no more!",Ilias
1208,"“Not unattended (the proud Trojan cries)
Nor unrevenged, lamented Asius lies:
For thee, through hell’s black portals stand display’d,
This mate shall joy thy melancholy shade.”",Ilias
1209,"Heart-piercing anguish, at the haughty boast,
Touch’d every Greek, but Nestor’s son the most.
Grieved as he was, his pious arms attend,
And his broad buckler shields his slaughter’d friend:
Till sad Mecistheus and Alastor bore
His honour’d body to the tented shore.",Ilias
1210,"Then Idomen, insulting o’er the slain:
“Behold, Deiphobus! nor vaunt in vain:
See! on one Greek three Trojan ghosts attend;
This, my third victim, to the shades I send.
Approaching now thy boasted might approve,
And try the prowess of the seed of Jove.
From Jove, enamour’d of a mortal dame,
Great Minos, guardian of his country, came:
Deucalion, blameless prince, was Minos’ heir;
His first-born I, the third from Jupiter:
O’er spacious Crete, and her bold sons, I reign,
And thence my ships transport me through the main:
Lord of a host, o’er all my host I shine,
A scourge to thee, thy father, and thy line.”",Ilias
1211,"The Trojan heard; uncertain or to meet,
Alone, with venturous arms the king of Crete,
Or seek auxiliar force; at length decreed
To call some hero to partake the deed,
Forthwith Æneas rises to his thought:
For him in Troy’s remotest lines he sought,
Where he, incensed at partial Priam, stands,
And sees superior posts in meaner hands.
To him, ambitious of so great an aid,
The bold Deiphobus approach’d, and said:",Ilias
1212,"“Now, Trojan prince, employ thy pious arms,
If e’er thy bosom felt fair honour’s charms.
Alcathous dies, thy brother and thy friend;
Come, and the warrior’s loved remains defend.
Beneath his cares thy early youth was train’d,
One table fed you, and one roof contain’d.
This deed to fierce Idomeneus we owe;
Haste, and revenge it on th’ insulting foe.”",Ilias
1213,"He spoke, and all, as with one soul, obey’d;
Their lifted bucklers cast a dreadful shade
Around the chief. Æneas too demands
Th’ assisting forces of his native bands;
Paris, Deiphobus, Agenor, join;
(Co-aids and captains of the Trojan line;)
In order follow all th’ embodied train,
Like Ida’s flocks proceeding o’er the plain;
Before his fleecy care, erect and bold,
Stalks the proud ram, the father of the bold.
With joy the swain surveys them, as he leads
To the cool fountains, through the well-known meads:
So joys Æneas, as his native band
Moves on in rank, and stretches o’er the land.",Ilias
1214,"Nor knew the furious father of his fall;
High-throned amidst the great Olympian hall,
On golden clouds th’ immortal synod sate;
Detain’d from bloody war by Jove and Fate.",Ilias
1215,"Now, where in dust the breathless hero lay,
For slain Ascalaphus commenced the fray,
Deiphobus to seize his helmet flies,
And from his temples rends the glittering prize;
Valiant as Mars, Meriones drew near,
And on his loaded arm discharged his spear:
He drops the weight, disabled with the pain;
The hollow helmet rings against the plain.
Swift as a vulture leaping on his prey,
From his torn arm the Grecian rent away
The reeking javelin, and rejoin’d his friends.
His wounded brother good Polites tends;
Around his waist his pious arms he threw,
And from the rage of battle gently drew:
Him his swift coursers, on his splendid car,
Rapt from the lessening thunder of the war;
To Troy they drove him, groaning from the shore,
And sprinkling, as he pass’d, the sands with gore.",Ilias
1216,"“Thus, Trojans, thus, at length be taught to fear;
O race perfidious, who delight in war!
Already noble deeds ye have perform’d;
A princess raped transcends a navy storm’d:
In such bold feats your impious might approve,
Without th’ assistance, or the fear of Jove.
The violated rites, the ravish’d dame;
Our heroes slaughter’d and our ships on flame,
Crimes heap’d on crimes, shall bend your glory down,
And whelm in ruins yon flagitious town.
O thou, great father! lord of earth and skies,
Above the thought of man, supremely wise!
If from thy hand the fates of mortals flow,
From whence this favour to an impious foe?
A godless crew, abandon’d and unjust,
Still breathing rapine, violence, and lust?
The best of things, beyond their measure, cloy;
Sleep’s balmy blessing, love’s endearing joy;
The feast, the dance; whate’er mankind desire,
Even the sweet charms of sacred numbers tire.
But Troy for ever reaps a dire delight
In thirst of slaughter, and in lust of fight.”",Ilias
1217,"This said, he seized (while yet the carcase heaved)
The bloody armour, which his train received:
Then sudden mix’d among the warring crew,
And the bold son of Pylæmenes slew.
Harpalion had through Asia travell’d far,
Following his martial father to the war:
Through filial love he left his native shore,
Never, ah, never to behold it more!
His unsuccessful spear he chanced to fling
Against the target of the Spartan king;
Thus of his lance disarm’d, from death he flies,
And turns around his apprehensive eyes.
Him, through the hip transpiercing as he fled,
The shaft of Merion mingled with the dead.
Beneath the bone the glancing point descends,
And, driving down, the swelling bladder rends:
Sunk in his sad companions’ arms he lay,
And in short pantings sobb’d his soul away;
(Like some vile worm extended on the ground;)
While life’s red torrent gush’d from out the wound.",Ilias
1218,"Him on his car the Paphlagonian train
In slow procession bore from off the plain.
The pensive father, father now no more!
Attends the mournful pomp along the shore;
And unavailing tears profusely shed;
And, unrevenged, deplored his offspring dead.",Ilias
1219,"Paris from far the moving sight beheld,
With pity soften’d and with fury swell’d:
His honour’d host, a youth of matchless grace,
And loved of all the Paphlagonian race!
With his full strength he bent his angry bow,
And wing’d the feather’d vengeance at the foe.
A chief there was, the brave Euchenor named,
For riches much, and more for virtue famed.
Who held his seat in Corinth’s stately town;
Polydus’ son, a seer of old renown.
Oft had the father told his early doom,
By arms abroad, or slow disease at home:
He climb’d his vessel, prodigal of breath,
And chose the certain glorious path to death.
Beneath his ear the pointed arrow went;
The soul came issuing at the narrow vent:
His limbs, unnerved, drop useless on the ground,
And everlasting darkness shades him round.",Ilias
1220,"Now had the Greeks eternal fame acquired,
And the gall’d Ilians to their walls retired;
But sage Polydamas, discreetly brave,
Address’d great Hector, and this counsel gave:",Ilias
1221,"The counsel pleased; and Hector, with a bound,
Leap’d from his chariot on the trembling ground;
Swift as he leap’d his clanging arms resound.
“To guard this post (he cried) thy art employ,
And here detain the scatter’d youth of Troy;
Where yonder heroes faint, I bend my way,
And hasten back to end the doubtful day.”",Ilias
1222,"This said, the towering chief prepares to go,
Shakes his white plumes that to the breezes flow,
And seems a moving mountain topp’d with snow.
Through all his host, inspiring force, he flies,
And bids anew the martial thunder rise.
To Panthus’ son, at Hector’s high command
Haste the bold leaders of the Trojan band:
But round the battlements, and round the plain,
For many a chief he look’d, but look’d in vain;
Deiphobus, nor Helenus the seer,
Nor Asius’ son, nor Asius’ self appear:
For these were pierced with many a ghastly wound,
Some cold in death, some groaning on the ground;
Some low in dust, (a mournful object) lay;
High on the wall some breathed their souls away.",Ilias
1223,"Far on the left, amid the throng he found
(Cheering the troops, and dealing deaths around)
The graceful Paris; whom, with fury moved,
Opprobrious thus, th’ impatient chief reproved:",Ilias
1224,"“Ill-fated Paris! slave to womankind,
As smooth of face as fraudulent of mind!
Where is Deiphobus, where Asius gone?
The godlike father, and th’ intrepid son?
The force of Helenus, dispensing fate;
And great Othryoneus, so fear’d of late?
Black fate hang’s o’er thee from th’ avenging gods,
Imperial Troy from her foundations nods;
Whelm’d in thy country’s ruin shalt thou fall,
And one devouring vengeance swallow all.”",Ilias
1225,"Thus stalk’d he, dreadful; death was in his look:
Whole nations fear’d; but not an Argive shook.
The towering Ajax, with an ample stride,
Advanced the first, and thus the chief defied:",Ilias
1226,"“Hector! come on; thy empty threats forbear;
’Tis not thy arm, ’tis thundering Jove we fear:
The skill of war to us not idly given,
Lo! Greece is humbled, not by Troy, but Heaven.
Vain are the hopes that haughty mind imparts,
To force our fleet: the Greeks have hands and hearts.
Long ere in flames our lofty navy fall,
Your boasted city, and your god-built wall,
Shall sink beneath us, smoking on the ground;
And spread a long unmeasured ruin round.
The time shall come, when, chased along the plain,
Even thou shalt call on Jove, and call in vain;
Even thou shalt wish, to aid thy desperate course,
The wings of falcons for thy flying horse;
Shalt run, forgetful of a warrior’s fame,
While clouds of friendly dust conceal thy shame.”",Ilias
1227,"As thus he spoke, behold, in open view,
On sounding wings a dexter eagle flew.
To Jove’s glad omen all the Grecians rise,
And hail, with shouts, his progress through the skies:
Far-echoing clamours bound from side to side;
They ceased; and thus the chief of Troy replied:",Ilias
1228,"“From whence this menace, this insulting strain?
Enormous boaster! doom’d to vaunt in vain.
So may the gods on Hector life bestow,
(Not that short life which mortals lead below,
But such as those of Jove’s high lineage born,
The blue-eyed maid, or he that gilds the morn,)
As this decisive day shall end the fame
Of Greece, and Argos be no more a name.
And thou, imperious! if thy madness wait
The lance of Hector, thou shalt meet thy fate:
That giant-corse, extended on the shore,
Shall largely feast the fowls with fat and gore.”",Ilias
1229,"He said; and like a lion stalk’d along:
With shouts incessant earth and ocean rung,
Sent from his following host: the Grecian train
With answering thunders fill’d the echoing plain;
A shout that tore heaven’s concave, and, above,
Shook the fix’d splendours of the throne of Jove.",Ilias
1230,"
But not the genial feast, nor flowing bowl,
Could charm the cares of Nestor’s watchful soul;
His startled ears the increasing cries attend;
Then thus, impatient, to his wounded friend:",Ilias
1231,"“What new alarm, divine Machaon, say,
What mix’d events attend this mighty day?
Hark! how the shouts divide, and how they meet,
And now come full, and thicken to the fleet!
Here with the cordial draught dispel thy care,
Let Hecamede the strengthening bath prepare,
Refresh thy wound, and cleanse the clotted gore;
While I the adventures of the day explore.”",Ilias
1232,"He said: and, seizing Thrasymedes’ shield,
(His valiant offspring,) hasten’d to the field;
(That day the son his father’s buckler bore;)
Then snatch’d a lance, and issued from the door.
Soon as the prospect open’d to his view,
His wounded eyes the scene of sorrow knew;
Dire disarray! the tumult of the fight,
The wall in ruins, and the Greeks in flight.
As when old ocean’s silent surface sleeps,
The waves just heaving on the purple deeps:
While yet the expected tempest hangs on high,
Weighs down the cloud, and blackens in the sky,
The mass of waters will no wind obey;
Jove sends one gust, and bids them roll away.
While wavering counsels thus his mind engage,
Fluctuates in doubtful thought the Pylian sage,
To join the host, or to the general haste;
Debating long, he fixes on the last:
Yet, as he moves, the sight his bosom warms,
The field rings dreadful with the clang of arms,
The gleaming falchions flash, the javelins fly;
Blows echo blows, and all or kill or die.",Ilias
1233,"Him, in his march, the wounded princes meet,
By tardy steps ascending from the fleet:
The king of men, Ulysses the divine,
And who to Tydeus owes his noble line[232]
(Their ships at distance from the battle stand,
In lines advanced along the shelving strand:
Whose bay, the fleet unable to contain
At length; beside the margin of the main,
Rank above rank, the crowded ships they moor:
Who landed first, lay highest on the shore.)
Supported on the spears, they took their way,
Unfit to fight, but anxious for the day.
Nestor’s approach alarm’d each Grecian breast,
Whom thus the general of the host address’d:",Ilias
1234,"“O grace and glory of the Achaian name;
What drives thee, Nestor, from the field of fame?
Shall then proud Hector see his boast fulfill’d,
Our fleets in ashes, and our heroes kill’d?
Such was his threat, ah! now too soon made good,
On many a Grecian bosom writ in blood.
Is every heart inflamed with equal rage
Against your king, nor will one chief engage?
And have I lived to see with mournful eyes
In every Greek a new Achilles rise?”",Ilias
1235,"Gerenian Nestor then: “So fate has will’d;
And all-confirming time has fate fulfill’d.
Not he that thunders from the aerial bower,
Not Jove himself, upon the past has power.
The wall, our late inviolable bound,
And best defence, lies smoking on the ground:
Even to the ships their conquering arms extend,
And groans of slaughter’d Greeks to heaven ascend.
On speedy measures then employ your thought
In such distress! if counsel profit aught:
Arms cannot much: though Mars our souls incite,
These gaping wounds withhold us from the fight.”",Ilias
1236,"To him the monarch: “That our army bends,
That Troy triumphant our high fleet ascends,
And that the rampart, late our surest trust
And best defence, lies smoking in the dust;
All this from Jove’s afflictive hand we bear,
Who, far from Argos, wills our ruin here.
Past are the days when happier Greece was blest,
And all his favour, all his aid confess’d;
Now heaven averse, our hands from battle ties,
And lifts the Trojan glory to the skies.
Cease we at length to waste our blood in vain,
And launch what ships lie nearest to the main;
Leave these at anchor, till the coming night:
Then, if impetuous Troy forbear the fight,
Bring all to sea, and hoist each sail for flight.
Better from evils, well foreseen, to run,
Than perish in the danger we may shun.”",Ilias
1237,"“Thy just reproofs (Atrides calm replies)
Like arrows pierce me, for thy words are wise.
Unwilling as I am to lose the host,
I force not Greece to quit this hateful coast;
Glad I submit, whoe’er, or young, or old,
Aught, more conducive to our weal, unfold.”",Ilias
1238,"He added not: the listening kings obey,
Slow moving on; Atrides leads the way.
The god of ocean (to inflame their rage)
Appears a warrior furrowed o’er with age;
Press’d in his own, the general’s hand he took,
And thus the venerable hero spoke:",Ilias
1239,"“Atrides! lo! with what disdainful eye
Achilles sees his country’s forces fly;
Blind, impious man! whose anger is his guide,
Who glories in unutterable pride.
So may he perish, so may Jove disclaim
The wretch relentless, and o’erwhelm with shame!
But Heaven forsakes not thee: o’er yonder sands
Soon shall thou view the scattered Trojan bands
Fly diverse; while proud kings, and chiefs renown’d,
Driven heaps on heaps, with clouds involved around
Of rolling dust, their winged wheels employ
To hide their ignominious heads in Troy.”",Ilias
1240,"He spoke, then rush’d amid the warrior crew,
And sent his voice before him as he flew,
Loud, as the shout encountering armies yield
When twice ten thousand shake the labouring field;
Such was the voice, and such the thundering sound
Of him whose trident rends the solid ground.
Each Argive bosom beats to meet the fight,
And grisly war appears a pleasing sight.",Ilias
1241,"Meantime Saturnia from Olympus’ brow,
High-throned in gold, beheld the fields below;
With joy the glorious conflict she survey’d,
Where her great brother gave the Grecians aid.
But placed aloft, on Ida’s shady height
She sees her Jove, and trembles at the sight.
Jove to deceive, what methods shall she try,
What arts, to blind his all-beholding eye?
At length she trusts her power; resolved to prove
The old, yet still successful, cheat of love;
Against his wisdom to oppose her charms,
And lull the lord of thunders in her arms.",Ilias
1242,"“How long (to Venus thus apart she cried)
Shall human strife celestial minds divide?
Ah yet, will Venus aid Saturnia’s joy,
And set aside the cause of Greece and Troy?”",Ilias
1243,"“Then grant me (said the queen) those conquering charms,
That power, which mortals and immortals warms,
That love, which melts mankind in fierce desires,
And burns the sons of heaven with sacred fires!",Ilias
1244,"“For lo! I haste to those remote abodes,
Where the great parents, (sacred source of gods!)
Ocean and Tethys their old empire keep,
On the last limits of the land and deep.
In their kind arms my tender years were past;
What time old Saturn, from Olympus cast,
Of upper heaven to Jove resign’d the reign,
Whelm’d under the huge mass of earth and main.
For strife, I hear, has made the union cease,
Which held so long that ancient pair in peace.
What honour, and what love, shall I obtain,
If I compose those fatal feuds again;
Once more their minds in mutual ties engage,
And, what my youth has owed, repay their age!”",Ilias
1245,"She said. With awe divine, the queen of love
Obey’d the sister and the wife of Jove;
And from her fragrant breast the zone embraced,[233]
With various skill and high embroidery graced.
In this was every art, and every charm,
To win the wisest, and the coldest warm:
Fond love, the gentle vow, the gay desire,
The kind deceit, the still-reviving fire,
Persuasive speech, and the more persuasive sighs,
Silence that spoke, and eloquence of eyes.
This on her hand the Cyprian Goddess laid:
“Take this, and with it all thy wish;” she said.
With smiles she took the charm; and smiling press’d
The powerful cestus to her snowy breast.",Ilias
1246,"Then Venus to the courts of Jove withdrew;
Whilst from Olympus pleased Saturnia flew.
O’er high Pieria thence her course she bore,
O’er fair Emathia’s ever-pleasing shore,
O’er Hemus’ hills with snows eternal crown’d;
Nor once her flying foot approach’d the ground.
Then taking wing from Athos’ lofty steep,
She speeds to Lemnos o’er the rolling deep,
And seeks the cave of Death’s half-brother, Sleep.[234]",Ilias
1247,"“Sweet pleasing Sleep! (Saturnia thus began)
Who spread’st thy empire o’er each god and man;
If e’er obsequious to thy Juno’s will,
O power of slumbers! hear, and favour still.
Shed thy soft dews on Jove’s immortal eyes,
While sunk in love’s entrancing joys he lies.
A splendid footstool, and a throne, that shine
With gold unfading, Somnus, shall be thine;
The work of Vulcan; to indulge thy ease,
When wine and feasts thy golden humours please.”",Ilias
1248,"“Imperial dame (the balmy power replies),
Great Saturn’s heir, and empress of the skies!
O’er other gods I spread my easy chain;
The sire of all, old Ocean, owns my reign.
And his hush’d waves lie silent on the main.
But how, unbidden, shall I dare to steep
Jove’s awful temples in the dew of sleep?
Long since, too venturous, at thy bold command,
On those eternal lids I laid my hand;
What time, deserting Ilion’s wasted plain,
His conquering son, Alcides, plough’d the main.
When lo! the deeps arise, the tempests roar,
And drive the hero to the Coan shore:
Great Jove, awaking, shook the blest abodes
With rising wrath, and tumbled gods on gods;
Me chief he sought, and from the realms on high
Had hurl’d indignant to the nether sky,
But gentle Night, to whom I fled for aid,
(The friend of earth and heaven,) her wings display’d;
Impower’d the wrath of gods and men to tame,
Even Jove revered the venerable dame.”",Ilias
1249,"“Vain are thy fears (the queen of heaven replies,
And, speaking, rolls her large majestic eyes);
Think’st thou that Troy has Jove’s high favour won,
Like great Alcides, his all-conquering son?
Hear, and obey the mistress of the skies,
Nor for the deed expect a vulgar prize;
For know, thy loved-one shall be ever thine,
The youngest Grace, Pasithaë the divine.”[235]",Ilias
1250,"“Swear then (he said) by those tremendous floods
That roar through hell, and bind the invoking gods:
Let the great parent earth one hand sustain,
And stretch the other o’er the sacred main:
Call the black Titans, that with Chronos dwell,
To hear and witness from the depths of hell;
That she, my loved-one, shall be ever mine,
The youngest Grace, Pasithaë the divine.”",Ilias
1251,"The queen assents, and from the infernal bowers
Invokes the sable subtartarean powers,
And those who rule the inviolable floods,
Whom mortals name the dread Titanian gods.",Ilias
1252,"
Then swift as wind, o’er Lemnos’ smoky isle
They wing their way, and Imbrus’ sea-beat soil;
Through air, unseen, involved in darkness glide,
And light on Lectos, on the point of Ide:
(Mother of savages, whose echoing hills
Are heard resounding with a hundred rills:)
Fair Ida trembles underneath the god;
Hush’d are her mountains, and her forests nod.
There on a fir, whose spiry branches rise
To join its summit to the neighbouring skies;
Dark in embowering shade, conceal’d from sight,
Sat Sleep, in likeness of the bird of night.
(Chalcis his name by those of heavenly birth,
But call’d Cymindis by the race of earth.)",Ilias
1253,"To Ida’s top successful Juno flies;
Great Jove surveys her with desiring eyes:
The god, whose lightning sets the heavens on fire,
Through all his bosom feels the fierce desire;
Fierce as when first by stealth he seized her charms,
Mix’d with her soul, and melted in her arms:
Fix’d on her eyes he fed his eager look,
Then press’d her hand, and thus with transport spoke:",Ilias
1254,"Then she—“I haste to those remote abodes
Where the great parents of the deathless gods,
The reverend Ocean and gray Tethys, reign,
On the last limits of the land and main.
I visit these, to whose indulgent cares
I owe the nursing of my tender years:
For strife, I hear, has made that union cease
Which held so long that ancient pair in peace.
The steeds, prepared my chariot to convey
O’er earth and seas, and through the aerial way,
Wait under Ide: of thy superior power
To ask consent, I leave the Olympian bower;
Nor seek, unknown to thee, the sacred cells
Deep under seas, where hoary Ocean dwells.”",Ilias
1255,"“For that (said Jove) suffice another day!
But eager love denies the least delay.
Let softer cares the present hour employ,
And be these moments sacred all to joy.
Ne’er did my soul so strong a passion prove,
Or for an earthly, or a heavenly love:
Not when I press’d Ixion’s matchless dame,
Whence rose Pirithous like the gods in fame:
Not when fair Danae felt the shower of gold
Stream into life, whence Perseus brave and bold.
Not thus I burn’d for either Theban dame:
(Bacchus from this, from that Alcides came:)
Nor Phœnix’ daughter, beautiful and young,
Whence godlike Rhadamanth and Minos sprung.[236]
Not thus I burn’d for fair Latona’s face,
Nor comelier Ceres’ more majestic grace.
Not thus even for thyself I felt desire,
As now my veins receive the pleasing fire.”",Ilias
1256,"He spoke; the goddess with the charming eyes
Glows with celestial red, and thus replies:
“Is this a scene for love? On Ida’s height,
Exposed to mortal and immortal sight!
Our joys profaned by each familiar eye;
The sport of heaven, and fable of the sky:
How shall I e’er review the blest abodes,
Or mix among the senate of the gods?
Shall I not think, that, with disorder’d charms,
All heaven beholds me recent from thy arms?
With skill divine has Vulcan form’d thy bower,
Sacred to love and to the genial hour;
If such thy will, to that recess retire,
In secret there indulge thy soft desire.”",Ilias
1257,"She ceased; and, smiling with superior love,
Thus answer’d mild the cloud-compelling Jove:
“Nor god nor mortal shall our joys behold,
Shaded with clouds, and circumfused in gold;
Not even the sun, who darts through heaven his rays,
And whose broad eye the extended earth surveys.”",Ilias
1258,"Gazing he spoke, and, kindling at the view,
His eager arms around the goddess threw.
Glad Earth perceives, and from her bosom pours
Unbidden herbs and voluntary flowers:
Thick new-born violets a soft carpet spread,
And clustering lotos swell’d the rising bed,
And sudden hyacinths the turf bestrow,[237]
And flamy crocus made the mountain glow
There golden clouds conceal the heavenly pair,
Steep’d in soft joys and circumfused with air;
Celestial dews, descending o’er the ground,
Perfume the mount, and breathe ambrosia round:
At length, with love and sleep’s soft power oppress’d,
The panting thunderer nods, and sinks to rest.",Ilias
1259,"Now to the navy borne on silent wings,
To Neptune’s ear soft Sleep his message brings;
Beside him sudden, unperceived, he stood,
And thus with gentle words address’d the god:",Ilias
1260,"
The troops assent; their martial arms they change:
The busy chiefs their banded legions range.
The kings, though wounded, and oppress’d with pain,
With helpful hands themselves assist the train.
The strong and cumbrous arms the valiant wield,
The weaker warrior takes a lighter shield.
Thus sheath’d in shining brass, in bright array
The legions march, and Neptune leads the way:
His brandish’d falchion flames before their eyes,
Like lightning flashing through the frighted skies.
Clad in his might, the earth-shaking power appears;
Pale mortals tremble, and confess their fears.",Ilias
1261,"When now they touch’d the mead’s enamell’d side,
Where gentle Xanthus rolls his easy tide,
With watery drops the chief they sprinkle round,
Placed on the margin of the flowery ground.
Raised on his knees, he now ejects the gore;
Now faints anew, low-sinking on the shore;
By fits he breathes, half views the fleeting skies,
And seals again, by fits, his swimming eyes.",Ilias
1262,"Soon as the Greeks the chief’s retreat beheld,
With double fury each invades the field.
Oilean Ajax first his javelin sped,
Pierced by whose point the son of Enops bled;
(Satnius the brave, whom beauteous Neis bore
Amidst her flocks on Satnio’s silver shore;)
Struck through the belly’s rim, the warrior lies
Supine, and shades eternal veil his eyes.
An arduous battle rose around the dead;
By turns the Greeks, by turns the Trojans bled.",Ilias
1263,"Fired with revenge, Polydamas drew near,
And at Prothoënor shook the trembling spear;
The driving javelin through his shoulder thrust,
He sinks to earth, and grasps the bloody dust.
“Lo thus (the victor cries) we rule the field,
And thus their arms the race of Panthus wield:
From this unerring hand there flies no dart
But bathes its point within a Grecian heart.
Propp’d on that spear to which thou owest thy fall,
Go, guide thy darksome steps to Pluto’s dreary hall.”",Ilias
1264,"He said, and sorrow touch’d each Argive breast:
The soul of Ajax burn’d above the rest.
As by his side the groaning warrior fell,
At the fierce foe he launch’d his piercing steel;
The foe, reclining, shunn’d the flying death;
But fate, Archilochus, demands thy breath:
Thy lofty birth no succour could impart,
The wings of death o’ertook thee on the dart;
Swift to perform heaven’s fatal will, it fled
Full on the juncture of the neck and head,
And took the joint, and cut the nerves in twain:
The dropping head first tumbled on the plain.
So just the stroke, that yet the body stood
Erect, then roll’d along the sands in blood.",Ilias
1265,"“Here, proud Polydamas, here turn thy eyes!
(The towering Ajax loud-insulting cries:)
Say, is this chief extended on the plain
A worthy vengeance for Prothoënor slain?
Mark well his port! his figure and his face
Nor speak him vulgar, nor of vulgar race;
Some lines, methinks, may make his lineage known,
Antenor’s brother, or perhaps his son.”",Ilias
1266,"He spake, and smiled severe, for well he knew
The bleeding youth: Troy sadden’d at the view.
But furious Acamas avenged his cause;
As Promachus his slaughtered brother draws,
He pierced his heart—“Such fate attends you all,
Proud Argives! destined by our arms to fall.
Not Troy alone, but haughty Greece, shall share
The toils, the sorrows, and the wounds of war.
Behold your Promachus deprived of breath,
A victim owed to my brave brother’s death.
Not unappeased he enters Pluto’s gate,
Who leaves a brother to revenge his fate.”",Ilias
1267,"Heart-piercing anguish struck the Grecian host,
But touch’d the breast of bold Peneleus most;
At the proud boaster he directs his course;
The boaster flies, and shuns superior force.
But young Ilioneus received the spear;
Ilioneus, his father’s only care:
(Phorbas the rich, of all the Trojan train
Whom Hermes loved, and taught the arts of gain:)
Full in his eye the weapon chanced to fall,
And from the fibres scoop’d the rooted ball,
Drove through the neck, and hurl’d him to the plain;
He lifts his miserable arms in vain!
Swift his broad falchion fierce Peneleus spread,
And from the spouting shoulders struck his head;
To earth at once the head and helmet fly;
The lance, yet sticking through the bleeding eye,
The victor seized; and, as aloft he shook
The gory visage, thus insulting spoke:",Ilias
1268,"“Trojans! your great Ilioneus behold!
Haste, to his father let the tale be told:
Let his high roofs resound with frantic woe,
Such as the house of Promachus must know;
Let doleful tidings greet his mother’s ear,
Such as to Promachus’ sad spouse we bear,
When we victorious shall to Greece return,
And the pale matron in our triumphs mourn.”",Ilias
1269,"Dreadful he spoke, then toss’d the head on high;
The Trojans hear, they tremble, and they fly:
Aghast they gaze around the fleet and wall,
And dread the ruin that impends on all.",Ilias
1270,"Daughters of Jove! that on Olympus shine,
Ye all-beholding, all-recording nine!
O say, when Neptune made proud Ilion yield,
What chief, what hero first embrued the field?
Of all the Grecians what immortal name,
And whose bless’d trophies, will ye raise to fame?",Ilias
1271,"Thou first, great Ajax! on the unsanguined plain
Laid Hyrtius, leader of the Mysian train.
Phalces and Mermer, Nestor’s son o’erthrew,
Bold Merion, Morys and Hippotion slew.
Strong Periphaetes and Prothoon bled,
By Teucer’s arrows mingled with the dead,
Pierced in the flank by Menelaus’ steel,
His people’s pastor, Hyperenor fell;
Eternal darkness wrapp’d the warrior round,
And the fierce soul came rushing through the wound.
But stretch’d in heaps before Oïleus’ son,
Fall mighty numbers, mighty numbers run;
Ajax the less, of all the Grecian race
Skill’d in pursuit, and swiftest in the chase.",Ilias
1272,"
Jupiter, awaking, sees the Trojans repulsed from the trenches, Hector
in a swoon, and Neptune at the head of the Greeks: he is highly
incensed at the artifice of Juno, who appeases him by her submissions;
she is then sent to Iris and Apollo. Juno, repairing to the assembly of
the gods, attempts, with extraordinary address, to incense them against
Jupiter; in particular she touches Mars with a violent resentment; he
is ready to take arms, but is prevented by Minerva. Iris and Apollo
obey the orders of Jupiter; Iris commands Neptune to leave the battle,
to which, after much reluctance and passion, he consents. Apollo
reinspires Hector with vigour, brings him back to the battle, marches
before him with his ægis, and turns the fortune of the fight. He
breaks down great part of the Grecian wall: the Trojans rush in, and
attempt to fire the first line of the fleet, but are, as yet, repelled
by the greater Ajax with a prodigious slaughter.",Ilias
1273,"
Now in swift flight they pass the trench profound,
And many a chief lay gasping on the ground:
Then stopp’d and panted, where the chariots lie
Fear on their cheek, and horror in their eye.
Meanwhile, awaken’d from his dream of love,
On Ida’s summit sat imperial Jove:
Round the wide fields he cast a careful view,
There saw the Trojans fly, the Greeks pursue;
These proud in arms, those scatter’d o’er the plain
And, ’midst the war, the monarch of the main.
Not far, great Hector on the dust he spies,
(His sad associates round with weeping eyes,)
Ejecting blood, and panting yet for breath,
His senses wandering to the verge of death.
The god beheld him with a pitying look,
And thus, incensed, to fraudful Juno spoke:",Ilias
1274,"“O thou, still adverse to the eternal will,
For ever studious in promoting ill!
Thy arts have made the godlike Hector yield,
And driven his conquering squadrons from the field.
Canst thou, unhappy in thy wiles, withstand
Our power immense, and brave the almighty hand?
Hast thou forgot, when, bound and fix’d on high,
From the vast concave of the spangled sky,
I hung thee trembling in a golden chain,
And all the raging gods opposed in vain?
Headlong I hurl’d them from the Olympian hall,
Stunn’d in the whirl, and breathless with the fall.
For godlike Hercules these deeds were done,
Nor seem’d the vengeance worthy such a son:
When, by thy wiles induced, fierce Boreas toss’d
The shipwreck’d hero on the Coan coast,
Him through a thousand forms of death I bore,
And sent to Argos, and his native shore.
Hear this, remember, and our fury dread,
Nor pull the unwilling vengeance on thy head;
Lest arts and blandishments successless prove,
Thy soft deceits, and well-dissembled love.”",Ilias
1275,"“By every oath that powers immortal ties,
The foodful earth and all-infolding skies;
By thy black waves, tremendous Styx! that flow
Through the drear realms of gliding ghosts below;
By the dread honours of thy sacred head,
And that unbroken vow, our virgin bed!
Not by my arts the ruler of the main
Steeps Troy in blood, and ranges round the plain:
By his own ardour, his own pity sway’d,
To help his Greeks, he fought and disobey’d:
Else had thy Juno better counsels given,
And taught submission to the sire of heaven.”",Ilias
1276,"The trembling queen (the almighty order given)
Swift from the Idaean summit shot to heaven.
As some wayfaring man, who wanders o’er
In thought a length of lands he trod before,
Sends forth his active mind from place to place,
Joins hill to dale, and measures space with space:
So swift flew Juno to the bless’d abodes,
If thought of man can match the speed of gods.
There sat the powers in awful synod placed;
They bow’d, and made obeisance as she pass’d
Through all the brazen dome:[239] with goblets crown’d
They hail her queen; the nectar streams around.
Fair Themis first presents the golden bowl,
And anxious asks what cares disturb her soul?",Ilias
1277,"To whom the white-arm’d goddess thus replies:
“Enough thou know’st the tyrant of the skies,
Severely bent his purpose to fulfil,
Unmoved his mind, and unrestrain’d his will.
Go thou, the feasts of heaven attend thy call;
Bid the crown’d nectar circle round the hall:
But Jove shall thunder through the ethereal dome
Such stern decrees, such threaten’d woes to come,
As soon shall freeze mankind with dire surprise,
And damp the eternal banquets of the skies.”",Ilias
1278,"The goddess said, and sullen took her place;
Black horror sadden’d each celestial face.
To see the gathering grudge in every breast,
Smiles on her lips a spleenful joy express’d;
While on her wrinkled front, and eyebrow bent,
Sat stedfast care, and lowering discontent.
Thus she proceeds—“Attend, ye powers above!
But know, ’tis madness to contest with Jove:
Supreme he sits; and sees, in pride of sway.
Your vassal godheads grudgingly obey:
Fierce in the majesty of power controls;
Shakes all the thrones of heaven, and bends the poles.
Submiss, immortals! all he wills, obey:
And thou, great Mars, begin and show the way.
Behold Ascalaphus! behold him die,
But dare not murmur, dare not vent a sigh;
Thy own loved boasted offspring lies o’erthrown,
If that loved boasted offspring be thy own.”",Ilias
1279,"Stern Mars, with anguish for his slaughter’d son,
Smote his rebelling breast, and fierce begun:
“Thus then, immortals! thus shall Mars obey;
Forgive me, gods, and yield my vengeance way:
Descending first to yon forbidden plain,
The god of battles dares avenge the slain;
Dares, though the thunder bursting o’er my head
Should hurl me blazing on those heaps of dead.”",Ilias
1280,"With that he gives command to Fear and Flight
To join his rapid coursers for the fight:
Then grim in arms, with hasty vengeance flies;
Arms that reflect a radiance through the skies.
And now had Jove, by bold rebellion driven,
Discharged his wrath on half the host of heaven;
But Pallas, springing through the bright abode,
Starts from her azure throne to calm the god.
Struck for the immortal race with timely fear,
From frantic Mars she snatch’d the shield and spear;
Then the huge helmet lifting from his head,
Thus to the impetuous homicide she said:",Ilias
1281,"“By what wild passion, furious! art thou toss’d?
Striv’st thou with Jove? thou art already lost.
Shall not the Thunderer’s dread command restrain,
And was imperial Juno heard in vain?
Back to the skies wouldst thou with shame be driven,
And in thy guilt involve the host of heaven?
Ilion and Greece no more should Jove engage,
The skies would yield an ampler scene of rage;
Guilty and guiltless find an equal fate
And one vast ruin whelm the Olympian state.
Cease then thy offspring’s death unjust to call;
Heroes as great have died, and yet shall fall.
Why should heaven’s law with foolish man comply
Exempted from the race ordain’d to die?”",Ilias
1282,"This menace fix’d the warrior to his throne;
Sullen he sat, and curb’d the rising groan.
Then Juno call’d (Jove’s orders to obey)
The winged Iris, and the god of day.
“Go wait the Thunderer’s will (Saturnia cried)
On yon tall summit of the fountful Ide:
There in the father’s awful presence stand,
Receive, and execute his dread command.”",Ilias
1283,"She said, and sat; the god that gilds the day,
And various Iris, wing their airy way.
Swift as the wind, to Ida’s hills they came,
(Fair nurse of fountains, and of savage game)
There sat the eternal; he whose nod controls
The trembling world, and shakes the steady poles.
Veil’d in a mist of fragrance him they found,
With clouds of gold and purple circled round.
Well-pleased the Thunderer saw their earnest care,
And prompt obedience to the queen of air;
Then (while a smile serenes his awful brow)
Commands the goddess of the showery bow:",Ilias
1284,"“Iris! descend, and what we here ordain,
Report to yon mad tyrant of the main.
Bid him from fight to his own deeps repair,
Or breathe from slaughter in the fields of air.
If he refuse, then let him timely weigh
Our elder birthright, and superior sway.
How shall his rashness stand the dire alarms,
If heaven’s omnipotence descend in arms?
Strives he with me, by whom his power was given,
And is there equal to the lord of heaven?”",Ilias
1285,"The all-mighty spoke; the goddess wing’d her flight
To sacred Ilion from the Idaean height.
Swift as the rattling hail, or fleecy snows,
Drive through the skies, when Boreas fiercely blows;
So from the clouds descending Iris falls,
And to blue Neptune thus the goddess calls:",Ilias
1286,"“Attend the mandate of the sire above!
In me behold the messenger of Jove:
He bids thee from forbidden wars repair
To thine own deeps, or to the fields of air.
This if refused, he bids thee timely weigh
His elder birthright, and superior sway.
How shall thy rashness stand the dire alarms
If heaven’s omnipotence descend in arms?
Striv’st thou with him by whom all power is given?
And art thou equal to the lord of heaven?”",Ilias
1287,"“What means the haughty sovereign of the skies?
(The king of ocean thus, incensed, replies;)
Rule as he will his portion’d realms on high;
No vassal god, nor of his train, am I.
Three brother deities from Saturn came,
And ancient Rhea, earth’s immortal dame:
Assign’d by lot, our triple rule we know;
Infernal Pluto sways the shades below;
O’er the wide clouds, and o’er the starry plain,
Ethereal Jove extends his high domain;
My court beneath the hoary waves I keep,
And hush the roarings of the sacred deep;
Olympus, and this earth, in common lie:
What claim has here the tyrant of the sky?
Far in the distant clouds let him control,
And awe the younger brothers of the pole;
There to his children his commands be given,
The trembling, servile, second race of heaven.”",Ilias
1288,"“And must I then (said she), O sire of floods!
Bear this fierce answer to the king of gods?
Correct it yet, and change thy rash intent;
A noble mind disdains not to repent.
To elder brothers guardian fiends are given,
To scourge the wretch insulting them and heaven.”",Ilias
1289,"“Great is the profit (thus the god rejoin’d)
When ministers are blest with prudent mind:
Warn’d by thy words, to powerful Jove I yield,
And quit, though angry, the contended field:
Not but his threats with justice I disclaim,
The same our honours, and our birth the same.
If yet, forgetful of his promise given
To Hermes, Pallas, and the queen of heaven,
To favour Ilion, that perfidious place,
He breaks his faith with half the ethereal race;
Give him to know, unless the Grecian train
Lay yon proud structures level with the plain,
Howe’er the offence by other gods be pass’d,
The wrath of Neptune shall for ever last.”",Ilias
1290,"Thus speaking, furious from the field he strode,
And plunged into the bosom of the flood.
The lord of thunders, from his lofty height
Beheld, and thus bespoke the source of light:",Ilias
1291,"“What blest immortal, with commanding breath,
Thus wakens Hector from the sleep of death?
Has fame not told, how, while my trusty sword
Bathed Greece in slaughter, and her battle gored,
The mighty Ajax with a deadly blow
Had almost sunk me to the shades below?
Even yet, methinks, the gliding ghosts I spy,
And hell’s black horrors swim before my eye.”",Ilias
1292,"To him Apollo: “Be no more dismay’d;
See, and be strong! the Thunderer sends thee aid.
Behold! thy Phœbus shall his arms employ,
Phœbus, propitious still to thee and Troy.
Inspire thy warriors then with manly force,
And to the ships impel thy rapid horse:
Even I will make thy fiery coursers way,
And drive the Grecians headlong to the sea.”",Ilias
1293,"Thus to bold Hector spoke the son of Jove,
And breathed immortal ardour from above.
As when the pamper’d steed, with reins unbound,
Breaks from his stall, and pours along the ground;
With ample strokes he rushes to the flood,
To bathe his sides, and cool his fiery blood;
His head, now freed, he tosses to the skies;
His mane dishevell’d o’er his shoulders flies:
He snuffs the females in the well-known plain,
And springs, exulting, to his fields again:
Urged by the voice divine, thus Hector flew,
Full of the god; and all his hosts pursue.
As when the force of men and dogs combined
Invade the mountain goat, or branching hind;
Far from the hunter’s rage secure they lie
Close in the rock, (not fated yet to die)
When lo! a lion shoots across the way!
They fly: at once the chasers and the prey.
So Greece, that late in conquering troops pursued,
And mark’d their progress through the ranks in blood,
Soon as they see the furious chief appear,
Forget to vanquish, and consent to fear.",Ilias
1294,"Thoas with grief observed his dreadful course,
Thoas, the bravest of the Ætolian force;
Skill’d to direct the javelin’s distant flight,
And bold to combat in the standing fight,
Not more in councils famed for solid sense,
Than winning words and heavenly eloquence.
“Gods! what portent (he cried) these eyes invades?
Lo! Hector rises from the Stygian shades!
We saw him, late, by thundering Ajax kill’d:
What god restores him to the frighted field;
And not content that half of Greece lie slain,
Pours new destruction on her sons again?
He comes not, Jove! without thy powerful will;
Lo! still he lives, pursues, and conquers still!
Yet hear my counsel, and his worst withstand:
The Greeks’ main body to the fleet command;
But let the few whom brisker spirits warm,
Stand the first onset, and provoke the storm.
Thus point your arms; and when such foes appear,
Fierce as he is, let Hector learn to fear.”",Ilias
1295,"The Grecians gaze around with wild despair,
Confused, and weary all the powers with prayer:
Exhort their men, with praises, threats, commands;
And urge the gods, with voices, eyes, and hands.
Experienced Nestor chief obtests the skies,
And weeps his country with a father’s eyes.",Ilias
1296,"“O Jove! if ever, on his native shore,
One Greek enrich’d thy shrine with offer’d gore;
If e’er, in hope our country to behold,
We paid the fattest firstlings of the fold;
If e’er thou sign’st our wishes with thy nod:
Perform the promise of a gracious god!
This day preserve our navies from the flame,
And save the relics of the Grecian name.”",Ilias
1297,"Thus prayed the sage: the eternal gave consent,
And peals of thunder shook the firmament.
Presumptuous Troy mistook the accepting sign,
And catch’d new fury at the voice divine.
As, when black tempests mix the seas and skies,
The roaring deeps in watery mountains rise,
Above the sides of some tall ship ascend,
Its womb they deluge, and its ribs they rend:
Thus loudly roaring, and o’erpowering all,
Mount the thick Trojans up the Grecian wall;
Legions on legions from each side arise:
Thick sound the keels; the storm of arrows flies.
Fierce on the ships above, the cars below,
These wield the mace, and those the javelin throw.",Ilias
1298,"While thus the thunder of the battle raged,
And labouring armies round the works engaged,
Still in the tent Patroclus sat to tend
The good Eurypylus, his wounded friend.
He sprinkles healing balms, to anguish kind,
And adds discourse, the medicine of the mind.
But when he saw, ascending up the fleet,
Victorious Troy; then, starting from his seat,
With bitter groans his sorrows he express’d,
He wrings his hands, he beats his manly breast.
“Though yet thy state require redress (he cries)
Depart I must: what horrors strike my eyes!
Charged with Achilles’ high command I go,
A mournful witness of this scene of woe;
I haste to urge him by his country’s care
To rise in arms, and shine again in war.
Perhaps some favouring god his soul may bend;
The voice is powerful of a faithful friend.”",Ilias
1299,"This said, his eager javelin sought the foe:
But Ajax shunn’d the meditated blow.
Not vainly yet the forceful lance was thrown;
It stretch’d in dust unhappy Lycophron:
An exile long, sustain’d at Ajax’ board,
A faithful servant to a foreign lord;
In peace, and war, for ever at his side,
Near his loved master, as he lived, he died.
From the high poop he tumbles on the sand,
And lies a lifeless load along the land.
With anguish Ajax views the piercing sight,
And thus inflames his brother to the fight:",Ilias
1300,"“Teucer, behold! extended on the shore
Our friend, our loved companion! now no more!
Dear as a parent, with a parent’s care
To fight our wars he left his native air.
This death deplored, to Hector’s rage we owe;
Revenge, revenge it on the cruel foe.
Where are those darts on which the fates attend?
And where the bow which Phœbus taught to bend?”",Ilias
1301,"Impatient Teucer, hastening to his aid,
Before the chief his ample bow display’d;
The well-stored quiver on his shoulders hung:
Then hiss’d his arrow, and the bowstring sung.
Clytus, Pisenor’s son, renown’d in fame,
(To thee, Polydamas! an honour’d name)
Drove through the thickest of the embattled plains
The startling steeds, and shook his eager reins.
As all on glory ran his ardent mind,
The pointed death arrests him from behind:
Through his fair neck the thrilling arrow flies;
In youth’s first bloom reluctantly he dies.
Hurl’d from the lofty seat, at distance far,
The headlong coursers spurn his empty car;
Till sad Polydamas the steeds restrain’d,
And gave, Astynous, to thy careful hand;
Then, fired to vengeance, rush’d amidst the foe:
Rage edged his sword, and strengthen’d every blow.",Ilias
1302,"Once more bold Teucer, in his country’s cause,
At Hector’s breast a chosen arrow draws:
And had the weapon found the destined way,
Thy fall, great Trojan! had renown’d that day.
But Hector was not doom’d to perish then:
The all-wise disposer of the fates of men
(Imperial Jove) his present death withstands;
Nor was such glory due to Teucer’s hands.
At its full stretch as the tough string he drew,
Struck by an arm unseen, it burst in two;
Down dropp’d the bow: the shaft with brazen head
Fell innocent, and on the dust lay dead.
The astonish’d archer to great Ajax cries;
“Some god prevents our destined enterprise:
Some god, propitious to the Trojan foe,
Has, from my arm unfailing, struck the bow,
And broke the nerve my hands had twined with art,
Strong to impel the flight of many a dart.”",Ilias
1303,"“Since heaven commands it (Ajax made reply)
Dismiss the bow, and lay thy arrows by:
Thy arms no less suffice the lance to wield,
And quit the quiver for the ponderous shield.
In the first ranks indulge thy thirst of fame,
Thy brave example shall the rest inflame.
Fierce as they are, by long successes vain;
To force our fleet, or even a ship to gain,
Asks toil, and sweat, and blood: their utmost might
Shall find its match—No more: ’tis ours to fight.”",Ilias
1304,"Then Teucer laid his faithless bow aside;
The fourfold buckler o’er his shoulder tied;
On his brave head a crested helm he placed,
With nodding horse-hair formidably graced;
A dart, whose point with brass refulgent shines,
The warrior wields; and his great brother joins.",Ilias
1305,"This Hector saw, and thus express’d his joy:
“Ye troops of Lycia, Dardanus, and Troy!
Be mindful of yourselves, your ancient fame,
And spread your glory with the navy’s flame.
Jove is with us; I saw his hand, but now,
From the proud archer strike his vaunted bow:
Indulgent Jove! how plain thy favours shine,
When happy nations bear the marks divine!
How easy then, to see the sinking state
Of realms accursed, deserted, reprobate!
Such is the fate of Greece, and such is ours:
Behold, ye warriors, and exert your powers.
Death is the worst; a fate which all must try;
And for our country, ’tis a bliss to die.
The gallant man, though slain in fight he be,
Yet leaves his nation safe, his children free;
Entails a debt on all the grateful state;
His own brave friends shall glory in his fate;
His wife live honour’d, all his race succeed,
And late posterity enjoy the deed!”",Ilias
1306,"“How long, ye warriors of the Argive race,
(To generous Argos what a dire disgrace!)
How long on these cursed confines will ye lie,
Yet undetermined, or to live or die?
What hopes remain, what methods to retire,
If once your vessels catch the Trojan fire?
Mark how the flames approach, how near they fall,
How Hector calls, and Troy obeys his call!
Not to the dance that dreadful voice invites,
It calls to death, and all the rage of fights.
’Tis now no time for wisdom or debates;
To your own hands are trusted all your fates;
And better far in one decisive strife,
One day should end our labour or our life,
Than keep this hard-got inch of barren sands,
Still press’d, and press’d by such inglorious hands.”",Ilias
1307,"“Lo, Melanippus! lo, where Dolops lies;
And is it thus our royal kinsman dies?
O’ermatch’d he falls; to two at once a prey,
And lo! they bear the bloody arms away!
Come on—a distant war no longer wage,
But hand to hand thy country’s foes engage:
Till Greece at once, and all her glory end;
Or Ilion from her towery height descend,
Heaved from the lowest stone; and bury all
In one sad sepulchre, one common fall.”",Ilias
1308,"Hector (this said) rush’d forward on the foes:
With equal ardour Melanippus glows:
Then Ajax thus—“O Greeks! respect your fame,
Respect yourselves, and learn an honest shame:
Let mutual reverence mutual warmth inspire,
And catch from breast to breast the noble fire,
On valour’s side the odds of combat lie;
The brave live glorious, or lamented die;
The wretch that trembles in the field of fame,
Meets death, and worse than death, eternal shame.”",Ilias
1309,"His generous sense he not in vain imparts;
It sunk, and rooted in the Grecian hearts:
They join, they throng, they thicken at his call,
And flank the navy with a brazen wall;
Shields touching shields, in order blaze above,
And stop the Trojans, though impell’d by Jove.
The fiery Spartan first, with loud applause.
Warms the bold son of Nestor in his cause.
“Is there (he said) in arms a youth like you,
So strong to fight, so active to pursue?
Why stand you distant, nor attempt a deed?
Lift the bold lance, and make some Trojan bleed.”",Ilias
1310,"Now all on fire for fame, his breast, his eyes
Burn at each foe, and single every prize;
Still at the closest ranks, the thickest fight,
He points his ardour, and exerts his might.
The Grecian phalanx, moveless as a tower,
On all sides batter’d, yet resists his power:
So some tall rock o’erhangs the hoary main,[241]
By winds assail’d, by billows beat in vain,
Unmoved it hears, above, the tempest blow,
And sees the watery mountains break below.
Girt in surrounding flames, he seems to fall
Like fire from Jove, and bursts upon them all:
Bursts as a wave that from the cloud impends,
And, swell’d with tempests, on the ship descends;
White are the decks with foam; the winds aloud
Howl o’er the masts, and sing through every shroud:
Pale, trembling, tired, the sailors freeze with fears;
And instant death on every wave appears.
So pale the Greeks the eyes of Hector meet,
The chief so thunders, and so shakes the fleet.",Ilias
1311,"Chased from the foremost line, the Grecian train
Now man the next, receding toward the main:
Wedged in one body at the tents they stand,
Wall’d round with sterns, a gloomy, desperate band.
Now manly shame forbids the inglorious flight;
Now fear itself confines them to the fight:
Man courage breathes in man; but Nestor most
(The sage preserver of the Grecian host)
Exhorts, adjures, to guard these utmost shores;
And by their parents, by themselves implores.",Ilias
1312,"“Oh friends! be men: your generous breasts inflame
With mutual honour, and with mutual shame!
Think of your hopes, your fortunes; all the care
Your wives, your infants, and your parents share:
Think of each living father’s reverend head;
Think of each ancestor with glory dead;
Absent, by me they speak, by me they sue,
They ask their safety, and their fame, from you:
The gods their fates on this one action lay,
And all are lost, if you desert the day.”",Ilias
1313,"’Twas thou, bold Hector! whose resistless hand
First seized a ship on that contested strand;
The same which dead Protesilaüs bore,[242]
The first that touch’d the unhappy Trojan shore:
For this in arms the warring nations stood,
And bathed their generous breasts with mutual blood.
No room to poise the lance or bend the bow;
But hand to hand, and man to man, they grow:
Wounded, they wound; and seek each other’s hearts
With falchions, axes, swords, and shorten’d darts.
The falchions ring, shields rattle, axes sound,
Swords flash in air, or glitter on the ground;
With streaming blood the slippery shores are dyed,
And slaughter’d heroes swell the dreadful tide.",Ilias
1314,"
“Haste, bring the flames! that toil of ten long years
Is finished; and the day desired appears!
This happy day with acclamations greet,
Bright with destruction of yon hostile fleet.
The coward-counsels of a timorous throng
Of reverend dotards check’d our glory long:
Too long Jove lull’d us with lethargic charms,
But now in peals of thunder calls to arms:
In this great day he crowns our full desires,
Wakes all our force, and seconds all our fires.”",Ilias
1315,"He spoke—the warriors at his fierce command
Pour a new deluge on the Grecian band.
Even Ajax paused, (so thick the javelins fly,)
Stepp’d back, and doubted or to live or die.
Yet, where the oars are placed, he stands to wait
What chief approaching dares attempt his fate:
Even to the last his naval charge defends,
Now shakes his spear, now lifts, and now protends;
Even yet, the Greeks with piercing shouts inspires,
Amidst attacks, and deaths, and darts, and fires.",Ilias
1316,"“O friends! O heroes! names for ever dear,
Once sons of Mars, and thunderbolts of war!
Ah! yet be mindful of your old renown,
Your great forefathers’ virtues and your own.
What aids expect you in this utmost strait?
What bulwarks rising between you and fate?
No aids, no bulwarks your retreat attend,
No friends to help, no city to defend.
This spot is all you have, to lose or keep;
There stand the Trojans, and here rolls the deep.
’Tis hostile ground you tread; your native lands
Far, far from hence: your fates are in your hands.”",Ilias
1317,"Raging he spoke; nor further wastes his breath,
But turns his javelin to the work of death.
Whate’er bold Trojan arm’d his daring hands,
Against the sable ships, with flaming brands,
So well the chief his naval weapon sped,
The luckless warrior at his stern lay dead:
Full twelve, the boldest, in a moment fell,
Sent by great Ajax to the shades of hell.",Ilias
1318,"
Patroclus (in pursuance of the request of Nestor in the eleventh book)
entreats Achilles to suffer him to go to the assistance of the Greeks
with Achilles’ troops and armour. He agrees to it, but at the same time
charges him to content himself with rescuing the fleet, without further
pursuit of the enemy. The armour, horses, soldiers, and officers are
described. Achilles offers a libation for the success of his friend,
after which Patroclus leads the Myrmidons to battle. The Trojans, at
the sight of Patroclus in Achilles’ armour, taking him for that hero,
are cast into the uttermost consternation; he beats them off from the
vessels, Hector himself flies, Sarpedon is killed, though Jupiter was
averse to his fate. Several other particulars of the battle are
described; in the heat of which, Patroclus, neglecting the orders of
Achilles, pursues the foe to the walls of Troy, where Apollo repulses
and disarms him, Euphorbus wounds him, and Hector kills him, which
concludes the book.",Ilias
1319,"
So warr’d both armies on the ensanguined shore,
While the black vessels smoked with human gore.
Meantime Patroclus to Achilles flies;
The streaming tears fall copious from his eyes.
Not faster, trickling to the plains below,
From the tall rock the sable waters flow.
Divine Pelides, with compassion moved.
Thus spoke, indulgent, to his best beloved:[243]",Ilias
1320,"“Patroclus, say, what grief thy bosom bears,
That flows so fast in these unmanly tears?
No girl, no infant whom the mother keeps
From her loved breast, with fonder passion weeps;
Not more the mother’s soul, that infant warms,
Clung to her knees, and reaching at her arms,
Than thou hast mine! Oh tell me, to what end
Thy melting sorrows thus pursue thy friend?",Ilias
1321,"“Griev’st thou for me, or for my martial band?
Or come sad tidings from our native land?
Our fathers live (our first, most tender care),
Thy good Menoetius breathes the vital air,
And hoary Peleus yet extends his days;
Pleased in their age to hear their children’s praise.
Or may some meaner cause thy pity claim?
Perhaps yon relics of the Grecian name,
Doom’d in their ships to sink by fire and sword,
And pay the forfeit of their haughty lord?
Whate’er the cause, reveal thy secret care,
And speak those sorrows which a friend would share.”
A sigh that instant from his bosom broke,
Another follow’d, and Patroclus spoke:",Ilias
1322,"“Let Greece at length with pity touch thy breast,
Thyself a Greek; and, once, of Greeks the best!
Lo! every chief that might her fate prevent,
Lies pierced with wounds, and bleeding in his tent:
Eurypylus, Tydides, Atreus’ son,
And wise Ulysses, at the navy groan,
More for their country’s wounds than for their own.
Their pain soft arts of pharmacy can ease,
Thy breast alone no lenitives appease.
May never rage like thine my soul enslave,
O great in vain! unprofitably brave!
Thy country slighted in her last distress,
What friend, what man, from thee shall hope redress?
No—men unborn, and ages yet behind,
Shall curse that fierce, that unforgiving mind.",Ilias
1323,"“O man unpitying! if of man thy race;
But sure thou spring’st not from a soft embrace,
Nor ever amorous hero caused thy birth,
Nor ever tender goddess brought thee forth:
Some rugged rock’s hard entrails gave thee form,
And raging seas produced thee in a storm,
A soul well suiting that tempestuous kind,
So rough thy manners, so untamed thy mind.",Ilias
1324,"Stern Hector waved his sword, and standing near,
Where furious Ajax plied his ashen spear,
Full on the lance a stroke so justly sped,
That the broad falchion lopp’d its brazen head;
His pointless spear the warrior shakes in vain;
The brazen head falls sounding on the plain.
Great Ajax saw, and own’d the hand divine;
Confessing Jove, and trembling at the sign,
Warn’d he retreats. Then swift from all sides pour
The hissing brands; thick streams the fiery shower;
O’er the high stern the curling volumes rise,
And sheets of rolling smoke involve the skies.",Ilias
1325,"Divine Achilles view’d the rising flames,
And smote his thigh, and thus aloud exclaims:
“Arm, arm, Patroclus! Lo, the blaze aspires!
The glowing ocean reddens with the fires.
Arm, ere our vessels catch the spreading flame;
Arm, ere the Grecians be no more a name;
I haste to bring the troops.”—The hero said;
The friend with ardour and with joy obey’d.",Ilias
1326,"He cased his limbs in brass; and first around
His manly legs, with silver buckles bound
The clasping greaves; then to his breast applies
The flaming cuirass of a thousand dyes;
Emblazed with studs of gold his falchion shone
In the rich belt, as in a starry zone:
Achilles’ shield his ample shoulders spread,
Achilles’ helmet nodded o’er his head:
Adorn’d in all his terrible array,
He flash’d around intolerable day.
Alone untouch’d, Pelides’ javelin stands,
Not to be poised but by Pelides’ hands:
From Pelion’s shady brow the plant entire
Old Chiron rent, and shaped it for his sire;
Whose son’s great arm alone the weapon wields,
The death of heroes, and the dread of fields.",Ilias
1327,"
The brave Automedon (an honour’d name,
The second to his lord in love and fame,
In peace his friend, and partner of the war)
The winged coursers harness’d to the car;
Xanthus and Balius, of immortal breed,
Sprung from the wind, and like the wind in speed.
Whom the wing’d harpy, swift Podarge, bore,
By Zephyr pregnant on the breezy shore:
Swift Pedasus was added to their side,
(Once great Aëtion’s, now Achilles’ pride)
Who, like in strength, in swiftness, and in grace,
A mortal courser match’d the immortal race.",Ilias
1328,"Achilles speeds from tent to tent, and warms
His hardy Myrmidons to blood and arms.
All breathing death, around the chief they stand,
A grim, terrific, formidable band:
Grim as voracious wolves, that seek the springs[244]
When scalding thirst their burning bowels wrings;
When some tall stag, fresh-slaughtered in the wood,
Has drench’d their wide insatiate throats with blood,
To the black fount they rush, a hideous throng,
With paunch distended, and with lolling tongue,
Fire fills their eye, their black jaws belch the gore,
And gorged with slaughter still they thirst for more.
Like furious, rush’d the Myrmidonian crew,
Such their dread strength, and such their deathful view.",Ilias
1329,"High in the midst the great Achilles stands,
Directs their order, and the war commands.
He, loved of Jove, had launch’d for Ilion’s shores
Full fifty vessels, mann’d with fifty oars:
Five chosen leaders the fierce bands obey,
Himself supreme in valour, as in sway.",Ilias
1330,"First march’d Menestheus, of celestial birth,
Derived from thee, whose waters wash the earth,
Divine Sperchius! Jove-descended flood!
A mortal mother mixing with a god.
Such was Menestheus, but miscall’d by fame
The son of Borus, that espoused the dame.",Ilias
1331,"Eudorus next; whom Polymele the gay,
Famed in the graceful dance, produced to-day.
Her, sly Cellenius loved: on her would gaze,
As with swift step she form’d the running maze:
To her high chamber from Diana’s quire,
The god pursued her, urged, and crown’d his fire.
The son confess’d his father’s heavenly race,
And heir’d his mother’s swiftness in the chase.
Strong Echecleus, bless’d in all those charms
That pleased a god, succeeded to her arms;
Not conscious of those loves, long hid from fame,
With gifts of price he sought and won the dame;
Her secret offspring to her sire she bare;
Her sire caress’d him with a parent’s care.",Ilias
1332,"Pisander follow’d; matchless in his art
To wing the spear, or aim the distant dart;
No hand so sure of all the Emathian line,
Or if a surer, great Patroclus! thine.",Ilias
1333,"Soon as Achilles with superior care
Had call’d the chiefs, and order’d all the war,
This stern remembrance to his troops he gave:
“Ye far-famed Myrmidons, ye fierce and brave!
Think with what threats you dared the Trojan throng,
Think what reproach these ears endured so long;
‘Stern son of Peleus, (thus ye used to say,
While restless, raging, in your ships you lay)
Oh nursed with gall, unknowing how to yield;
Whose rage defrauds us of so famed a field:
If that dire fury must for ever burn,
What make we here? Return, ye chiefs, return!’
Such were your words—Now, warriors! grieve no more,
Lo there the Trojans; bathe your swords in gore!
This day shall give you all your soul demands,
Glut all your hearts, and weary all your hands!”",Ilias
1334,"
Thus while he roused the fire in every breast,
Close and more close the listening cohorts press’d;
Ranks wedged in ranks; of arms a steely ring
Still grows, and spreads, and thickens round the king.
As when a circling wall the builder forms,
Of strength defensive against wind and storms,
Compacted stones the thickening work compose,
And round him wide the rising structure grows:
So helm to helm, and crest to crest they throng,
Shield urged on shield, and man drove man along;
Thick, undistinguish’d plumes, together join’d,
Float in one sea, and wave before the wind.",Ilias
1335,"Far o’er the rest in glittering pomp appear,
There bold Automedon, Patroclus here;
Brothers in arms, with equal fury fired;
Two friends, two bodies with one soul inspired.",Ilias
1336,"But mindful of the gods, Achilles went
To the rich coffer in his shady tent;
There lay on heaps his various garments roll’d,
And costly furs, and carpets stiff with gold,
(The presents of the silver-footed dame)
From thence he took a bowl, of antique frame,
Which never man had stained with ruddy wine,
Nor raised in offerings to the power divine,
But Peleus’ son; and Peleus’ son to none
Had raised in offerings, but to Jove alone.
This tinged with sulphur, sacred first to flame,
He purged; and wash’d it in the running stream.
Then cleansed his hands; and fixing for a space
His eyes on heaven, his feet upon the place
Of sacrifice, the purple draught he pour’d
Forth in the midst; and thus the god implored:",Ilias
1337,"“O thou supreme! high-throned all height above!
O great Pelasgic, Dodonaean Jove!
Who ’midst surrounding frosts, and vapours chill,
Presid’st on bleak Dodona’s vocal hill:
(Whose groves the Selli, race austere! surround,
Their feet unwash’d, their slumbers on the ground;
Who hear, from rustling oaks, thy dark decrees;
And catch the fates, low-whispered in the breeze;)
Hear, as of old! Thou gav’st, at Thetis’ prayer,
Glory to me, and to the Greeks despair.
Lo, to the dangers of the fighting field
The best, the dearest of my friends, I yield,
Though still determined, to my ships confined;
Patroclus gone, I stay but half behind.
Oh! be his guard thy providential care,
Confirm his heart, and string his arm to war:
Press’d by his single force let Hector see
His fame in arms not owing all to me.
But when the fleets are saved from foes and fire,
Let him with conquest and renown retire;
Preserve his arms, preserve his social train,
And safe return him to these eyes again!”",Ilias
1338,"Great Jove consents to half the chief’s request,
But heaven’s eternal doom denies the rest;
To free the fleet was granted to his prayer;
His safe return, the winds dispersed in air.
Back to his tent the stern Achilles flies,
And waits the combat with impatient eyes.",Ilias
1339,"Meanwhile the troops beneath Patroclus’ care,
Invade the Trojans, and commence the war.
As wasps, provoked by children in their play,
Pour from their mansions by the broad highway,
In swarms the guiltless traveller engage,
Whet all their stings, and call forth all their rage:
All rise in arms, and, with a general cry,
Assert their waxen domes, and buzzing progeny.
Thus from the tents the fervent legion swarms,
So loud their clamours, and so keen their arms:
Their rising rage Patroclus’ breath inspires,
Who thus inflames them with heroic fires:",Ilias
1340,"“O warriors, partners of Achilles’ praise!
Be mindful of your deeds in ancient days;
Your godlike master let your acts proclaim,
And add new glories to his mighty name.
Think your Achilles sees you fight: be brave,
And humble the proud monarch whom you save.”",Ilias
1341,"Joyful they heard, and kindling as he spoke,
Flew to the fleet, involved in fire and smoke.
From shore to shore the doubling shouts resound,
The hollow ships return a deeper sound.
The war stood still, and all around them gazed,
When great Achilles’ shining armour blazed:
Troy saw, and thought the dread Achilles nigh,
At once they see, they tremble, and they fly.",Ilias
1342,"But Troy repulsed, and scatter’d o’er the plains,
Forced from the navy, yet the fight maintains.
Now every Greek some hostile hero slew,
But still the foremost, bold Patroclus flew:
As Areilycus had turn’d him round,
Sharp in his thigh he felt the piercing wound;
The brazen-pointed spear, with vigour thrown,
The thigh transfix’d, and broke the brittle bone:
Headlong he fell. Next, Thoas was thy chance;
Thy breast, unarm’d, received the Spartan lance.
Phylides’ dart (as Amphidus drew nigh)
His blow prevented, and transpierced his thigh,
Tore all the brawn, and rent the nerves away;
In darkness, and in death, the warrior lay.",Ilias
1343,"In equal arms two sons of Nestor stand,
And two bold brothers of the Lycian band:
By great Antilochus, Atymnius dies,
Pierced in the flank, lamented youth! he lies,
Kind Maris, bleeding in his brother’s wound,
Defends the breathless carcase on the ground;
Furious he flies, his murderer to engage:
But godlike Thrasimed prevents his rage,
Between his arm and shoulder aims a blow;
His arm falls spouting on the dust below:
He sinks, with endless darkness cover’d o’er:
And vents his soul, effused with gushing gore.",Ilias
1344,"Slain by two brothers, thus two brothers bleed,
Sarpedon’s friends, Amisodarus’ seed;
Amisodarus, who, by Furies led,
The bane of men, abhorr’d Chimaera bred;
Skill’d in the dart in vain, his sons expire,
And pay the forfeit of their guilty sire.",Ilias
1345,"Stopp’d in the tumult Cleobulus lies,
Beneath Oïleus’ arm, a living prize;
A living prize not long the Trojan stood;
The thirsty falchion drank his reeking blood:
Plunged in his throat the smoking weapon lies;
Black death, and fate unpitying, seal his eyes.",Ilias
1346,"Amid the ranks, with mutual thirst of fame,
Lycon the brave, and fierce Peneleus came;
In vain their javelins at each other flew,
Now, met in arms, their eager swords they drew.
On the plumed crest of his Bœotian foe
The daring Lycon aim’d a noble blow;
The sword broke short; but his, Peneleus sped
Full on the juncture of the neck and head:
The head, divided by a stroke so just,
Hung by the skin; the body sunk to dust.",Ilias
1347,"O’ertaken Neamas by Merion bleeds,
Pierced through the shoulder as he mounts his steeds;
Back from the car he tumbles to the ground:
His swimming eyes eternal shades surround.",Ilias
1348,"Next Erymas was doom’d his fate to feel,
His open’d mouth received the Cretan steel:
Beneath the brain the point a passage tore,
Crash’d the thin bones, and drown’d the teeth in gore:
His mouth, his eyes, his nostrils, pour a flood;
He sobs his soul out in the gush of blood.",Ilias
1349,"As when the flocks neglected by the swain,
Or kids, or lambs, lie scatter’d o’er the plain,
A troop of wolves the unguarded charge survey,
And rend the trembling, unresisting prey:
Thus on the foe the Greeks impetuous came;
Troy fled, unmindful of her former fame.",Ilias
1350,"But still at Hector godlike Ajax aim’d,
Still, pointed at his breast, his javelin flamed.
The Trojan chief, experienced in the field,
O’er his broad shoulders spread the massy shield,
Observed the storm of darts the Grecians pour,
And on his buckler caught the ringing shower:
He sees for Greece the scale of conquest rise,
Yet stops, and turns, and saves his loved allies.",Ilias
1351,"Next on Eryalus he flies; a stone,
Large as a rock, was by his fury thrown:
Full on his crown the ponderous fragment flew,
And burst the helm, and cleft the head in two:
Prone to the ground the breathless warrior fell,
And death involved him with the shades of hell.
Then low in dust Epaltes, Echius, lie;
Ipheas, Evippus, Polymelus, die;
Amphoterus and Erymas succeed;
And last Tlepolemus and Pyres bleed.
Where’er he moves, the growing slaughters spread
In heaps on heaps a monument of dead.",Ilias
1352,"When now Sarpedon his brave friends beheld
Grovelling in dust, and gasping on the field,
With this reproach his flying host he warms:
“Oh stain to honour! oh disgrace to arms!
Forsake, inglorious, the contended plain;
This hand unaided shall the war sustain:
The task be mine this hero’s strength to try,
Who mows whole troops, and makes an army fly.”",Ilias
1353,"He spake: and, speaking, leaps from off the car:
Patroclus lights, and sternly waits the war.
As when two vultures on the mountain’s height
Stoop with resounding pinions to the fight;
They cuff, they tear, they raise a screaming cry;
The desert echoes, and the rocks reply:
The warriors thus opposed in arms, engage
With equal clamours, and with equal rage.",Ilias
1354,"Jove view’d the combat: whose event foreseen,
He thus bespoke his sister and his queen:
“The hour draws on; the destinies ordain,[245]
My godlike son shall press the Phrygian plain:
Already on the verge of death he stands,
His life is owed to fierce Patroclus’ hands,
What passions in a parent’s breast debate!
Say, shall I snatch him from impending fate,
And send him safe to Lycia, distant far
From all the dangers and the toils of war;
Or to his doom my bravest offspring yield,
And fatten, with celestial blood, the field?”",Ilias
1355,"Then thus the goddess with the radiant eyes:
“What words are these, O sovereign of the skies!
Short is the date prescribed to mortal man;
Shall Jove for one extend the narrow span,
Whose bounds were fix’d before his race began?
How many sons of gods, foredoom’d to death,
Before proud Ilion must resign their breath!
Were thine exempt, debate would rise above,
And murmuring powers condemn their partial Jove.
Give the bold chief a glorious fate in fight;
And when the ascending soul has wing’d her flight,
Let Sleep and Death convey, by thy command,
The breathless body to his native land.
His friends and people, to his future praise,
A marble tomb and pyramid shall raise,
And lasting honours to his ashes give;
His fame (’tis all the dead can have) shall live.”",Ilias
1356,"The towering chiefs to fiercer fight advance:
And first Sarpedon whirl’d his weighty lance,
Which o’er the warrior’s shoulder took its course,
And spent in empty air its dying force.
Not so Patroclus’ never-erring dart;
Aim’d at his breast it pierced a mortal part,
Where the strong fibres bind the solid heart.
Then as the mountain oak, or poplar tall,
Or pine (fit mast for some great admiral)
Nods to the axe, till with a groaning sound
It sinks, and spreads its honours on the ground,
Thus fell the king; and laid on earth supine,
Before his chariot stretch’d his form divine:
He grasp’d the dust distain’d with streaming gore,
And, pale in death, lay groaning on the shore.
So lies a bull beneath the lion’s paws,
While the grim savage grinds with foamy jaws
The trembling limbs, and sucks the smoking blood;
Deep groans, and hollow roars, rebellow through the wood.",Ilias
1357,"“All-seeing monarch! whether Lycia’s coast,
Or sacred Ilion, thy bright presence boast,
Powerful alike to ease the wretch’s smart;
O hear me! god of every healing art!
Lo! stiff with clotted blood, and pierced with pain,
That thrills my arm, and shoots through every vein,
I stand unable to sustain the spear,
And sigh, at distance from the glorious war.
Low in the dust is great Sarpedon laid,
Nor Jove vouchsafed his hapless offspring aid;
But thou, O god of health! thy succour lend,
To guard the relics of my slaughter’d friend:
For thou, though distant, canst restore my might,
To head my Lycians, and support the fight.”",Ilias
1358,"Apollo heard; and, suppliant as he stood,
His heavenly hand restrain’d the flux of blood;
He drew the dolours from the wounded part,
And breathed a spirit in his rising heart.
Renew’d by art divine, the hero stands,
And owns the assistance of immortal hands.
First to the fight his native troops he warms,
Then loudly calls on Troy’s vindictive arms;
With ample strides he stalks from place to place;
Now fires Agenor, now Polydamas:
Æneas next, and Hector he accosts;
Inflaming thus the rage of all their hosts.",Ilias
1359,"“What thoughts, regardless chief! thy breast employ?
Oh too forgetful of the friends of Troy!
Those generous friends, who, from their country far,
Breathe their brave souls out in another’s war.
See! where in dust the great Sarpedon lies,
In action valiant, and in council wise,
Who guarded right, and kept his people free;
To all his Lycians lost, and lost to thee!
Stretch’d by Patroclus’ arm on yonder plains,
O save from hostile rage his loved remains!
Ah let not Greece his conquer’d trophies boast,
Nor on his corse revenge her heroes lost!”",Ilias
1360,"He spoke: each leader in his grief partook:
Troy, at the loss, through all her legions shook.
Transfix’d with deep regret, they view o’erthrown
At once his country’s pillar, and their own;
A chief, who led to Troy’s beleaguer’d wall
A host of heroes, and outshined them all.
Fired, they rush on; first Hector seeks the foes,
And with superior vengeance greatly glows.",Ilias
1361,"“Heroes, be men; be what you were before;
Or weigh the great occasion, and be more.
The chief who taught our lofty walls to yield,
Lies pale in death, extended on the field.
To guard his body Troy in numbers flies;
’Tis half the glory to maintain our prize.
Haste, strip his arms, the slaughter round him spread,
And send the living Lycians to the dead.”",Ilias
1362,"The heroes kindle at his fierce command;
The martial squadrons close on either hand:
Here Troy and Lycia charge with loud alarms,
Thessalia there, and Greece, oppose their arms.
With horrid shouts they circle round the slain;
The clash of armour rings o’er all the plain.
Great Jove, to swell the horrors of the fight,
O’er the fierce armies pours pernicious night,
And round his son confounds the warring hosts,
His fate ennobling with a crowd of ghosts.",Ilias
1363,"Now Greece gives way, and great Epigeus falls;
Agacleus’ son, from Budium’s lofty walls;
Who chased for murder thence a suppliant came
To Peleus, and the silver-footed dame;
Now sent to Troy, Achilles’ arms to aid,
He pays due vengeance to his kinsman’s shade.
Soon as his luckless hand had touch’d the dead,
A rock’s large fragment thunder’d on his head;
Hurl’d by Hectorean force it cleft in twain
His shatter’d helm, and stretch’d him o’er the slain.",Ilias
1364,"Then brave Laogonus resign’d his breath,
Despatch’d by Merion to the shades of death:
On Ida’s holy hill he made abode,
The priest of Jove, and honour’d like his god.
Between the jaw and ear the javelin went;
The soul, exhaling, issued at the vent.
His spear Æneas at the victor threw,
Who stooping forward from the death withdrew;
The lance hiss’d harmless o’er his covering shield,
And trembling struck, and rooted in the field;
There yet scarce spent, it quivers on the plain,
Sent by the great Æneas’ arm in vain.
“Swift as thou art (the raging hero cries)
And skill’d in dancing to dispute the prize,
My spear, the destined passage had it found,
Had fix’d thy active vigour to the ground.”",Ilias
1365,"“O valiant leader of the Dardan host!
(Insulted Merion thus retorts the boast)
Strong as you are, ’tis mortal force you trust,
An arm as strong may stretch thee in the dust.
And if to this my lance thy fate be given,
Vain are thy vaunts; success is still from heaven:
This, instant, sends thee down to Pluto’s coast;
Mine is the glory, his thy parting ghost.”",Ilias
1366,"“O friend (Menoetius’ son this answer gave)
With words to combat, ill befits the brave;
Not empty boasts the sons of Troy repel,
Your swords must plunge them to the shades of hell.
To speak, beseems the council; but to dare
In glorious action, is the task of war.”",Ilias
1367,"This said, Patroclus to the battle flies;
Great Merion follows, and new shouts arise:
Shields, helmets rattle, as the warriors close;
And thick and heavy sounds the storm of blows.
As through the shrilling vale, or mountain ground,
The labours of the woodman’s axe resound;
Blows following blows are heard re-echoing wide,
While crackling forests fall on every side:
Thus echoed all the fields with loud alarms,
So fell the warriors, and so rung their arms.",Ilias
1368,"Now great Sarpedon on the sandy shore,
His heavenly form defaced with dust and gore,
And stuck with darts by warring heroes shed,
Lies undistinguish’d from the vulgar dead.
His long-disputed corse the chiefs enclose,
On every side the busy combat grows;
Thick as beneath some shepherd’s thatch’d abode
(The pails high foaming with a milky flood)
The buzzing flies, a persevering train,
Incessant swarm, and chased return again.",Ilias
1369,"Jove view’d the combat with a stern survey,
And eyes that flash’d intolerable day.
Fix’d on the field his sight, his breast debates
The vengeance due, and meditates the fates:
Whether to urge their prompt effect, and call
The force of Hector to Patroclus’ fall,
This instant see his short-lived trophies won,
And stretch him breathless on his slaughter’d son;
Or yet, with many a soul’s untimely flight,
Augment the fame and horror of the fight.
To crown Achilles’ valiant friend with praise
At length he dooms; and, that his last of days
Shall set in glory, bids him drive the foe;
Nor unattended see the shades below.
Then Hector’s mind he fills with dire dismay;
He mounts his car, and calls his hosts away;
Sunk with Troy’s heavy fates, he sees decline
The scales of Jove, and pants with awe divine.",Ilias
1370,"Then, nor before, the hardy Lycians fled,
And left their monarch with the common dead:
Around, in heaps on heaps, a dreadful wall
Of carnage rises, as the heroes fall.
(So Jove decreed!) At length the Greeks obtain
The prize contested, and despoil the slain.
The radiant arms are by Patroclus borne;
Patroclus’ ships the glorious spoils adorn.",Ilias
1371,"Then thus to Phœbus, in the realms above,
Spoke from his throne the cloud-compelling Jove:
“Descend, my Phœbus! on the Phrygian plain,
And from the fight convey Sarpedon slain;
Then bathe his body in the crystal flood,
With dust dishonour’d, and deform’d with blood;
O’er all his limbs ambrosial odours shed,
And with celestial robes adorn the dead.
Those rites discharged, his sacred corse bequeath
To the soft arms of silent Sleep and Death.
They to his friends the immortal charge shall bear;
His friends a tomb and pyramid shall rear:
What honour mortals after death receive,
Those unavailing honours we may give!”",Ilias
1372,"
Apollo bows, and from mount Ida’s height,
Swift to the field precipitates his flight;
Thence from the war the breathless hero bore,
Veil’d in a cloud, to silver Simois’ shore;
There bathed his honourable wounds, and dress’d
His manly members in the immortal vest;
And with perfumes of sweet ambrosial dews
Restores his freshness, and his form renews.
Then Sleep and Death, two twins of winged race,
Of matchless swiftness, but of silent pace,
Received Sarpedon, at the god’s command,
And in a moment reach’d the Lycian land;
The corse amidst his weeping friends they laid,
Where endless honours wait the sacred shade.",Ilias
1373,"Meanwhile Patroclus pours along the plains,
With foaming coursers, and with loosen’d reins.
Fierce on the Trojan and the Lycian crew,
Ah blind to fate! thy headlong fury flew:
Against what fate and powerful Jove ordain,
Vain was thy friend’s command, thy courage vain.
For he, the god, whose counsels uncontroll’d
Dismay the mighty, and confound the bold;
The god who gives, resumes, and orders all,
He urged thee on, and urged thee on to fall.",Ilias
1374,"Who first, brave hero! by that arm was slain,
Who last beneath thy vengeance press’d the plain;
When heaven itself thy fatal fury led,
And call’d to fill the number of the dead?
Adrestus first; Autonous then succeeds;
Echeclus follows; next young Megas bleeds,
Epistor, Melanippus, bite the ground;
The slaughter, Elasus and Mulius crown’d:
Then sunk Pylartes to eternal night;
The rest, dispersing, trust their fates to flight.",Ilias
1375,"Now Troy had stoop’d beneath his matchless power,
But flaming Phœbus kept the sacred tower.
Thrice at the battlements Patroclus strook;[246]
His blazing ægis thrice Apollo shook;
He tried the fourth; when, bursting from the cloud,
A more than mortal voice was heard aloud.",Ilias
1376,"“Patroclus! cease; this heaven-defended wall
Defies thy lance; not fated yet to fall;
Thy friend, thy greater far, it shall withstand,
Troy shall not stoop even to Achilles’ hand.”",Ilias
1377,"So spoke the god who darts celestial fires;
The Greek obeys him, and with awe retires.
While Hector, checking at the Scæan gates
His panting coursers, in his breast debates,
Or in the field his forces to employ,
Or draw the troops within the walls of Troy.
Thus while he thought, beside him Phœbus stood,
In Asius’ shape, who reigned by Sangar’s flood;
(Thy brother, Hecuba! from Dymas sprung,
A valiant warrior, haughty, bold, and young;)
Thus he accosts him. “What a shameful sight!
God! is it Hector that forbears the fight?
Were thine my vigour this successful spear
Should soon convince thee of so false a fear.
Turn thee, ah turn thee to the field of fame,
And in Patroclus’ blood efface thy shame.
Perhaps Apollo shall thy arms succeed,
And heaven ordains him by thy lance to bleed.”",Ilias
1378,"So spoke the inspiring god; then took his flight,
And plunged amidst the tumult of the fight.
He bids Cebrion drive the rapid car;
The lash resounds, the coursers rush to war.
The god the Grecians’ sinking souls depress’d,
And pour’d swift spirits through each Trojan breast.
Patroclus lights, impatient for the fight;
A spear his left, a stone employs his right:
With all his nerves he drives it at the foe.
Pointed above, and rough and gross below:
The falling ruin crush’d Cebrion’s head,
The lawless offspring of king Priam’s bed;
His front, brows, eyes, one undistinguish’d wound:
The bursting balls drop sightless to the ground.
The charioteer, while yet he held the rein,
Struck from the car, falls headlong on the plain.
To the dark shades the soul unwilling glides,
While the proud victor thus his fall derides.",Ilias
1379,"“Good heaven! what active feats yon artist shows!
What skilful divers are our Phrygian foes!
Mark with what ease they sink into the sand!
Pity that all their practice is by land!”",Ilias
1380,"Now flaming from the zenith, Sol had driven
His fervid orb through half the vault of heaven;
While on each host with equal tempests fell
The showering darts, and numbers sank to hell.
But when his evening wheels o’erhung the main,
Glad conquest rested on the Grecian train.
Then from amidst the tumult and alarms,
They draw the conquer’d corse and radiant arms.
Then rash Patroclus with new fury glows,
And breathing slaughter, pours amid the foes.
Thrice on the press like Mars himself he flew,
And thrice three heroes at each onset slew.
There ends thy glory! there the Fates untwine
The last, black remnant of so bright a line:
Apollo dreadful stops thy middle way;
Death calls, and heaven allows no longer day!",Ilias
1381,"For lo! the god in dusky clouds enshrined,
Approaching dealt a staggering blow behind.
The weighty shock his neck and shoulders feel;
His eyes flash sparkles, his stunn’d senses reel
In giddy darkness; far to distance flung,
His bounding helmet on the champaign rung.
Achilles’ plume is stain’d with dust and gore;
That plume which never stoop’d to earth before;
Long used, untouch’d, in fighting fields to shine,
And shade the temples of the mad divine.
Jove dooms it now on Hector’s helm to nod;
Not long—for fate pursues him, and the god.",Ilias
1382,"His spear in shivers falls; his ample shield
Drops from his arm: his baldric strows the field:
The corslet his astonish’d breast forsakes:
Loose is each joint; each nerve with horror shakes;
Stupid he stares, and all-assistless stands:
Such is the force of more than mortal hands!",Ilias
1383,"“Lie there, Patroclus! and with thee, the joy
Thy pride once promised, of subverting Troy;
The fancied scenes of Ilion wrapt in flames,
And thy soft pleasures served with captive dames.
Unthinking man! I fought those towers to free,
And guard that beauteous race from lords like thee:
But thou a prey to vultures shalt be made;
Thy own Achilles cannot lend thee aid;
Though much at parting that great chief might say,
And much enjoin thee, this important day.",Ilias
1384,"‘Return not, my brave friend (perhaps he said),
Without the bloody arms of Hector dead.’
He spoke, Patroclus march’d, and thus he sped.”",Ilias
1385,"“Vain boaster! cease, and know the powers divine!
Jove’s and Apollo’s is this deed, not thine;
To heaven is owed whate’er your own you call,
And heaven itself disarm’d me ere my fall.
Had twenty mortals, each thy match in might,
Opposed me fairly, they had sunk in fight:
By fate and Phœbus was I first o’erthrown,
Euphorbus next; the third mean part thy own.
But thou, imperious! hear my latest breath;
The gods inspire it, and it sounds thy death:
Insulting man, thou shalt be soon as I;
Black fate o’erhangs thee, and thy hour draws nigh;
Even now on life’s last verge I see thee stand,
I see thee fall, and by Achilles’ hand.”",Ilias
1386,"He faints: the soul unwilling wings her way,
(The beauteous body left a load of clay)
Flits to the lone, uncomfortable coast;
A naked, wandering, melancholy ghost!",Ilias
1387,"“From whence this boding speech, the stern decree
Of death denounced, or why denounced to me?
Why not as well Achilles’ fate be given
To Hector’s lance? Who knows the will of heaven?”",Ilias
1388,"Pensive he said; then pressing as he lay
His breathless bosom, tore the lance away;
And upwards cast the corse: the reeking spear
He shakes, and charges the bold charioteer.
But swift Automedon with loosen’d reins
Rapt in the chariot o’er the distant plains,
Far from his rage the immortal coursers drove;
The immortal coursers were the gift of Jove.",Ilias
1389,"
Menelaus, upon the death of Patroclus, defends his body from the enemy:
Euphorbus, who attempts it, is slain. Hector advancing, Menelaus
retires; but soon returns with Ajax, and drives him off. This, Glaucus
objects to Hector as a flight, who thereupon puts on the armour he had
won from Patroclus, and renews the battle. The Greeks give way, till
Ajax rallies them: Æneas sustains the Trojans. Æneas and Hector attempt
the chariot of Achilles, which is borne off by Automedon. The horses of
Achilles deplore the loss of Patroclus: Jupiter covers his body with a
thick darkness: the noble prayer of Ajax on that occasion. Menelaus
sends Antilochus to Achilles, with the news of Patroclus’ death: then
returns to the fight, where, though attacked with the utmost fury, he
and Meriones, assisted by the Ajaces, bear off the body to the ships.
    The time is the evening of the eight-and-twentieth day. The scene
    lies in the fields before Troy.",Ilias
1390,"
On the cold earth divine Patroclus spread,
Lies pierced with wounds among the vulgar dead.
Great Menelaus, touch’d with generous woe,
Springs to the front, and guards him from the foe.
Thus round her new-fallen young the heifer moves,
Fruit of her throes, and first-born of her loves;
And anxious (helpless as he lies, and bare)
Turns, and re-turns her, with a mother’s care,
Opposed to each that near the carcase came,
His broad shield glimmers, and his lances flame.",Ilias
1391,"The son of Panthus, skill’d the dart to send,
Eyes the dead hero, and insults the friend.
“This hand, Atrides, laid Patroclus low;
Warrior! desist, nor tempt an equal blow:
To me the spoils my prowess won, resign:
Depart with life, and leave the glory mine.”",Ilias
1392,"The Trojan thus: the Spartan monarch burn’d
With generous anguish, and in scorn return’d:
“Laugh’st thou not, Jove! from thy superior throne,
When mortals boast of prowess not their own?
Not thus the lion glories in his might,
Nor panther braves his spotted foe in fight,
Nor thus the boar (those terrors of the plain;)
Man only vaunts his force, and vaunts in vain.
But far the vainest of the boastful kind,
These sons of Panthus vent their haughty mind.
Yet ’twas but late, beneath my conquering steel
This boaster’s brother, Hyperenor, fell;
Against our arm which rashly he defied,
Vain was his vigour, and as vain his pride.
These eyes beheld him on the dust expire,
No more to cheer his spouse, or glad his sire.
Presumptuous youth! like his shall be thy doom,
Go, wait thy brother to the Stygian gloom;
Or, while thou may’st, avoid the threaten’d fate;
Fools stay to feel it, and are wise too late.”",Ilias
1393,"Unmoved, Euphorbus thus: “That action known,
Come, for my brother’s blood repay thy own.
His weeping father claims thy destined head,
And spouse, a widow in her bridal bed.
On these thy conquer’d spoils I shall bestow,
To soothe a consort’s and a parent’s woe.
No longer then defer the glorious strife,
Let heaven decide our fortune, fame, and life.”",Ilias
1394,"Swift as the word the missile lance he flings;
The well-aim’d weapon on the buckler rings,
But blunted by the brass, innoxious falls.
On Jove the father great Atrides calls,
Nor flies the javelin from his arm in vain,
It pierced his throat, and bent him to the plain;
Wide through the neck appears the grisly wound,
Prone sinks the warrior, and his arms resound.
The shining circlets of his golden hair,
Which even the Graces might be proud to wear,
Instarr’d with gems and gold, bestrow the shore,
With dust dishonour’d, and deform’d with gore.",Ilias
1395,"As the young olive, in some sylvan scene,
Crown’d by fresh fountains with eternal green,
Lifts the gay head, in snowy flowerets fair,
And plays and dances to the gentle air;
When lo! a whirlwind from high heaven invades
The tender plant, and withers all its shades;
It lies uprooted from its genial bed,
A lovely ruin now defaced and dead:
Thus young, thus beautiful, Euphorbus lay,
While the fierce Spartan tore his arms away.
Proud of his deed, and glorious in the prize,
Affrighted Troy the towering victor flies:
Flies, as before some mountain lion’s ire
The village curs and trembling swains retire,
When o’er the slaughter’d bull they hear him roar,
And see his jaws distil with smoking gore:
All pale with fear, at distance scatter’d round,
They shout incessant, and the vales resound.",Ilias
1396,"Meanwhile Apollo view’d with envious eyes,
And urged great Hector to dispute the prize;
(In Mentes’ shape, beneath whose martial care
The rough Ciconians learn’d the trade of war;)[247]
“Forbear (he cried) with fruitless speed to chase
Achilles’ coursers, of ethereal race;
They stoop not, these, to mortal man’s command,
Or stoop to none but great Achilles’ hand.
Too long amused with a pursuit so vain,
Turn, and behold the brave Euphorbus slain;
By Sparta slain! for ever now suppress’d
The fire which burn’d in that undaunted breast!”",Ilias
1397,"Thus having spoke, Apollo wing’d his flight,
And mix’d with mortals in the toils of fight:
His words infix’d unutterable care
Deep in great Hector’s soul: through all the war
He darts his anxious eye; and, instant, view’d
The breathless hero in his blood imbued,
(Forth welling from the wound, as prone he lay)
And in the victor’s hands the shining prey.
Sheath’d in bright arms, through cleaving ranks he flies,
And sends his voice in thunder to the skies:
Fierce as a flood of flame by Vulcan sent,
It flew, and fired the nations as it went.
Atrides from the voice the storm divined,
And thus explored his own unconquer’d mind:",Ilias
1398,"“Then shall I quit Patroclus on the plain,
Slain in my cause, and for my honour slain!
Desert the arms, the relics, of my friend?
Or singly, Hector and his troops attend?
Sure where such partial favour heaven bestow’d,
To brave the hero were to brave the god:
Forgive me, Greece, if once I quit the field;
’Tis not to Hector, but to heaven I yield.
Yet, nor the god, nor heaven, should give me fear,
Did but the voice of Ajax reach my ear:
Still would we turn, still battle on the plains,
And give Achilles all that yet remains
Of his and our Patroclus—” This, no more
The time allow’d: Troy thicken’d on the shore.
A sable scene! The terrors Hector led.
Slow he recedes, and sighing quits the dead.",Ilias
1399,"So from the fold the unwilling lion parts,
Forced by loud clamours, and a storm of darts;
He flies indeed, but threatens as he flies,
With heart indignant and retorted eyes.
Now enter’d in the Spartan ranks, he turn’d
His manly breast, and with new fury burn’d;
O’er all the black battalions sent his view,
And through the cloud the godlike Ajax knew;
Where labouring on the left the warrior stood,
All grim in arms, and cover’d o’er with blood;
There breathing courage, where the god of day
Had sunk each heart with terror and dismay.",Ilias
1400,"To him the king: “Oh Ajax, oh my friend!
Haste, and Patroclus’ loved remains defend:
The body to Achilles to restore
Demands our care; alas, we can no more!
For naked now, despoiled of arms, he lies;
And Hector glories in the dazzling prize.”
He said, and touch’d his heart. The raging pair
Pierced the thick battle, and provoke the war.
Already had stern Hector seized his head,
And doom’d to Trojan gods the unhappy dead;
But soon as Ajax rear’d his tower-like shield,
Sprung to his car, and measured back the field,
His train to Troy the radiant armour bear,
To stand a trophy of his fame in war.",Ilias
1401,"Meanwhile great Ajax (his broad shield display’d)
Guards the dead hero with the dreadful shade;
And now before, and now behind he stood:
Thus in the centre of some gloomy wood,
With many a step, the lioness surrounds
Her tawny young, beset by men and hounds;
Elate her heart, and rousing all her powers,
Dark o’er the fiery balls each hanging eyebrow lours.
Fast by his side the generous Spartan glows
With great revenge, and feeds his inward woes.",Ilias
1402,"“Say, is it just, my friend, that Hector’s ear
From such a warrior such a speech should hear?
I deem’d thee once the wisest of thy kind,
But ill this insult suits a prudent mind.
I shun great Ajax? I desert my train?
’Tis mine to prove the rash assertion vain;
I joy to mingle where the battle bleeds,
And hear the thunder of the sounding steeds.
But Jove’s high will is ever uncontroll’d,
The strong he withers, and confounds the bold;
Now crowns with fame the mighty man, and now
Strikes the fresh garland from the victor’s brow!
Come, through yon squadrons let us hew the way,
And thou be witness, if I fear to-day;
If yet a Greek the sight of Hector dread,
Or yet their hero dare defend the dead.”",Ilias
1403,"Then turning to the martial hosts, he cries:
“Ye Trojans, Dardans, Lycians, and allies!
Be men, my friends, in action as in name,
And yet be mindful of your ancient fame.
Hector in proud Achilles’ arms shall shine,
Torn from his friend, by right of conquest mine.”",Ilias
1404,"He strode along the field, as thus he said:
(The sable plumage nodded o’er his head:)
Swift through the spacious plain he sent a look;
One instant saw, one instant overtook
The distant band, that on the sandy shore
The radiant spoils to sacred Ilion bore.
There his own mail unbraced the field bestrow’d;
His train to Troy convey’d the massy load.
Now blazing in the immortal arms he stands;
The work and present of celestial hands;
By aged Peleus to Achilles given,
As first to Peleus by the court of heaven:
His father’s arms not long Achilles wears,
Forbid by fate to reach his father’s years.",Ilias
1405,"Him, proud in triumph, glittering from afar,
The god whose thunder rends the troubled air
Beheld with pity; as apart he sat,
And, conscious, look’d through all the scene of fate.
He shook the sacred honours of his head;
Olympus trembled, and the godhead said;
“Ah, wretched man! unmindful of thy end!
A moment’s glory; and what fates attend!
In heavenly panoply divinely bright
Thou stand’st, and armies tremble at thy sight,
As at Achilles’ self! beneath thy dart
Lies slain the great Achilles’ dearer part.
Thou from the mighty dead those arms hast torn,
Which once the greatest of mankind had worn.
Yet live! I give thee one illustrious day,
A blaze of glory ere thou fad’st away.
For ah! no more Andromache shall come
With joyful tears to welcome Hector home;
No more officious, with endearing charms,
From thy tired limbs unbrace Pelides’ arms!”",Ilias
1406,"Then with his sable brow he gave the nod
That seals his word; the sanction of the god.
The stubborn arms (by Jove’s command disposed)
Conform’d spontaneous, and around him closed:
Fill’d with the god, enlarged his members grew,
Through all his veins a sudden vigour flew,
The blood in brisker tides began to roll,
And Mars himself came rushing on his soul.
Exhorting loud through all the field he strode,
And look’d, and moved, Achilles, or a god.
Now Mesthles, Glaucus, Medon, he inspires,
Now Phorcys, Chromius, and Hippothous fires;
The great Thersilochus like fury found,
Asteropaeus kindled at the sound,
And Ennomus, in augury renown’d.",Ilias
1407,"“Hear, all ye hosts, and hear, unnumber’d bands
Of neighbouring nations, or of distant lands!
’Twas not for state we summon’d you so far,
To boast our numbers, and the pomp of war:
Ye came to fight; a valiant foe to chase,
To save our present, and our future race.
For this, our wealth, our products, you enjoy,
And glean the relics of exhausted Troy.
Now then, to conquer or to die prepare;
To die or conquer are the terms of war.
Whatever hand shall win Patroclus slain,
Whoe’er shall drag him to the Trojan train,
With Hector’s self shall equal honours claim;
With Hector part the spoil, and share the fame.”",Ilias
1408,"Fired by his words, the troops dismiss their fears,
They join, they thicken, they protend their spears;
Full on the Greeks they drive in firm array,
And each from Ajax hopes the glorious prey:
Vain hope! what numbers shall the field o’erspread,
What victims perish round the mighty dead!",Ilias
1409,"Great Ajax mark’d the growing storm from far,
And thus bespoke his brother of the war:
“Our fatal day, alas! is come, my friend;
And all our wars and glories at an end!
’Tis not this corse alone we guard in vain,
Condemn’d to vultures on the Trojan plain;
We too must yield: the same sad fate must fall
On thee, on me, perhaps, my friend, on all.
See what a tempest direful Hector spreads,
And lo! it bursts, it thunders on our heads!
Call on our Greeks, if any hear the call,
The bravest Greeks: this hour demands them all.”",Ilias
1410,"The warrior raised his voice, and wide around
The field re-echoed the distressful sound.
“O chiefs! O princes, to whose hand is given
The rule of men; whose glory is from heaven!
Whom with due honours both Atrides grace:
Ye guides and guardians of our Argive race!
All, whom this well-known voice shall reach from far,
All, whom I see not through this cloud of war;
Come all! let generous rage your arms employ,
And save Patroclus from the dogs of Troy.”",Ilias
1411,"Oilean Ajax first the voice obey’d,
Swift was his pace, and ready was his aid:
Next him Idomeneus, more slow with age,
And Merion, burning with a hero’s rage.
The long-succeeding numbers who can name?
But all were Greeks, and eager all for fame.
Fierce to the charge great Hector led the throng;
Whole Troy embodied rush’d with shouts along.
Thus, when a mountain billow foams and raves,
Where some swoln river disembogues his waves,
Full in the mouth is stopp’d the rushing tide,
The boiling ocean works from side to side,
The river trembles to his utmost shore,
And distant rocks re-bellow to the roar.",Ilias
1412,"Nor less resolved, the firm Achaian band
With brazen shields in horrid circle stand.
Jove, pouring darkness o’er the mingled fight,
Conceals the warriors’ shining helms in night:
To him, the chief for whom the hosts contend
Had lived not hateful, for he lived a friend:
Dead he protects him with superior care.
Nor dooms his carcase to the birds of air.",Ilias
1413,"Once more at Ajax Hector’s javelin flies;
The Grecian marking, as it cut the skies,
Shunn’d the descending death; which hissing on,
Stretch’d in the dust the great Iphytus’ son,
Schedius the brave, of all the Phocian kind
The boldest warrior and the noblest mind:
In little Panope, for strength renown’d,
He held his seat, and ruled the realms around.
Plunged in his throat, the weapon drank his blood,
And deep transpiercing through the shoulder stood;
In clanging arms the hero fell and all
The fields resounded with his weighty fall.",Ilias
1414,"Phorcys, as slain Hippothous he defends,
The Telamonian lance his belly rends;
The hollow armour burst before the stroke,
And through the wound the rushing entrails broke:
In strong convulsions panting on the sands
He lies, and grasps the dust with dying hands.",Ilias
1415,"Struck at the sight, recede the Trojan train:
The shouting Argives strip the heroes slain.
And now had Troy, by Greece compell’d to yield,
Fled to her ramparts, and resign’d the field;
Greece, in her native fortitude elate,
With Jove averse, had turn’d the scale of fate:
But Phœbus urged Æneas to the fight;
He seem’d like aged Periphas to sight:
(A herald in Anchises’ love grown old,
Revered for prudence, and with prudence bold.)",Ilias
1416,"Thus he—“What methods yet, O chief! remain,
To save your Troy, though heaven its fall ordain?
There have been heroes, who, by virtuous care,
By valour, numbers, and by arts of war,
Have forced the powers to spare a sinking state,
And gain’d at length the glorious odds of fate:
But you, when fortune smiles, when Jove declares
His partial favour, and assists your wars,
Your shameful efforts ’gainst yourselves employ,
And force the unwilling god to ruin Troy.”",Ilias
1417,"Æneas through the form assumed descries
The power conceal’d, and thus to Hector cries:
“Oh lasting shame! to our own fears a prey,
We seek our ramparts, and desert the day.
A god, nor is he less, my bosom warms,
And tells me, Jove asserts the Trojan arms.”",Ilias
1418,"Greece, in close order, and collected might,
Yet suffers least, and sways the wavering fight;
Fierce as conflicting fires the combat burns,
And now it rises, now it sinks by turns.
In one thick darkness all the fight was lost;
The sun, the moon, and all the ethereal host
Seem’d as extinct: day ravish’d from their eyes,
And all heaven’s splendours blotted from the skies.
Such o’er Patroclus’ body hung the night,
The rest in sunshine fought, and open light;
Unclouded there, the aerial azure spread,
No vapour rested on the mountain’s head,
The golden sun pour’d forth a stronger ray,
And all the broad expansion flamed with day.
Dispersed around the plain, by fits they fight,
And here and there their scatter’d arrows light:
But death and darkness o’er the carcase spread,
There burn’d the war, and there the mighty bled.",Ilias
1419,"Meanwhile the sons of Nestor, in the rear,
(Their fellows routed,) toss the distant spear,
And skirmish wide: so Nestor gave command,
When from the ships he sent the Pylian band.
The youthful brothers thus for fame contend,
Nor knew the fortune of Achilles’ friend;
In thought they view’d him still, with martial joy,
Glorious in arms, and dealing death to Troy.",Ilias
1420,"But round the corse the heroes pant for breath,
And thick and heavy grows the work of death:
O’erlabour’d now, with dust, and sweat, and gore,
Their knees, their legs, their feet, are covered o’er;
Drops follow drops, the clouds on clouds arise,
And carnage clogs their hands, and darkness fills their eyes.
As when a slaughter’d bull’s yet reeking hide,
Strain’d with full force, and tugg’d from side to side,
The brawny curriers stretch; and labour o’er
The extended surface, drunk with fat and gore:
So tugging round the corse both armies stood;
The mangled body bathed in sweat and blood;
While Greeks and Ilians equal strength employ,
Now to the ships to force it, now to Troy.
Not Pallas’ self, her breast when fury warms,
Nor he whose anger sets the world in arms,
Could blame this scene; such rage, such horror reign’d;
Such, Jove to honour the great dead ordain’d.",Ilias
1421,"Achilles in his ships at distance lay,
Nor knew the fatal fortune of the day;
He, yet unconscious of Patroclus’ fall,
In dust extended under Ilion’s wall,
Expects him glorious from the conquered plain,
And for his wish’d return prepares in vain;
Though well he knew, to make proud Ilion bend
Was more than heaven had destined to his friend.
Perhaps to him: this Thetis had reveal’d;
The rest, in pity to her son, conceal’d.",Ilias
1422,"Still raged the conflict round the hero dead,
And heaps on heaps by mutual wounds they bled.
“Cursed be the man (even private Greeks would say)
Who dares desert this well-disputed day!
First may the cleaving earth before our eyes
Gape wide, and drink our blood for sacrifice;
First perish all, ere haughty Troy shall boast
We lost Patroclus, and our glory lost!”",Ilias
1423,"Meantime, at distance from the scene of blood,
The pensive steeds of great Achilles stood:
Their godlike master slain before their eyes,
They wept, and shared in human miseries.[248]
In vain Automedon now shakes the rein,
Now plies the lash, and soothes and threats in vain;
Nor to the fight nor Hellespont they go,
Restive they stood, and obstinate in woe:
Still as a tombstone, never to be moved,
On some good man or woman unreproved
Lays its eternal weight; or fix’d, as stands
A marble courser by the sculptor’s hands,
Placed on the hero’s grave. Along their face
The big round drops coursed down with silent pace,
Conglobing on the dust. Their manes, that late
Circled their arched necks, and waved in state,
Trail’d on the dust beneath the yoke were spread,
And prone to earth was hung their languid head:
Nor Jove disdain’d to cast a pitying look,
While thus relenting to the steeds he spoke:",Ilias
1424,"“Unhappy coursers of immortal strain,
Exempt from age, and deathless, now in vain;
Did we your race on mortal man bestow,
Only, alas! to share in mortal woe?
For ah! what is there of inferior birth,
That breathes or creeps upon the dust of earth;
What wretched creature of what wretched kind,
Than man more weak, calamitous, and blind?
A miserable race! but cease to mourn:
For not by you shall Priam’s son be borne
High on the splendid car: one glorious prize
He rashly boasts: the rest our will denies.
Ourself will swiftness to your nerves impart,
Ourself with rising spirits swell your heart.
Automedon your rapid flight shall bear
Safe to the navy through the storm of war.
For yet ’tis given to Troy to ravage o’er
The field, and spread her slaughters to the shore;
The sun shall see her conquer, till his fall
With sacred darkness shades the face of all.”",Ilias
1425,"He said; and breathing in the immortal horse
Excessive spirit, urged them to the course;
From their high manes they shake the dust, and bear
The kindling chariot through the parted war:
So flies a vulture through the clamorous train
Of geese, that scream, and scatter round the plain.
From danger now with swiftest speed they flew,
And now to conquest with like speed pursue;
Sole in the seat the charioteer remains,
Now plies the javelin, now directs the reins:
Him brave Alcimedon beheld distress’d,
Approach’d the chariot, and the chief address’d:",Ilias
1426,"“What god provokes thee rashly thus to dare,
Alone, unaided, in the thickest war?
Alas! thy friend is slain, and Hector wields
Achilles’ arms triumphant in the fields.”",Ilias
1427,"“In happy time (the charioteer replies)
The bold Alcimedon now greets my eyes;
No Greek like him the heavenly steeds restrains,
Or holds their fury in suspended reins:
Patroclus, while he lived, their rage could tame,
But now Patroclus is an empty name!
To thee I yield the seat, to thee resign
The ruling charge: the task of fight be mine.”",Ilias
1428,"He said. Alcimedon, with active heat,
Snatches the reins, and vaults into the seat.
His friend descends. The chief of Troy descried,
And call’d Æneas fighting near his side.",Ilias
1429,"“Lo, to my sight, beyond our hope restored,
Achilles’ car, deserted of its lord!
The glorious steeds our ready arms invite,
Scarce their weak drivers guide them through the fight.
Can such opponents stand when we assail?
Unite thy force, my friend, and we prevail.”",Ilias
1430,"The son of Venus to the counsel yields;
Then o’er their backs they spread their solid shields:
With brass refulgent the broad surface shined,
And thick bull-hides the spacious concave lined.
Them Chromius follows, Aretus succeeds;
Each hopes the conquest of the lofty steeds:
In vain, brave youths, with glorious hopes ye burn,
In vain advance! not fated to return.",Ilias
1431,"Unmov’d, Automedon attends the fight,
Implores the Eternal, and collects his might.
Then turning to his friend, with dauntless mind:
“Oh keep the foaming coursers close behind!
Full on my shoulders let their nostrils blow,
For hard the fight, determined is the foe;
’Tis Hector comes: and when he seeks the prize,
War knows no mean; he wins it or he dies.”",Ilias
1432,"Then through the field he sends his voice aloud,
And calls the Ajaces from the warring crowd,
With great Atrides. “Hither turn, (he said,)
Turn where distress demands immediate aid;
The dead, encircled by his friends, forego,
And save the living from a fiercer foe.
Unhelp’d we stand, unequal to engage
The force of Hector, and Æneas’ rage:
Yet mighty as they are, my force to prove
Is only mine: the event belongs to Jove.”",Ilias
1433,"He spoke, and high the sounding javelin flung,
Which pass’d the shield of Aretus the young:
It pierced his belt, emboss’d with curious art,
Then in the lower belly struck the dart.
As when a ponderous axe, descending full,
Cleaves the broad forehead of some brawny bull:[249]
Struck ’twixt the horns, he springs with many a bound,
Then tumbling rolls enormous on the ground:
Thus fell the youth; the air his soul received,
And the spear trembled as his entrails heaved.",Ilias
1434,"Now at Automedon the Trojan foe
Discharged his lance; the meditated blow,
Stooping, he shunn’d; the javelin idly fled,
And hiss’d innoxious o’er the hero’s head;
Deep rooted in the ground, the forceful spear
In long vibrations spent its fury there.
With clashing falchions now the chiefs had closed,
But each brave Ajax heard, and interposed;
Nor longer Hector with his Trojans stood,
But left their slain companion in his blood:
His arms Automedon divests, and cries,
“Accept, Patroclus, this mean sacrifice:
Thus have I soothed my griefs, and thus have paid,
Poor as it is, some offering to thy shade.”",Ilias
1435,"So looks the lion o’er a mangled boar,
All grim with rage, and horrible with gore;
High on the chariot at one bound he sprung,
And o’er his seat the bloody trophies hung.",Ilias
1436,"Pleased to be first of all the powers address’d,
She breathes new vigour in her hero’s breast,
And fills with keen revenge, with fell despite,
Desire of blood, and rage, and lust of fight.
So burns the vengeful hornet (soul all o’er),
Repulsed in vain, and thirsty still of gore;
(Bold son of air and heat) on angry wings
Untamed, untired, he turns, attacks, and stings.
Fired with like ardour fierce Atrides flew,
And sent his soul with every lance he threw.",Ilias
1437,"There stood a Trojan, not unknown to fame,
Aëtion’s son, and Podes was his name:
With riches honour’d, and with courage bless’d,
By Hector loved, his comrade, and his guest;
Through his broad belt the spear a passage found,
And, ponderous as he falls, his arms resound.
Sudden at Hector’s side Apollo stood,
Like Phaenops, Asius’ son, appear’d the god;
(Asius the great, who held his wealthy reign
In fair Abydos, by the rolling main.)",Ilias
1438,"“Oh prince! (he cried) Oh foremost once in fame!
What Grecian now shall tremble at thy name?
Dost thou at length to Menelaus yield,
A chief once thought no terror of the field?
Yet singly, now, the long-disputed prize
He bears victorious, while our army flies:
By the same arm illustrious Podes bled;
The friend of Hector, unrevenged, is dead!”
This heard, o’er Hector spreads a cloud of woe,
Rage lifts his lance, and drives him on the foe.",Ilias
1439,"But now the Eternal shook his sable shield,
That shaded Ide and all the subject field
Beneath its ample verge. A rolling cloud
Involved the mount; the thunder roar’d aloud;
The affrighted hills from their foundations nod,
And blaze beneath the lightnings of the god:
At one regard of his all-seeing eye
The vanquish’d triumph, and the victors fly.",Ilias
1440,"Then trembled Greece: the flight Peneleus led;
For as the brave Bœotian turn’d his head
To face the foe, Polydamas drew near,
And razed his shoulder with a shorten’d spear:
By Hector wounded, Leitus quits the plain,
Pierced through the wrist; and raging with the pain,
Grasps his once formidable lance in vain.",Ilias
1441,"As Hector follow’d, Idomen address’d
The flaming javelin to his manly breast;
The brittle point before his corslet yields;
Exulting Troy with clamour fills the fields:
High on his chariots the Cretan stood,
The son of Priam whirl’d the massive wood.
But erring from its aim, the impetuous spear
Struck to the dust the squire and charioteer
Of martial Merion: Coeranus his name,
Who left fair Lyctus for the fields of fame.
On foot bold Merion fought; and now laid low,
Had graced the triumphs of his Trojan foe,
But the brave squire the ready coursers brought,
And with his life his master’s safety bought.
Between his cheek and ear the weapon went,
The teeth it shatter’d, and the tongue it rent.
Prone from the seat he tumbles to the plain;
His dying hand forgets the falling rein:
This Merion reaches, bending from the car,
And urges to desert the hopeless war:
Idomeneus consents; the lash applies;
And the swift chariot to the navy flies.",Ilias
1442,"Not Ajax less the will of heaven descried,
And conquest shifting to the Trojan side,
Turn’d by the hand of Jove. Then thus begun,
To Atreus’s seed, the godlike Telamon:",Ilias
1443,"With tears the hero spoke, and at his prayer
The god relenting clear’d the clouded air;
Forth burst the sun with all-enlightening ray;
The blaze of armour flash’d against the day.
“Now, now, Atrides! cast around thy sight;
If yet Antilochus survives the fight,
Let him to great Achilles’ ear convey
The fatal news”—Atrides hastes away.",Ilias
1444,"So turns the lion from the nightly fold,
Though high in courage, and with hunger bold,
Long gall’d by herdsmen, and long vex’d by hounds,
Stiff with fatigue, and fretted sore with wounds;
The darts fly round him from a hundred hands,
And the red terrors of the blazing brands:
Till late, reluctant, at the dawn of day
Sour he departs, and quits the untasted prey,
So moved Atrides from his dangerous place
With weary limbs, but with unwilling pace;
The foe, he fear’d, might yet Patroclus gain,
And much admonish’d, much adjured his train:",Ilias
1445,"“O guard these relics to your charge consign’d,
And bear the merits of the dead in mind;
How skill’d he was in each obliging art;
The mildest manners, and the gentlest heart:
He was, alas! but fate decreed his end,
In death a hero, as in life a friend!”",Ilias
1446,"So parts the chief; from rank to rank he flew,
And round on all sides sent his piercing view.
As the bold bird, endued with sharpest eye
Of all that wings the mid aërial sky,
The sacred eagle, from his walks above
Looks down, and sees the distant thicket move;
Then stoops, and sousing on the quivering hare,
Snatches his life amid the clouds of air.
Not with less quickness, his exerted sight
Pass’d this and that way, through the ranks of fight:
Till on the left the chief he sought, he found,
Cheering his men, and spreading deaths around:",Ilias
1447,"To him the king: “Beloved of Jove! draw near,
For sadder tidings never touch’d thy ear;
Thy eyes have witness’d what a fatal turn!
How Ilion triumphs, and the Achaians mourn.
This is not all: Patroclus, on the shore
Now pale and dead, shall succour Greece no more.
Fly to the fleet, this instant fly, and tell
The sad Achilles, how his loved-one fell:
He too may haste the naked corse to gain:
The arms are Hector’s, who despoil’d the slain.”",Ilias
1448,"The youthful warrior heard with silent woe,
From his fair eyes the tears began to flow:
Big with the mighty grief, he strove to say
What sorrow dictates, but no word found way.
To brave Laodocus his arms he flung,
Who, near him wheeling, drove his steeds along;
Then ran the mournful message to impart,
With tearful eyes, and with dejected heart.",Ilias
1449,"Swift fled the youth: nor Menelaus stands
(Though sore distress’d) to aid the Pylian bands;
But bids bold Thrasymede those troops sustain;
Himself returns to his Patroclus slain.
“Gone is Antilochus (the hero said);
But hope not, warriors, for Achilles’ aid:
Though fierce his rage, unbounded be his woe,
Unarm’d, he fights not with the Trojan foe.
’Tis in our hands alone our hopes remain,
’Tis our own vigour must the dead regain,
And save ourselves, while with impetuous hate
Troy pours along, and this way rolls our fate.”",Ilias
1450,"“’Tis well (said Ajax), be it then thy care,
With Merion’s aid, the weighty corse to rear;
Myself, and my bold brother will sustain
The shock of Hector and his charging train:
Nor fear we armies, fighting side by side;
What Troy can dare, we have already tried,
Have tried it, and have stood.” The hero said.
High from the ground the warriors heave the dead.
A general clamour rises at the sight:
Loud shout the Trojans, and renew the fight.
Not fiercer rush along the gloomy wood,
With rage insatiate, and with thirst of blood,
Voracious hounds, that many a length before
Their furious hunters, drive the wounded boar;
But if the savage turns his glaring eye,
They howl aloof, and round the forest fly.
Thus on retreating Greece the Trojans pour,
Wave their thick falchions, and their javelins shower:
But Ajax turning, to their fears they yield,
All pale they tremble and forsake the field.",Ilias
1451,"
Thus like the rage of fire the combat burns,[250]
And now it rises, now it sinks by turns.
Meanwhile, where Hellespont’s broad waters flow,
Stood Nestor’s son, the messenger of woe:
There sat Achilles, shaded by his sails,
On hoisted yards extended to the gales;
Pensive he sat; for all that fate design’d
Rose in sad prospect to his boding mind.
Thus to his soul he said: “Ah! what constrains
The Greeks, late victors, now to quit the plains?
Is this the day, which heaven so long ago
Ordain’d, to sink me with the weight of woe?
(So Thetis warn’d;) when by a Trojan hand
The bravest of the Myrmidonian band
Should lose the light! Fulfilled is that decree;
Fallen is the warrior, and Patroclus he!
In vain I charged him soon to quit the plain,
And warn’d to shun Hectorean force in vain!”",Ilias
1452,"Thus while he thinks, Antilochus appears,
And tells the melancholy tale with tears.
“Sad tidings, son of Peleus! thou must hear;
And wretched I, the unwilling messenger!
Dead is Patroclus! For his corse they fight;
His naked corse: his arms are Hector’s right.”",Ilias
1453,"A sudden horror shot through all the chief,
And wrapp’d his senses in the cloud of grief;
Cast on the ground, with furious hands he spread
The scorching ashes o’er his graceful head;
His purple garments, and his golden hairs,
Those he deforms with dust, and these he tears;
On the hard soil his groaning breast he threw,
And roll’d and grovell’d, as to earth he grew.
The virgin captives, with disorder’d charms,
(Won by his own, or by Patroclus’ arms,)
Rush’d from their tents with cries; and gathering round,
Beat their white breasts, and fainted on the ground:
While Nestor’s son sustains a manlier part,
And mourns the warrior with a warrior’s heart;
Hangs on his arms, amidst his frantic woe,
And oft prevents the meditated blow.",Ilias
1454,"“Hear me, and judge, ye sisters of the main!
How just a cause has Thetis to complain!
How wretched, were I mortal, were my fate!
How more than wretched in the immortal state!
Sprung from my bed a godlike hero came,
The bravest far that ever bore the name;
Like some fair olive, by my careful hand
He grew, he flourish’d and adorn’d the land!
To Troy I sent him: but the fates ordain
He never, never must return again.
So short a space the light of heaven to view,
So short, alas! and fill’d with anguish too!
Hear how his sorrows echo through the shore!
I cannot ease them, but I must deplore;
I go at least to bear a tender part,
And mourn my loved-one with a mother’s heart.”",Ilias
1455,"She said, and left the caverns of the main,
All bathed in tears; the melancholy train
Attend her way. Wide-opening part the tides,
While the long pomp the silver wave divides.
Approaching now, they touch’d the Trojan land;
Then, two by two, ascended up the strand.
The immortal mother, standing close beside
Her mournful offspring, to his sighs replied;
Along the coast their mingled clamours ran,
And thus the silver-footed dame began:",Ilias
1456,"“Why mourns my son? thy late preferr’d request
The god has granted, and the Greeks distress’d:
Why mourns my son? thy anguish let me share,
Reveal the cause, and trust a parent’s care.”",Ilias
1457,"“My son (coerulean Thetis made reply,
To fate submitting with a secret sigh,)
The host to succour, and thy friends to save,
Is worthy thee; the duty of the brave.
But canst thou, naked, issue to the plains?
Thy radiant arms the Trojan foe detains.
Insulting Hector bears the spoils on high,
But vainly glories, for his fate is nigh.
Yet, yet awhile thy generous ardour stay;
Assured, I meet thee at the dawn of day,
Charged with refulgent arms (a glorious load),
Vulcanian arms, the labour of a god.”",Ilias
1458,"“Ye sister Nereids! to your deeps descend;
Haste, and our father’s sacred seat attend;
I go to find the architect divine,
Where vast Olympus’ starry summits shine:
So tell our hoary sire”—This charge she gave:
The sea-green sisters plunge beneath the wave:
Thetis once more ascends the bless’d abodes,
And treads the brazen threshold of the gods.",Ilias
1459,"“Rise, son of Peleus! rise, divinely brave!
Assist the combat, and Patroclus save:
For him the slaughter to the fleet they spread,
And fall by mutual wounds around the dead.
To drag him back to Troy the foe contends:
Nor with his death the rage of Hector ends:
A prey to dogs he dooms the corse to lie,
And marks the place to fix his head on high.
Rise, and prevent (if yet you think of fame)
Thy friend’s disgrace, thy own eternal shame!”",Ilias
1460,"“I come, Pelides! from the queen of Jove,
The immortal empress of the realms above;
Unknown to him who sits remote on high,
Unknown to all the synod of the sky.”
“Thou comest in vain (he cries, with fury warm’d);
Arms I have none, and can I fight unarm’d?
Unwilling as I am, of force I stay,
Till Thetis bring me at the dawn of day
Vulcanian arms: what other can I wield,
Except the mighty Telamonian shield?
That, in my friend’s defence, has Ajax spread,
While his strong lance around him heaps the dead:
The gallant chief defends Menoetius’ son,
And does what his Achilles should have done.”",Ilias
1461,"“Thy want of arms (said Iris) well we know;
But though unarm’d, yet clad in terrors, go!
Let but Achilles o’er yon trench appear,
Proud Troy shall tremble, and consent to fear;
Greece from one glance of that tremendous eye
Shall take new courage, and disdain to fly.”",Ilias
1462,"A lofty bier the breathless warrior bears:
Around, his sad companions melt in tears.
But chief Achilles, bending down his head,
Pours unavailing sorrows o’er the dead,
Whom late triumphant, with his steeds and car,
He sent refulgent to the field of war;
(Unhappy change!) now senseless, pale, he found,
Stretch’d forth, and gash’d with many a gaping wound.",Ilias
1463,"Meantime, unwearied with his heavenly way,
In ocean’s waves the unwilling light of day
Quench’d his red orb, at Juno’s high command,
And from their labours eased the Achaian band.
The frighted Trojans (panting from the war,
Their steeds unharness’d from the weary car)
A sudden council call’d: each chief appear’d
In haste, and standing; for to sit they fear’d.
’Twas now no season for prolong’d debate;
They saw Achilles, and in him their fate.
Silent they stood: Polydamas at last,
Skill’d to discern the future by the past,
The son of Panthus, thus express’d his fears
(The friend of Hector, and of equal years;
The self-same night to both a being gave,
One wise in council, one in action brave):",Ilias
1464,"The shouting host in loud applauses join’d;
So Pallas robb’d the many of their mind;
To their own sense condemn’d, and left to choose
The worst advice, the better to refuse.",Ilias
1465,"While the long night extends her sable reign,
Around Patroclus mourn’d the Grecian train.
Stern in superior grief Pelides stood;
Those slaughtering arms, so used to bathe in blood,
Now clasp his clay-cold limbs: then gushing start
The tears, and sighs burst from his swelling heart.
The lion thus, with dreadful anguish stung,
Roars through the desert, and demands his young;
When the grim savage, to his rifled den
Too late returning, snuffs the track of men,
And o’er the vales and o’er the forest bounds;
His clamorous grief the bellowing wood resounds.
So grieves Achilles; and, impetuous, vents
To all his Myrmidons his loud laments.",Ilias
1466,"He spoke, and bade the sad attendants round
Cleanse the pale corse, and wash each honour’d wound.
A massy caldron of stupendous frame
They brought, and placed it o’er the rising flame:
Then heap’d the lighted wood; the flame divides
Beneath the vase, and climbs around the sides:
In its wide womb they pour the rushing stream;
The boiling water bubbles to the brim.
The body then they bathe with pious toil,
Embalm the wounds, anoint the limbs with oil,
High on a bed of state extended laid,
And decent cover’d with a linen shade;
Last o’er the dead the milk-white veil they threw;
That done, their sorrows and their sighs renew.",Ilias
1467,"Meanwhile to Juno, in the realms above,
(His wife and sister,) spoke almighty Jove.
“At last thy will prevails: great Peleus’ son
Rises in arms: such grace thy Greeks have won.
Say (for I know not), is their race divine,
And thou the mother of that martial line?”",Ilias
1468,"“What words are these? (the imperial dame replies,
While anger flash’d from her majestic eyes)
Succour like this a mortal arm might lend,
And such success mere human wit attend:
And shall not I, the second power above,
Heaven’s queen, and consort of the thundering Jove,
Say, shall not I one nation’s fate command,
Not wreak my vengeance on one guilty land?”",Ilias
1469,"
So they. Meanwhile the silver-footed dame
Reach’d the Vulcanian dome, eternal frame!
High-eminent amid the works divine,
Where heaven’s far-beaming brazen mansions shine.
There the lame architect the goddess found,
Obscure in smoke, his forges flaming round,
While bathed in sweat from fire to fire he flew;
And puffing loud, the roaring billows blew.
That day no common task his labour claim’d:
Full twenty tripods for his hall he framed,
That placed on living wheels of massy gold,
(Wondrous to tell,) instinct with spirit roll’d
From place to place, around the bless’d abodes
Self-moved, obedient to the beck of gods:
For their fair handles now, o’erwrought with flowers,
In moulds prepared, the glowing ore he pours.
Just as responsive to his thought the frame
Stood prompt to move, the azure goddess came:
Charis, his spouse, a grace divinely fair,
(With purple fillets round her braided hair,)
Observed her entering; her soft hand she press’d,
And, smiling, thus the watery queen address’d:",Ilias
1470,"“What, goddess! this unusual favour draws?
All hail, and welcome! whatsoe’er the cause;
Till now a stranger, in a happy hour
Approach, and taste the dainties of the bower.”",Ilias
1471,"
High on a throne, with stars of silver graced,
And various artifice, the queen she placed;
A footstool at her feet: then calling, said,
“Vulcan, draw near, ’tis Thetis asks your aid.”
“Thetis (replied the god) our powers may claim,
An ever-dear, an ever-honour’d name!
When my proud mother hurl’d me from the sky,
(My awkward form, it seems, displeased her eye,)
She, and Eurynome, my griefs redress’d,
And soft received me on their silver breast.
Even then these arts employ’d my infant thought:
Chains, bracelets, pendants, all their toys, I wrought.
Nine years kept secret in the dark abode,
Secure I lay, conceal’d from man and god:
Deep in a cavern’d rock my days were led;
The rushing ocean murmur’d o’er my head.
Now, since her presence glads our mansion, say,
For such desert what service can I pay?
Vouchsafe, O Thetis! at our board to share
The genial rites, and hospitable fare;
While I the labours of the forge forego,
And bid the roaring bellows cease to blow.”",Ilias
1472,"Then from his anvil the lame artist rose;
Wide with distorted legs oblique he goes,
And stills the bellows, and (in order laid)
Locks in their chests his instruments of trade.
Then with a sponge the sooty workman dress’d
His brawny arms embrown’d, and hairy breast.
With his huge sceptre graced, and red attire,
Came halting forth the sovereign of the fire:
The monarch’s steps two female forms uphold,
That moved and breathed in animated gold;
To whom was voice, and sense, and science given
Of works divine (such wonders are in heaven!)
On these supported, with unequal gait,
He reach’d the throne where pensive Thetis sate;
There placed beside her on the shining frame,
He thus address’d the silver-footed dame:",Ilias
1473,"“Thee, welcome, goddess! what occasion calls
(So long a stranger) to these honour’d walls?
’Tis thine, fair Thetis, the command to lay,
And Vulcan’s joy and duty to obey.”",Ilias
1474,"To her the artist-god: “Thy griefs resign,
Secure, what Vulcan can, is ever thine.
O could I hide him from the Fates, as well,
Or with these hands the cruel stroke repel,
As I shall forge most envied arms, the gaze
Of wondering ages, and the world’s amaze!”",Ilias
1475,"Thus having said, the father of the fires
To the black labours of his forge retires.
Soon as he bade them blow, the bellows turn’d
Their iron mouths; and where the furnace burn’d,
Resounding breathed: at once the blast expires,
And twenty forges catch at once the fires;
Just as the god directs, now loud, now low,
They raise a tempest, or they gently blow;
In hissing flames huge silver bars are roll’d,
And stubborn brass, and tin, and solid gold;
Before, deep fix’d, the eternal anvils stand;
The ponderous hammer loads his better hand,
His left with tongs turns the vex’d metal round,
And thick, strong strokes, the doubling vaults rebound.",Ilias
1476,"Then first he form’d the immense and solid shield;
Rich various artifice emblazed the field;
Its utmost verge a threefold circle bound;[253]
A silver chain suspends the massy round;
Five ample plates the broad expanse compose,
And godlike labours on the surface rose.
There shone the image of the master-mind:
There earth, there heaven, there ocean he design’d;
The unwearied sun, the moon completely round;
The starry lights that heaven’s high convex crown’d;
The Pleiads, Hyads, with the northern team;
And great Orion’s more refulgent beam;
To which, around the axle of the sky,
The Bear, revolving, points his golden eye,
Still shines exalted on the ethereal plain,
Nor bathes his blazing forehead in the main.",Ilias
1477,"Two cities radiant on the shield appear,
The image one of peace, and one of war.
Here sacred pomp and genial feast delight,
And solemn dance, and hymeneal rite;
Along the street the new-made brides are led,
With torches flaming, to the nuptial bed:
The youthful dancers in a circle bound
To the soft flute, and cithern’s silver sound:
Through the fair streets the matrons in a row
Stand in their porches, and enjoy the show.",Ilias
1478,"There in the forum swarm a numerous train;
The subject of debate, a townsman slain:
One pleads the fine discharged, which one denied,
And bade the public and the laws decide:
The witness is produced on either hand:
For this, or that, the partial people stand:
The appointed heralds still the noisy bands,
And form a ring, with sceptres in their hands:
On seats of stone, within the sacred place,[254]
The reverend elders nodded o’er the case;
Alternate, each the attesting sceptre took,
And rising solemn, each his sentence spoke.
Two golden talents lay amidst, in sight,
The prize of him who best adjudged the right.",Ilias
1479,"A field deep furrow’d next the god design’d,[256]
The third time labour’d by the sweating hind;
The shining shares full many ploughmen guide,
And turn their crooked yokes on every side.
Still as at either end they wheel around,
The master meets them with his goblet crown’d;
The hearty draught rewards, renews their toil,
Then back the turning ploughshares cleave the soil:
Behind, the rising earth in ridges roll’d;
And sable look’d, though form’d of molten gold.",Ilias
1480,"Another field rose high with waving grain;
With bended sickles stand the reaper train:
Here stretched in ranks the levell’d swarths are found,
Sheaves heap’d on sheaves here thicken up the ground.
With sweeping stroke the mowers strow the lands;
The gatherers follow, and collect in bands;
And last the children, in whose arms are borne
(Too short to gripe them) the brown sheaves of corn.
The rustic monarch of the field descries,
With silent glee, the heaps around him rise.
A ready banquet on the turf is laid,
Beneath an ample oak’s expanded shade.
The victim ox the sturdy youth prepare;
The reaper’s due repast, the woman’s care.",Ilias
1481,"Next, ripe in yellow gold, a vineyard shines,
Bent with the ponderous harvest of its vines;
A deeper dye the dangling clusters show,
And curl’d on silver props, in order glow:
A darker metal mix’d intrench’d the place;
And pales of glittering tin the inclosure grace.
To this, one pathway gently winding leads,
Where march a train with baskets on their heads,
(Fair maids and blooming youths,) that smiling bear
The purple product of the autumnal year.
To these a youth awakes the warbling strings,
Whose tender lay the fate of Linus sings;
In measured dance behind him move the train,
Tune soft the voice, and answer to the strain.",Ilias
1482,"Here herds of oxen march, erect and bold,
Rear high their horns, and seem to low in gold,
And speed to meadows on whose sounding shores
A rapid torrent through the rushes roars:
Four golden herdsmen as their guardians stand,
And nine sour dogs complete the rustic band.
Two lions rushing from the wood appear’d;
And seized a bull, the master of the herd:
He roar’d: in vain the dogs, the men withstood;
They tore his flesh, and drank his sable blood.
The dogs (oft cheer’d in vain) desert the prey,
Dread the grim terrors, and at distance bay.",Ilias
1483,"Next this, the eye the art of Vulcan leads
Deep through fair forests, and a length of meads,
And stalls, and folds, and scatter’d cots between;
And fleecy flocks, that whiten all the scene.",Ilias
1484,"A figured dance succeeds; such once was seen
In lofty Gnossus for the Cretan queen,
Form’d by Daedalean art; a comely band
Of youths and maidens, bounding hand in hand.
The maids in soft simars of linen dress’d;
The youths all graceful in the glossy vest:
Of those the locks with flowery wreath inroll’d;
Of these the sides adorn’d with swords of gold,
That glittering gay, from silver belts depend.
Now all at once they rise, at once descend,
With well-taught feet: now shape in oblique ways,
Confusedly regular, the moving maze:
Now forth at once, too swift for sight, they spring,
And undistinguish’d blend the flying ring:
So whirls a wheel, in giddy circle toss’d,
And, rapid as it runs, the single spokes are lost.
The gazing multitudes admire around:
Two active tumblers in the centre bound;
Now high, now low, their pliant limbs they bend:
And general songs the sprightly revel end.",Ilias
1485,"Thus the broad shield complete the artist crown’d
With his last hand, and pour’d the ocean round:
In living silver seem’d the waves to roll,
And beat the buckler’s verge, and bound the whole.",Ilias
1486,"This done, whate’er a warrior’s use requires
He forged; the cuirass that outshone the fires,
The greaves of ductile tin, the helm impress’d
With various sculpture, and the golden crest.
At Thetis’ feet the finished labour lay:
She, as a falcon cuts the aerial way,
Swift from Olympus’ snowy summit flies,
And bears the blazing present through the skies.[257]",Ilias
1487,"
Soon as Aurora heaved her Orient head
Above the waves, that blush’d with early red,
(With new-born day to gladden mortal sight,
And gild the courts of heaven with sacred light,)
The immortal arms the goddess-mother bears
Swift to her son: her son she finds in tears
Stretch’d o’er Patroclus’ corse; while all the rest
Their sovereign’s sorrows in their own express’d.
A ray divine her heavenly presence shed,
And thus, his hand soft touching, Thetis said:",Ilias
1488,"“Suppress, my son, this rage of grief, and know
It was not man, but heaven, that gave the blow;
Behold what arms by Vulcan are bestow’d,
Arms worthy thee, or fit to grace a god.”",Ilias
1489,"Then drops the radiant burden on the ground;
Clang the strong arms, and ring the shores around;
Back shrink the Myrmidons with dread surprise,
And from the broad effulgence turn their eyes.
Unmoved the hero kindles at the show,
And feels with rage divine his bosom glow;
From his fierce eyeballs living flames expire,
And flash incessant like a stream of fire:
He turns the radiant gift: and feeds his mind
On all the immortal artist had design’d.",Ilias
1490,"“Goddess! (he cried,) these glorious arms, that shine
With matchless art, confess the hand divine.
Now to the bloody battle let me bend:
But ah! the relics of my slaughter’d friend!
In those wide wounds through which his spirit fled,
Shall flies, and worms obscene, pollute the dead?”",Ilias
1491,"“That unavailing care be laid aside,
(The azure goddess to her son replied,)
Whole years untouch’d, uninjured shall remain,
Fresh as in life, the carcase of the slain.
But go, Achilles, as affairs require,
Before the Grecian peers renounce thine ire:
Then uncontroll’d in boundless war engage,
And heaven with strength supply the mighty rage!”",Ilias
1492,"
Then in the nostrils of the slain she pour’d
Nectareous drops, and rich ambrosia shower’d
O’er all the corse. The flies forbid their prey,
Untouch’d it rests, and sacred from decay.
Achilles to the strand obedient went:
The shores resounded with the voice he sent.
The heroes heard, and all the naval train
That tend the ships, or guide them o’er the main,
Alarm’d, transported, at the well-known sound,
Frequent and full, the great assembly crown’d;
Studious to see the terror of the plain,
Long lost to battle, shine in arms again.
Tydides and Ulysses first appear,
Lame with their wounds, and leaning on the spear;
These on the sacred seats of council placed,
The king of men, Atrides, came the last:
He too sore wounded by Agenor’s son.
Achilles (rising in the midst) begun:",Ilias
1493,"“O monarch! better far had been the fate
Of thee, of me, of all the Grecian state,
If (ere the day when by mad passion sway’d,
Rash we contended for the black-eyed maid)
Preventing Dian had despatch’d her dart,
And shot the shining mischief to the heart!
Then many a hero had not press’d the shore,
Nor Troy’s glad fields been fatten’d with our gore.
Long, long shall Greece the woes we caused bewail,
And sad posterity repeat the tale.
But this, no more the subject of debate,
Is past, forgotten, and resign’d to fate.
Why should, alas, a mortal man, as I,
Burn with a fury that can never die?
Here then my anger ends: let war succeed,
And even as Greece has bled, let Ilion bleed.
Now call the hosts, and try if in our sight
Troy yet shall dare to camp a second night!
I deem, their mightiest, when this arm he knows,
Shall ’scape with transport, and with joy repose.”",Ilias
1494,"He said: his finish’d wrath with loud acclaim
The Greeks accept, and shout Pelides’ name.
When thus, not rising from his lofty throne,
In state unmoved, the king of men begun:",Ilias
1495,"“O king of nations! whose superior sway
(Returns Achilles) all our hosts obey!
To keep or send the presents, be thy care;
To us, ’tis equal: all we ask is war.
While yet we talk, or but an instant shun
The fight, our glorious work remains undone.
Let every Greek, who sees my spear confound
The Trojan ranks, and deal destruction round,
With emulation, what I act survey,
And learn from thence the business of the day.”",Ilias
1496,"To him the monarch: “Just is thy decree,
Thy words give joy, and wisdom breathes in thee.
Each due atonement gladly I prepare;
And heaven regard me as I justly swear!
Here then awhile let Greece assembled stay,
Nor great Achilles grudge this short delay.
Till from the fleet our presents be convey’d,
And Jove attesting, the firm compact made.
A train of noble youths the charge shall bear;
These to select, Ulysses, be thy care:
In order rank’d let all our gifts appear,
And the fair train of captives close the rear:
Talthybius shall the victim boar convey,
Sacred to Jove, and yon bright orb of day.”",Ilias
1497,"“For this (the stern Æacides replies)
Some less important season may suffice,
When the stern fury of the war is o’er,
And wrath, extinguish’d, burns my breast no more.
By Hector slain, their faces to the sky,
All grim with gaping wounds, our heroes lie:
Those call to war! and might my voice incite,
Now, now, this instant, shall commence the fight:
Then, when the day’s complete, let generous bowls,
And copious banquets, glad your weary souls.
Let not my palate know the taste of food,
Till my insatiate rage be cloy’d with blood:
Pale lies my friend, with wounds disfigured o’er,
And his cold feet are pointed to the door.
Revenge is all my soul! no meaner care,
Interest, or thought, has room to harbour there;
Destruction be my feast, and mortal wounds,
And scenes of blood, and agonizing sounds.”",Ilias
1498,"“Witness thou first! thou greatest power above,
All-good, all-wise, and all-surveying Jove!
And mother-earth, and heaven’s revolving light,
And ye, fell furies of the realms of night,
Who rule the dead, and horrid woes prepare
For perjured kings, and all who falsely swear!
The black-eyed maid inviolate removes,
Pure and unconscious of my manly loves.
If this be false, heaven all its vengeance shed,
And levell’d thunder strike my guilty head!”",Ilias
1499,"With that, his weapon deep inflicts the wound;
The bleeding savage tumbles to the ground;
The sacred herald rolls the victim slain
(A feast for fish) into the foaming main.",Ilias
1500,"Then thus Achilles: “Hear, ye Greeks! and know
Whate’er we feel, ’tis Jove inflicts the woe;
Not else Atrides could our rage inflame,
Nor from my arms, unwilling, force the dame.
’Twas Jove’s high will alone, o’erruling all,
That doom’d our strife, and doom’d the Greeks to fall.
Go then, ye chiefs! indulge the genial rite;
Achilles waits ye, and expects the fight.”",Ilias
1501,"The speedy council at his word adjourn’d:
To their black vessels all the Greeks return’d.
Achilles sought his tent. His train before
March’d onward, bending with the gifts they bore.
Those in the tents the squires industrious spread:
The foaming coursers to the stalls they led;
To their new seats the female captives move.
Briseïs, radiant as the queen of love,
Slow as she pass’d, beheld with sad survey
Where, gash’d with cruel wounds, Patroclus lay.
Prone on the body fell the heavenly fair,
Beat her sad breast, and tore her golden hair;
All beautiful in grief, her humid eyes
Shining with tears she lifts, and thus she cries:",Ilias
1502,"“Ah, youth for ever dear, for ever kind,
Once tender friend of my distracted mind!
I left thee fresh in life, in beauty gay;
Now find thee cold, inanimated clay!
What woes my wretched race of life attend!
Sorrows on sorrows, never doom’d to end!
The first loved consort of my virgin bed
Before these eyes in fatal battle bled:
My three brave brothers in one mournful day
All trod the dark, irremeable way:
Thy friendly hand uprear’d me from the plain,
And dried my sorrows for a husband slain;
Achilles’ care you promised I should prove,
The first, the dearest partner of his love;
That rites divine should ratify the band,
And make me empress in his native land.
Accept these grateful tears! for thee they flow,
For thee, that ever felt another’s woe!”",Ilias
1503,"Her sister captives echoed groan for groan,
Nor mourn’d Patroclus’ fortunes, but their own.
The leaders press’d the chief on every side;
Unmoved he heard them, and with sighs denied.",Ilias
1504,"“If yet Achilles have a friend, whose care
Is bent to please him, this request forbear;
Till yonder sun descend, ah, let me pay
To grief and anguish one abstemious day.”",Ilias
1505,"He spoke, and from the warriors turn’d his face:
Yet still the brother-kings of Atreus’ race.
Nestor, Idomeneus, Ulysses sage,
And Phœnix, strive to calm his grief and rage:
His rage they calm not, nor his grief control;
He groans, he raves, he sorrows from his soul.",Ilias
1506,"Sighing he said: his grief the heroes join’d,
Each stole a tear for what he left behind.
Their mingled grief the sire of heaven survey’d,
And thus with pity to his blue-eyed maid:",Ilias
1507,"“Is then Achilles now no more thy care,
And dost thou thus desert the great in war?
Lo, where yon sails their canvas wings extend,
All comfortless he sits, and wails his friend:
Ere thirst and want his forces have oppress’d,
Haste and infuse ambrosia in his breast.”",Ilias
1508,"He spoke; and sudden, at the word of Jove,
Shot the descending goddess from above.
So swift through ether the shrill harpy springs,
The wide air floating to her ample wings,
To great Achilles she her flight address’d,
And pour’d divine ambrosia in his breast,[259]
With nectar sweet, (refection of the gods!)
Then, swift ascending, sought the bright abodes.",Ilias
1509,"Now issued from the ships the warrior-train,
And like a deluge pour’d upon the plain.
As when the piercing blasts of Boreas blow,
And scatter o’er the fields the driving snow;
From dusky clouds the fleecy winter flies,
Whose dazzling lustre whitens all the skies:
So helms succeeding helms, so shields from shields,
Catch the quick beams, and brighten all the fields;
Broad glittering breastplates, spears with pointed rays,
Mix in one stream, reflecting blaze on blaze;
Thick beats the centre as the coursers bound;
With splendour flame the skies, and laugh the fields around,",Ilias
1510,"Full in the midst, high-towering o’er the rest,
His limbs in arms divine Achilles dress’d;
Arms which the father of the fire bestow’d,
Forged on the eternal anvils of the god.
Grief and revenge his furious heart inspire,
His glowing eyeballs roll with living fire;
He grinds his teeth, and furious with delay
O’erlooks the embattled host, and hopes the bloody day.",Ilias
1511,"The silver cuishes first his thighs infold;
Then o’er his breast was braced the hollow gold;
The brazen sword a various baldric tied,
That, starr’d with gems, hung glittering at his side;
And, like the moon, the broad refulgent shield
Blazed with long rays, and gleam’d athwart the field.",Ilias
1512,"So to night-wandering sailors, pale with fears,
Wide o’er the watery waste, a light appears,
Which on the far-seen mountain blazing high,
Streams from some lonely watch-tower to the sky:
With mournful eyes they gaze, and gaze again;
Loud howls the storm, and drives them o’er the main.",Ilias
1513,"Next, his high head the helmet graced; behind
The sweepy crest hung floating in the wind:
Like the red star, that from his flaming hair
Shakes down diseases, pestilence, and war;
So stream’d the golden honours from his head,
Trembled the sparkling plumes, and the loose glories shed.
The chief beholds himself with wondering eyes;
His arms he poises, and his motions tries;
Buoy’d by some inward force, he seems to swim,
And feels a pinion lifting every limb.",Ilias
1514,"And now he shakes his great paternal spear,
Ponderous and huge, which not a Greek could rear,
From Pelion’s cloudy top an ash entire
Old Chiron fell’d, and shaped it for his sire;
A spear which stern Achilles only wields,
The death of heroes, and the dread of fields.",Ilias
1515,"Automedon and Alcimus prepare
The immortal coursers, and the radiant car;
(The silver traces sweeping at their side;)
Their fiery mouths resplendent bridles tied;
The ivory-studded reins, return’d behind,
Waved o’er their backs, and to the chariot join’d.
The charioteer then whirl’d the lash around,
And swift ascended at one active bound.
All bright in heavenly arms, above his squire
Achilles mounts, and sets the field on fire;
Not brighter Phœbus in the ethereal way
Flames from his chariot, and restores the day.
High o’er the host, all terrible he stands,
And thunders to his steeds these dread commands:",Ilias
1516,"“Xanthus and Balius! of Podarges’ strain,
(Unless ye boast that heavenly race in vain,)
Be swift, be mindful of the load ye bear,
And learn to make your master more your care:
Through falling squadrons bear my slaughtering sword,
Nor, as ye left Patroclus, leave your lord.”",Ilias
1517,"The generous Xanthus, as the words he said,
Seem’d sensible of woe, and droop’d his head:
Trembling he stood before the golden wain,
And bow’d to dust the honours of his mane.
When, strange to tell! (so Juno will’d) he broke
Eternal silence, and portentous spoke.
“Achilles! yes! this day at least we bear
Thy rage in safety through the files of war:
But come it will, the fatal time must come,
Not ours the fault, but God decrees thy doom.
Not through our crime, or slowness in the course,
Fell thy Patroclus, but by heavenly force;
The bright far-shooting god who gilds the day
(Confess’d we saw him) tore his arms away.
No—could our swiftness o’er the winds prevail,
Or beat the pinions of the western gale,
All were in vain—the Fates thy death demand,
Due to a mortal and immortal hand.”",Ilias
1518,"Then ceased for ever, by the Furies tied,
His fateful voice. The intrepid chief replied
With unabated rage—“So let it be!
Portents and prodigies are lost on me.
I know my fate: to die, to see no more
My much-loved parents, and my native shore—
Enough—when heaven ordains, I sink in night:
Now perish Troy!” He said, and rush’d to fight.",Ilias
1519,"
Jupiter, upon Achilles’ return to the battle, calls a council of the
gods, and permits them to assist either party. The terrors of the
combat described, when the deities are engaged. Apollo encourages Æneas
to meet Achilles. After a long conversation, these two heroes
encounter; but Æneas is preserved by the assistance of Neptune.
Achilles falls upon the rest of the Trojans, and is upon the point of
killing Hector, but Apollo conveys him away in a cloud. Achilles
pursues the Trojans with a great slaughter.
    The same day continues. The scene is in the field before Troy.",Ilias
1520,"
Thus round Pelides breathing war and blood
Greece, sheathed in arms, beside her vessels stood;
While near impending from a neighbouring height,
Troy’s black battalions wait the shock of fight.
Then Jove to Themis gives command, to call
The gods to council in the starry hall:
Swift o’er Olympus’ hundred hills she flies,
And summons all the senate of the skies.
These shining on, in long procession come
To Jove’s eternal adamantine dome.
Not one was absent, not a rural power
That haunts the verdant gloom, or rosy bower;
Each fair-hair’d dryad of the shady wood,
Each azure sister of the silver flood;
All but old Ocean, hoary sire! who keeps
His ancient seat beneath the sacred deeps.
On marble thrones, with lucid columns crown’d,
(The work of Vulcan,) sat the powers around.
Even he whose trident sways the watery reign
Heard the loud summons, and forsook the main,
Assumed his throne amid the bright abodes,
And question’d thus the sire of men and gods:",Ilias
1521,"“What moves the god who heaven and earth commands,
And grasps the thunder in his awful hands,
Thus to convene the whole ethereal state?
Is Greece and Troy the subject in debate?
Already met, the louring hosts appear,
And death stands ardent on the edge of war.”",Ilias
1522,"“’Tis true (the cloud-compelling power replies)
This day we call the council of the skies
In care of human race; even Jove’s own eye
Sees with regret unhappy mortals die.
Far on Olympus’ top in secret state
Ourself will sit, and see the hand of fate
Work out our will. Celestial powers! descend,
And as your minds direct, your succour lend
To either host. Troy soon must lie o’erthrown,
If uncontroll’d Achilles fights alone:
Their troops but lately durst not meet his eyes;
What can they now, if in his rage he rise?
Assist them, gods! or Ilion’s sacred wall
May fall this day, though fate forbids the fall.”
He said, and fired their heavenly breasts with rage.",Ilias
1523,"On adverse parts the warring gods engage:
Heaven’s awful queen; and he whose azure round
Girds the vast globe; the maid in arms renown’d;
Hermes, of profitable arts the sire;
And Vulcan, the black sovereign of the fire:
These to the fleet repair with instant flight;
The vessels tremble as the gods alight.
In aid of Troy, Latona, Phœbus came,
Mars fiery-helm’d, the laughter-loving dame,
Xanthus, whose streams in golden currents flow,
And the chaste huntress of the silver bow.
Ere yet the gods their various aid employ,
Each Argive bosom swell’d with manly joy,
While great Achilles (terror of the plain),
Long lost to battle, shone in arms again.
Dreadful he stood in front of all his host;
Pale Troy beheld, and seem’d already lost;
Her bravest heroes pant with inward fear,
And trembling see another god of war.",Ilias
1524,"But when the powers descending swell’d the fight,
Then tumult rose: fierce rage and pale affright
Varied each face: then Discord sounds alarms,
Earth echoes, and the nations rush to arms.
Now through the trembling shores Minerva calls,
And now she thunders from the Grecian walls.
Mars hovering o’er his Troy, his terror shrouds
In gloomy tempests, and a night of clouds:
Now through each Trojan heart he fury pours
With voice divine, from Ilion’s topmost towers:
Now shouts to Simois, from her beauteous hill;
The mountain shook, the rapid stream stood still.",Ilias
1525,"Above, the sire of gods his thunder rolls,
And peals on peals redoubled rend the poles.
Beneath, stern Neptune shakes the solid ground;
The forests wave, the mountains nod around;
Through all their summits tremble Ida’s woods,
And from their sources boil her hundred floods.
Troy’s turrets totter on the rocking plain,
And the toss’d navies beat the heaving main.
Deep in the dismal regions of the dead,[260]
The infernal monarch rear’d his horrid head,
Leap’d from his throne, lest Neptune’s arm should lay
His dark dominions open to the day,
And pour in light on Pluto’s drear abodes,
Abhorr’d by men, and dreadful even to gods.[261]",Ilias
1526,"
Such war the immortals wage; such horrors rend
The world’s vast concave, when the gods contend.
First silver-shafted Phœbus took the plain
Against blue Neptune, monarch of the main.
The god of arms his giant bulk display’d,
Opposed to Pallas, war’s triumphant maid.
Against Latona march’d the son of May.
The quiver’d Dian, sister of the day,
(Her golden arrows sounding at her side,)
Saturnia, majesty of heaven, defied.
With fiery Vulcan last in battle stands
The sacred flood that rolls on golden sands;
Xanthus his name with those of heavenly birth,
But called Scamander by the sons of earth.",Ilias
1527,"While thus the gods in various league engage,
Achilles glow’d with more than mortal rage:
Hector he sought; in search of Hector turn’d
His eyes around, for Hector only burn’d;
And burst like lightning through the ranks, and vow’d
To glut the god of battles with his blood.",Ilias
1528,"Æneas was the first who dared to stay;
Apollo wedged him in the warrior’s way,
But swell’d his bosom with undaunted might,
Half-forced and half-persuaded to the fight.
Like young Lycaon, of the royal line,
In voice and aspect, seem’d the power divine;
And bade the chief reflect, how late with scorn
In distant threats he braved the goddess-born.",Ilias
1529,"Then thus the hero of Anchises’ strain:
“To meet Pelides you persuade in vain:
Already have I met, nor void of fear
Observed the fury of his flying spear;
From Ida’s woods he chased us to the field,
Our force he scattered, and our herds he kill’d;
Lyrnessus, Pedasus in ashes lay;
But (Jove assisting) I survived the day:
Else had I sunk oppress’d in fatal fight
By fierce Achilles and Minerva’s might.
Where’er he moved, the goddess shone before,
And bathed his brazen lance in hostile gore.
What mortal man Achilles can sustain?
The immortals guard him through the dreadful plain,
And suffer not his dart to fall in vain.
Were God my aid, this arm should check his power,
Though strong in battle as a brazen tower.”",Ilias
1530,"To whom the son of Jove: “That god implore,
And be what great Achilles was before.
From heavenly Venus thou deriv’st thy strain,
And he but from a sister of the main;
An aged sea-god father of his line;
But Jove himself the sacred source of thine.
Then lift thy weapon for a noble blow,
Nor fear the vaunting of a mortal foe.”",Ilias
1531,"This said, and spirit breathed into his breast,
Through the thick troops the embolden’d hero press’d:
His venturous act the white-arm’d queen survey’d,
And thus, assembling all the powers, she said:",Ilias
1532,"“Behold an action, gods! that claims your care,
Lo great Æneas rushing to the war!
Against Pelides he directs his course,
Phœbus impels, and Phœbus gives him force.
Restrain his bold career; at least, to attend
Our favour’d hero, let some power descend.
To guard his life, and add to his renown,
We, the great armament of heaven, came down.
Hereafter let him fall, as Fates design,
That spun so short his life’s illustrious line:[262]
But lest some adverse god now cross his way,
Give him to know what powers assist this day:
For how shall mortal stand the dire alarms,
When heaven’s refulgent host appear in arms?”[263]",Ilias
1533,"Thus she; and thus the god whose force can make
The solid globe’s eternal basis shake:
“Against the might of man, so feeble known,
Why should celestial powers exert their own?
Suffice from yonder mount to view the scene,
And leave to war the fates of mortal men.
But if the armipotent, or god of light,
Obstruct Achilles, or commence the fight,
Thence on the gods of Troy we swift descend:
Full soon, I doubt not, shall the conflict end;
And these, in ruin and confusion hurl’d,
Yield to our conquering arms the lower world.”",Ilias
1534,"Thus having said, the tyrant of the sea,
Coerulean Neptune, rose, and led the way.
Advanced upon the field there stood a mound
Of earth congested, wall’d, and trench’d around;
In elder times to guard Alcides made,
(The work of Trojans, with Minerva’s aid,)
What time a vengeful monster of the main
Swept the wide shore, and drove him to the plain.",Ilias
1535,"Here Neptune and the gods of Greece repair,
With clouds encompass’d, and a veil of air:
The adverse powers, around Apollo laid,
Crown the fair hills that silver Simois shade.
In circle close each heavenly party sat,
Intent to form the future scheme of fate;
But mix not yet in fight, though Jove on high
Gives the loud signal, and the heavens reply.",Ilias
1536,"“Lo! on the brink of fate Æneas stands,
An instant victim to Achilles’ hands;
By Phœbus urged; but Phœbus has bestow’d
His aid in vain: the man o’erpowers the god.
And can ye see this righteous chief atone
With guiltless blood for vices not his own?
To all the gods his constant vows were paid;
Sure, though he wars for Troy, he claims our aid.
Fate wills not this; nor thus can Jove resign
The future father of the Dardan line:[266]
The first great ancestor obtain’d his grace,
And still his love descends on all the race:
For Priam now, and Priam’s faithless kind,
At length are odious to the all-seeing mind;
On great Æneas shall devolve the reign,
And sons succeeding sons the lasting line sustain.”",Ilias
1537,"The great earth-shaker thus: to whom replies
The imperial goddess with the radiant eyes:
“Good as he is, to immolate or spare
The Dardan prince, O Neptune! be thy care;
Pallas and I, by all that gods can bind,
Have sworn destruction to the Trojan kind;
Not even an instant to protract their fate,
Or save one member of the sinking state;
Till her last flame be quench’d with her last gore,
And even her crumbling ruins are no more.”",Ilias
1538,"The king of ocean to the fight descends,
Through all the whistling darts his course he bends,
Swift interposed between the warrior flies,
And casts thick darkness o’er Achilles’ eyes.[267]
From great Æneas’ shield the spear he drew,
And at his master’s feet the weapon threw.
That done, with force divine he snatch’d on high
The Dardan prince, and bore him through the sky,
Smooth-gliding without step, above the heads
Of warring heroes, and of bounding steeds:
Till at the battle’s utmost verge they light,
Where the slow Caucans close the rear of fight.
The godhead there (his heavenly form confess’d)
With words like these the panting chief address’d:",Ilias
1539,"“What power, O prince! with force inferior far,
Urged thee to meet Achilles’ arm in war?
Henceforth beware, nor antedate thy doom,
Defrauding fate of all thy fame to come.
But when the day decreed (for come it must)
Shall lay this dreadful hero in the dust,
Let then the furies of that arm be known,
Secure no Grecian force transcends thy own.”",Ilias
1540,"He said: nor less elate with martial joy,
The godlike Hector warm’d the troops of Troy:
“Trojans, to war! Think, Hector leads you on;
Nor dread the vaunts of Peleus’ haughty son.
Deeds must decide our fate. E’en these with words
Insult the brave, who tremble at their swords:
The weakest atheist-wretch all heaven defies,
But shrinks and shudders when the thunder flies.
Nor from yon boaster shall your chief retire,
Not though his heart were steel, his hands were fire;
That fire, that steel, your Hector should withstand,
And brave that vengeful heart, that dreadful hand.”",Ilias
1541,"Thus (breathing rage through all) the hero said;
A wood of lances rises round his head,
Clamours on clamours tempest all the air,
They join, they throng, they thicken to the war.
But Phœbus warns him from high heaven to shun
The single fight with Thetis’ godlike son;
More safe to combat in the mingled band,
Nor tempt too near the terrors of his hand.
He hears, obedient to the god of light,
And, plunged within the ranks, awaits the fight.",Ilias
1542,"Then fierce Achilles, shouting to the skies,
On Troy’s whole force with boundless fury flies.
First falls Iphytion, at his army’s head;
Brave was the chief, and brave the host he led;
From great Otrynteus he derived his blood,
His mother was a Nais, of the flood;
Beneath the shades of Tmolus, crown’d with snow,
From Hyde’s walls he ruled the lands below.
Fierce as he springs, the sword his head divides:
The parted visage falls on equal sides:
With loud-resounding arms he strikes the plain;
While thus Achilles glories o’er the slain:",Ilias
1543,"“Lie there, Otryntides! the Trojan earth
Receives thee dead, though Gygae boast thy birth;
Those beauteous fields where Hyllus’ waves are roll’d,
And plenteous Hermus swells with tides of gold,
Are thine no more.”—The insulting hero said,
And left him sleeping in eternal shade.
The rolling wheels of Greece the body tore,
And dash’d their axles with no vulgar gore.",Ilias
1544,"Hector, undaunted, thus: “Such words employ
To one that dreads thee, some unwarlike boy:
Such we could give, defying and defied,
Mean intercourse of obloquy and pride!
I know thy force to mine superior far;
But heaven alone confers success in war:
Mean as I am, the gods may guide my dart,
And give it entrance in a braver heart.”",Ilias
1545,"Then parts the lance: but Pallas’ heavenly breath
Far from Achilles wafts the winged death:
The bidden dart again to Hector flies,
And at the feet of its great master lies.
Achilles closes with his hated foe,
His heart and eyes with flaming fury glow:
But present to his aid, Apollo shrouds
The favour’d hero in a veil of clouds.
Thrice struck Pelides with indignant heart,
Thrice in impassive air he plunged the dart;
The spear a fourth time buried in the cloud.
He foams with fury, and exclaims aloud:",Ilias
1546,"“Wretch! thou hast ’scaped again; once more thy flight
Has saved thee, and the partial god of light.
But long thou shalt not thy just fate withstand,
If any power assist Achilles’ hand.
Fly then inglorious! but thy flight this day
Whole hecatombs of Trojan ghosts shall pay.”",Ilias
1547,"With that, he gluts his rage on numbers slain:
Then Dryops tumbled to the ensanguined plain,
Pierced through the neck: he left him panting there,
And stopp’d Demuchus, great Philetor’s heir.
Gigantic chief! deep gash’d the enormous blade,
And for the soul an ample passage made.
Laoganus and Dardanus expire,
The valiant sons of an unhappy sire;
Both in one instant from the chariot hurl’d,
Sunk in one instant to the nether world:
This difference only their sad fates afford
That one the spear destroy’d, and one the sword.",Ilias
1548,"Nor less unpitied, young Alastor bleeds;
In vain his youth, in vain his beauty pleads;
In vain he begs thee, with a suppliant’s moan,
To spare a form, an age so like thy own!
Unhappy boy! no prayer, no moving art,
E’er bent that fierce, inexorable heart!
While yet he trembled at his knees, and cried,
The ruthless falchion oped his tender side;
The panting liver pours a flood of gore
That drowns his bosom till he pants no more.",Ilias
1549,"
The Trojans fly before Achilles, some towards the town, others to the
river Scamander: he falls upon the latter with great slaughter: takes
twelve captives alive, to sacrifice to the shade of Patroclus; and
kills Lycaon and Asteropeus. Scamander attacks him with all his waves:
Neptune and Pallas assist the hero: Simois joins Scamander: at length
Vulcan, by the instigation of Juno, almost dries up the river. This
combat ended, the other gods engage each other. Meanwhile Achilles
continues the slaughter, drives the rest into Troy: Agenor only makes a
stand, and is conveyed away in a cloud by Apollo; who (to delude
Achilles) takes upon him Agenor’s shape, and while he pursues him in
that disguise, gives the Trojans an opportunity of retiring into their
city.
    The same day continues. The scene is on the banks and in the stream
    of Scamander.",Ilias
1550,"Thus while he spoke, the Trojan pale with fears
Approach’d, and sought his knees with suppliant tears
Loth as he was to yield his youthful breath,
And his soul shivering at the approach of death.
Achilles raised the spear, prepared to wound;
He kiss’d his feet, extended on the ground:
And while, above, the spear suspended stood,
Longing to dip its thirsty point in blood,
One hand embraced them close, one stopp’d the dart,
While thus these melting words attempt his heart:",Ilias
1551,"“Lie there, Lycaon! let the fish surround
Thy bloated corpse, and suck thy gory wound:
There no sad mother shall thy funerals weep,
But swift Scamander roll thee to the deep,
Whose every wave some watery monster brings,
To feast unpunish’d on the fat of kings.
So perish Troy, and all the Trojan line!
Such ruin theirs, and such compassion mine.
What boots ye now Scamander’s worshipp’d stream,
His earthly honours, and immortal name?
In vain your immolated bulls are slain,
Your living coursers glut his gulfs in vain!
Thus he rewards you, with this bitter fate;
Thus, till the Grecian vengeance is complete:
Thus is atoned Patroclus’ honour’d shade,
And the short absence of Achilles paid.”",Ilias
1552,"These boastful words provoked the raging god;
With fury swells the violated flood.
What means divine may yet the power employ
To check Achilles, and to rescue Troy?
Meanwhile the hero springs in arms, to dare
The great Asteropeus to mortal war;
The son of Pelagon, whose lofty line
Flows from the source of Axius, stream divine!
(Fair Peribaea’s love the god had crown’d,
With all his refluent waters circled round:)
On him Achilles rush’d; he fearless stood,
And shook two spears, advancing from the flood;
The flood impell’d him, on Pelides’ head
To avenge his waters choked with heaps of dead.
Near as they drew, Achilles thus began:",Ilias
1553,"“What art thou, boldest of the race of man?
Who, or from whence? Unhappy is the sire
Whose son encounters our resistless ire.”",Ilias
1554,"“O son of Peleus! what avails to trace
(Replied the warrior) our illustrious race?
From rich Paeonia’s valleys I command,
Arm’d with protended spears, my native band;
Now shines the tenth bright morning since I came
In aid of Ilion to the fields of fame:
Axius, who swells with all the neighbouring rills,
And wide around the floated region fills,
Begot my sire, whose spear much glory won:
Now lift thy arm, and try that hero’s son!”",Ilias
1555,"Threatening he said: the hostile chiefs advance;
At once Asteropeus discharged each lance,
(For both his dexterous hands the lance could wield,)
One struck, but pierced not, the Vulcanian shield;
One razed Achilles’ hand; the spouting blood
Spun forth; in earth the fasten’d weapon stood.
Like lightning next the Pelean javelin flies:
Its erring fury hiss’d along the skies;
Deep in the swelling bank was driven the spear,
Even to the middle earth; and quiver’d there.
Then from his side the sword Pelides drew,
And on his foe with double fury flew.
The foe thrice tugg’d, and shook the rooted wood;
Repulsive of his might the weapon stood:
The fourth, he tries to break the spear in vain;
Bent as he stands, he tumbles to the plain;
His belly open’d with a ghastly wound,
The reeking entrails pour upon the ground.
Beneath the hero’s feet he panting lies,
And his eye darkens, and his spirit flies;
While the proud victor thus triumphing said,
His radiant armour tearing from the dead:",Ilias
1556,"“So ends thy glory! Such the fate they prove,
Who strive presumptuous with the sons of Jove!
Sprung from a river, didst thou boast thy line?
But great Saturnius is the source of mine.
How durst thou vaunt thy watery progeny?
Of Peleus, Æacus, and Jove, am I.
The race of these superior far to those,
As he that thunders to the stream that flows.
What rivers can, Scamander might have shown;
But Jove he dreads, nor wars against his son.
Even Achelous might contend in vain,
And all the roaring billows of the main.
The eternal ocean, from whose fountains flow
The seas, the rivers, and the springs below,
The thundering voice of Jove abhors to hear,
And in his deep abysses shakes with fear.”",Ilias
1557,"He said: then from the bank his javelin tore,
And left the breathless warrior in his gore.
The floating tides the bloody carcase lave,
And beat against it, wave succeeding wave;
Till, roll’d between the banks, it lies the food
Of curling eels, and fishes of the flood.
All scatter’d round the stream (their mightiest slain)
The amazed Pæonians scour along the plain;
He vents his fury on the flying crew,
Thrasius, Astyplus, and Mnesus slew;
Mydon, Thersilochus, with Ænius, fell;
And numbers more his lance had plunged to hell,
But from the bottom of his gulfs profound
Scamander spoke; the shores return’d the sound.",Ilias
1558,"“O first of mortals! (for the gods are thine)
In valour matchless, and in force divine!
If Jove have given thee every Trojan head,
’Tis not on me thy rage should heap the dead.
See! my choked streams no more their course can keep,
Nor roll their wonted tribute to the deep.
Turn then, impetuous! from our injured flood;
Content, thy slaughters could amaze a god.”",Ilias
1559,"In human form, confess’d before his eyes,
The river thus; and thus the chief replies:
“O sacred stream! thy word we shall obey;
But not till Troy the destined vengeance pay,
Not till within her towers the perjured train
Shall pant, and tremble at our arms again;
Not till proud Hector, guardian of her wall,
Or stain this lance, or see Achilles fall.”",Ilias
1560,"He said; and drove with fury on the foe.
Then to the godhead of the silver bow
The yellow flood began: “O son of Jove!
Was not the mandate of the sire above
Full and express, that Phœbus should employ
His sacred arrows in defence of Troy,
And make her conquer, till Hyperion’s fall
In awful darkness hide the face of all?”",Ilias
1561,"Still flies Achilles, but before his eyes
Still swift Scamander rolls where’er he flies:
Not all his speed escapes the rapid floods;
The first of men, but not a match for gods.
Oft as he turn’d the torrent to oppose,
And bravely try if all the powers were foes;
So oft the surge, in watery mountains spread,
Beats on his back, or bursts upon his head.
Yet dauntless still the adverse flood he braves,
And still indignant bounds above the waves.
Tired by the tides, his knees relax with toil;
Wash’d from beneath him slides the slimy soil;
When thus (his eyes on heaven’s expansion thrown)
Forth bursts the hero with an angry groan:",Ilias
1562,"“Is there no god Achilles to befriend,
No power to avert his miserable end?
Prevent, O Jove! this ignominious date,[271]
And make my future life the sport of fate.
Of all heaven’s oracles believed in vain,
But most of Thetis must her son complain;
By Phœbus’ darts she prophesied my fall,
In glorious arms before the Trojan wall.
Oh! had I died in fields of battle warm,
Stretch’d like a hero, by a hero’s arm!
Might Hector’s spear this dauntless bosom rend,
And my swift soul o’ertake my slaughter’d friend.
Ah no! Achilles meets a shameful fate,
Oh how unworthy of the brave and great!
Like some vile swain, whom on a rainy day,
Crossing a ford, the torrent sweeps away,
An unregarded carcase to the sea.”",Ilias
1563,"Neptune and Pallas haste to his relief,
And thus in human form address’d the chief:
The power of ocean first: “Forbear thy fear,
O son of Peleus! Lo, thy gods appear!
Behold! from Jove descending to thy aid,
Propitious Neptune, and the blue-eyed maid.
Stay, and the furious flood shall cease to rave
’Tis not thy fate to glut his angry wave.
But thou, the counsel heaven suggests, attend!
Nor breathe from combat, nor thy sword suspend,
Till Troy receive her flying sons, till all
Her routed squadrons pant behind their wall:
Hector alone shall stand his fatal chance,
And Hector’s blood shall smoke upon thy lance.
Thine is the glory doom’d.” Thus spake the gods:
Then swift ascended to the bright abodes.",Ilias
1564,"Stung with new ardour, thus by heaven impell’d,
He springs impetuous, and invades the field:
O’er all the expanded plain the waters spread;
Heaved on the bounding billows danced the dead,
Floating ’midst scatter’d arms; while casques of gold
And turn’d-up bucklers glitter’d as they roll’d.
High o’er the surging tide, by leaps and bounds,
He wades, and mounts; the parted wave resounds.
Not a whole river stops the hero’s course,
While Pallas fills him with immortal force.
With equal rage, indignant Xanthus roars,
And lifts his billows, and o’erwhelms his shores.",Ilias
1565,"Then thus to Simois! “Haste, my brother flood;
And check this mortal that controls a god;
Our bravest heroes else shall quit the fight,
And Ilion tumble from her towery height.
Call then thy subject streams, and bid them roar,
From all thy fountains swell thy watery store,
With broken rocks, and with a load of dead,
Charge the black surge, and pour it on his head.
Mark how resistless through the floods he goes,
And boldly bids the warring gods be foes!
But nor that force, nor form divine to sight,
Shall aught avail him, if our rage unite:
Whelm’d under our dark gulfs those arms shall lie,
That blaze so dreadful in each Trojan eye;
And deep beneath a sandy mountain hurl’d,
Immersed remain this terror of the world.
Such ponderous ruin shall confound the place,
No Greeks shall e’er his perish’d relics grace,
No hand his bones shall gather, or inhume;
These his cold rites, and this his watery tomb.”",Ilias
1566,"
He said; and on the chief descends amain,
Increased with gore, and swelling with the slain.
Then, murmuring from his beds, he boils, he raves,
And a foam whitens on the purple waves:
At every step, before Achilles stood
The crimson surge, and deluged him with blood.
Fear touch’d the queen of heaven: she saw dismay’d,
She call’d aloud, and summon’d Vulcan’s aid.",Ilias
1567,"“Rise to the war! the insulting flood requires
Thy wasteful arm! assemble all thy fires!
While to their aid, by our command enjoin’d,
Rush the swift eastern and the western wind:
These from old ocean at my word shall blow,
Pour the red torrent on the watery foe,
Corses and arms to one bright ruin turn,
And hissing rivers to their bottoms burn.
Go, mighty in thy rage! display thy power,
Drink the whole flood, the crackling trees devour.
Scorch all the banks! and (till our voice reclaim)
Exert the unwearied furies of the flame!”",Ilias
1568,"The power ignipotent her word obeys:
Wide o’er the plain he pours the boundless blaze;
At once consumes the dead, and dries the soil
And the shrunk waters in their channel boil.
As when autumnal Boreas sweeps the sky,
And instant blows the water’d gardens dry:
So look’d the field, so whiten’d was the ground,
While Vulcan breathed the fiery blast around.
Swift on the sedgy reeds the ruin preys;
Along the margin winds the running blaze:
The trees in flaming rows to ashes turn,
The flowering lotos and the tamarisk burn,
Broad elm, and cypress rising in a spire;
The watery willows hiss before the fire.
Now glow the waves, the fishes pant for breath,
The eels lie twisting in the pangs of death:
Now flounce aloft, now dive the scaly fry,
Or, gasping, turn their bellies to the sky.
At length the river rear’d his languid head,
And thus, short-panting, to the god he said:",Ilias
1569,"“Oh Vulcan! oh! what power resists thy might?
I faint, I sink, unequal to the fight—
I yield—Let Ilion fall; if fate decree—
Ah—bend no more thy fiery arms on me!”",Ilias
1570,"He ceased; wide conflagration blazing round;
The bubbling waters yield a hissing sound.
As when the flames beneath a cauldron rise,[272]
To melt the fat of some rich sacrifice,
Amid the fierce embrace of circling fires
The waters foam, the heavy smoke aspires:
So boils the imprison’d flood, forbid to flow,
And choked with vapours feels his bottom glow.
To Juno then, imperial queen of air,
The burning river sends his earnest prayer:",Ilias
1571,"“Ah why, Saturnia; must thy son engage
Me, only me, with all his wasteful rage?
On other gods his dreadful arm employ,
For mightier gods assert the cause of Troy.
Submissive I desist, if thou command;
But ah! withdraw this all-destroying hand.
Hear then my solemn oath, to yield to fate
Unaided Ilion, and her destined state,
Till Greece shall gird her with destructive flame,
And in one ruin sink the Trojan name.”",Ilias
1572,"His warm entreaty touch’d Saturnia’s ear:
She bade the ignipotent his rage forbear,
Recall the flame, nor in a mortal cause
Infest a god: the obedient flame withdraws:
Again the branching streams begin to spread,
And soft remurmur in their wonted bed.",Ilias
1573,"While these by Juno’s will the strife resign,
The warring gods in fierce contention join:
Rekindling rage each heavenly breast alarms:
With horrid clangour shock the ethereal arms:
Heaven in loud thunder bids the trumpet sound;
And wide beneath them groans the rending ground.
Jove, as his sport, the dreadful scene descries,
And views contending gods with careless eyes.
The power of battles lifts his brazen spear,
And first assaults the radiant queen of war:",Ilias
1574,"“What moved thy madness, thus to disunite
Ethereal minds, and mix all heaven in fight?
What wonder this, when in thy frantic mood
Thou drovest a mortal to insult a god?
Thy impious hand Tydides’ javelin bore,
And madly bathed it in celestial gore.”",Ilias
1575,"He spoke, and smote the long-resounding shield,
Which bears Jove’s thunder on its dreadful field:
The adamantine ægis of her sire,
That turns the glancing bolt and forked fire.",Ilias
1576,"Then heaved the goddess in her mighty hand
A stone, the limit of the neighbouring land,
There fix’d from eldest times; black, craggy, vast;
This at the heavenly homicide she cast.
Thundering he falls, a mass of monstrous size:
And seven broad acres covers as he lies.
The stunning stroke his stubborn nerves unbound:
Loud o’er the fields his ringing arms resound:
The scornful dame her conquest views with smiles,
And, glorying, thus the prostrate god reviles:",Ilias
1577,"“Hast thou not yet, insatiate fury! known
How far Minerva’s force transcends thy own?
Juno, whom thou rebellious darest withstand,
Corrects thy folly thus by Pallas’ hand;
Thus meets thy broken faith with just disgrace,
And partial aid to Troy’s perfidious race.”",Ilias
1578,"The goddess spoke, and turn’d her eyes away,
That, beaming round, diffused celestial day.
Jove’s Cyprian daughter, stooping on the land,
Lent to the wounded god her tender hand:
Slowly he rises, scarcely breathes with pain,
And, propp’d on her fair arm, forsakes the plain.
This the bright empress of the heavens survey’d,
And, scoffing, thus to war’s victorious maid:",Ilias
1579,"“Lo! what an aid on Mars’s side is seen!
The smiles’ and loves’ unconquerable queen!
Mark with what insolence, in open view,
She moves: let Pallas, if she dares, pursue.”",Ilias
1580,"Minerva smiling heard, the pair o’ertook,
And slightly on her breast the wanton strook:
She, unresisting, fell (her spirits fled);
On earth together lay the lovers spread.
“And like these heroes be the fate of all
(Minerva cries) who guard the Trojan wall!
To Grecian gods such let the Phrygian be,
So dread, so fierce, as Venus is to me;
Then from the lowest stone shall Troy be moved.”
Thus she, and Juno with a smile approved.",Ilias
1581,"Apollo thus: “To combat for mankind
Ill suits the wisdom of celestial mind;
For what is man? Calamitous by birth,
They owe their life and nourishment to earth;
Like yearly leaves, that now, with beauty crown’d,
Smile on the sun; now, wither on the ground.
To their own hands commit the frantic scene,
Nor mix immortals in a cause so mean.”",Ilias
1582,"Then turns his face, far-beaming heavenly fires,
And from the senior power submiss retires:
Him thus retreating, Artemis upbraids,
The quiver’d huntress of the sylvan shades:",Ilias
1583,"“And is it thus the youthful Phœbus flies,
And yields to ocean’s hoary sire the prize?
How vain that martial pomp, and dreadful show
Of pointed arrows and the silver bow!
Now boast no more in yon celestial bower,
Thy force can match the great earth-shaking power.”",Ilias
1584,"To her Latona hastes with tender care;
Whom Hermes viewing, thus declines the war:
“How shall I face the dame, who gives delight
To him whose thunders blacken heaven with night?
Go, matchless goddess! triumph in the skies,
And boast my conquest, while I yield the prize.”",Ilias
1585,"He spoke; and pass’d: Latona, stooping low,
Collects the scatter’d shafts and fallen bow,
That, glittering on the dust, lay here and there
Dishonour’d relics of Diana’s war:
Then swift pursued her to her blest abode,
Where, all confused, she sought the sovereign god;
Weeping, she grasp’d his knees: the ambrosial vest
Shook with her sighs, and panted on her breast.",Ilias
1586,"The sire superior smiled, and bade her show
What heavenly hand had caused his daughter’s woe?
Abash’d, she names his own imperial spouse;
And the pale crescent fades upon her brows.",Ilias
1587,"Thus they above: while, swiftly gliding down,
Apollo enters Ilion’s sacred town;
The guardian-god now trembled for her wall,
And fear’d the Greeks, though fate forbade her fall.
Back to Olympus, from the war’s alarms,
Return the shining bands of gods in arms;
Some proud in triumph, some with rage on fire;
And take their thrones around the ethereal sire.",Ilias
1588,"Through blood, through death, Achilles still proceeds,
O’er slaughter’d heroes, and o’er rolling steeds.
As when avenging flames with fury driven
On guilty towns exert the wrath of heaven;
The pale inhabitants, some fall, some fly;
And the red vapours purple all the sky:
So raged Achilles: death and dire dismay,
And toils, and terrors, fill’d the dreadful day.",Ilias
1589,"High on a turret hoary Priam stands,
And marks the waste of his destructive hands;
Views, from his arm, the Trojans’ scatter’d flight,
And the near hero rising on his sight!
No stop, no check, no aid! With feeble pace,
And settled sorrow on his aged face,
Fast as he could, he sighing quits the walls;
And thus descending, on the guards he calls:",Ilias
1590,"“You to whose care our city-gates belong,
Set wide your portals to the flying throng:
For lo! he comes, with unresisted sway;
He comes, and desolation marks his way!
But when within the walls our troops take breath,
Lock fast the brazen bars, and shut out death.”
Thus charged the reverend monarch: wide were flung
The opening folds; the sounding hinges rung.
Phœbus rush’d forth, the flying bands to meet;
Struck slaughter back, and cover’d the retreat,
On heaps the Trojans crowd to gain the gate,
And gladsome see their last escape from fate.
Thither, all parch’d with thirst, a heartless train,
Hoary with dust, they beat the hollow plain:
And gasping, panting, fainting, labour on
With heavier strides, that lengthen toward the town.
Enraged Achilles follows with his spear;
Wild with revenge, insatiable of war.",Ilias
1591,"Then had the Greeks eternal praise acquired,
And Troy inglorious to her walls retired;
But he, the god who darts ethereal flame,
Shot down to save her, and redeem her fame:
To young Agenor force divine he gave;
(Antenor’s offspring, haughty, bold, and brave;)
In aid of him, beside the beech he sate,
And wrapt in clouds, restrain’d the hand of fate.
When now the generous youth Achilles spies,
Thick beats his heart, the troubled motions rise.
(So, ere a storm, the waters heave and roll.)
He stops, and questions thus his mighty soul;",Ilias
1592,"He said, and stood, collected, in his might;
And all his beating bosom claim’d the fight.
So from some deep-grown wood a panther starts,
Roused from his thicket by a storm of darts:
Untaught to fear or fly, he hears the sounds
Of shouting hunters, and of clamorous hounds;
Though struck, though wounded, scarce perceives the pain;
And the barb’d javelin stings his breast in vain:
On their whole war, untamed, the savage flies;
And tears his hunter, or beneath him dies.
Not less resolved, Antenor’s valiant heir
Confronts Achilles, and awaits the war,
Disdainful of retreat: high held before,
His shield (a broad circumference) he bore;
Then graceful as he stood, in act to throw
The lifted javelin, thus bespoke the foe:",Ilias
1593,"“How proud Achilles glories in his fame!
And hopes this day to sink the Trojan name
Beneath her ruins! Know, that hope is vain;
A thousand woes, a thousand toils remain.
Parents and children our just arms employ,
And strong and many are the sons of Troy.
Great as thou art, even thou may’st stain with gore
These Phrygian fields, and press a foreign shore.”",Ilias
1594,"
Thus to their bulwarks, smit with panic fear,
The herded Ilians rush like driven deer:
There safe they wipe the briny drops away,
And drown in bowls the labours of the day.
Close to the walls, advancing o’er the fields
Beneath one roof of well-compacted shields,
March, bending on, the Greeks’ embodied powers,
Far stretching in the shade of Trojan towers.
Great Hector singly stay’d: chain’d down by fate
There fix’d he stood before the Scæan gate;
Still his bold arms determined to employ,
The guardian still of long-defended Troy.",Ilias
1595,"Apollo now to tired Achilles turns:
(The power confess’d in all his glory burns:)
“And what (he cries) has Peleus’ son in view,
With mortal speed a godhead to pursue?
For not to thee to know the gods is given,
Unskill’d to trace the latent marks of heaven.
What boots thee now, that Troy forsook the plain?
Vain thy past labour, and thy present vain:
Safe in their walls are now her troops bestow’d,
While here thy frantic rage attacks a god.”",Ilias
1596,"The chief incensed—“Too partial god of day!
To check my conquests in the middle way:
How few in Ilion else had refuge found!
What gasping numbers now had bit the ground!
Thou robb’st me of a glory justly mine,
Powerful of godhead, and of fraud divine:
Mean fame, alas! for one of heavenly strain,
To cheat a mortal who repines in vain.”",Ilias
1597,"Then to the city, terrible and strong,
With high and haughty steps he tower’d along,
So the proud courser, victor of the prize,
To the near goal with double ardour flies.
Him, as he blazing shot across the field,
The careful eyes of Priam first beheld.
Not half so dreadful rises to the sight,[274]
Through the thick gloom of some tempestuous night,
Orion’s dog (the year when autumn weighs),
And o’er the feebler stars exerts his rays;
Terrific glory! for his burning breath
Taints the red air with fevers, plagues, and death.
So flamed his fiery mail. Then wept the sage:
He strikes his reverend head, now white with age;
He lifts his wither’d arms; obtests the skies;
He calls his much-loved son with feeble cries:
The son, resolved Achilles’ force to dare,
Full at the Scæan gates expects the war;
While the sad father on the rampart stands,
And thus adjures him with extended hands:",Ilias
1598,"He said, and acting what no words could say,
Rent from his head the silver locks away.
With him the mournful mother bears a part;
Yet all her sorrows turn not Hector’s heart.
The zone unbraced, her bosom she display’d;
And thus, fast-falling the salt tears, she said:",Ilias
1599,"“Have mercy on me, O my son! revere
The words of age; attend a parent’s prayer!
If ever thee in these fond arms I press’d,
Or still’d thy infant clamours at this breast;
Ah do not thus our helpless years forego,
But, by our walls secured, repel the foe.
Against his rage if singly thou proceed,
Should’st thou, (but Heaven avert it!) should’st thou bleed,
Nor must thy corse lie honour’d on the bier,
Nor spouse, nor mother, grace thee with a tear!
Far from our pious rites those dear remains
Must feast the vultures on the naked plains.”",Ilias
1600,"So they, while down their cheeks the torrents roll;
But fix’d remains the purpose of his soul;
Resolved he stands, and with a fiery glance
Expects the hero’s terrible advance.
So, roll’d up in his den, the swelling snake
Beholds the traveller approach the brake;
When fed with noxious herbs his turgid veins
Have gather’d half the poisons of the plains;
He burns, he stiffens with collected ire,
And his red eyeballs glare with living fire.
Beneath a turret, on his shield reclined,
He stood, and question’d thus his mighty mind:[275]",Ilias
1601,"“Unworthy sight! the man beloved of heaven,
Behold, inglorious round yon city driven!
My heart partakes the generous Hector’s pain;
Hector, whose zeal whole hecatombs has slain,
Whose grateful fumes the gods received with joy,
From Ida’s summits, and the towers of Troy:
Now see him flying; to his fears resign’d,
And fate, and fierce Achilles, close behind.
Consult, ye powers! (’tis worthy your debate)
Whether to snatch him from impending fate,
Or let him bear, by stern Pelides slain,
(Good as he is) the lot imposed on man.”",Ilias
1602,"Then Pallas thus: “Shall he whose vengeance forms
The forky bolt, and blackens heaven with storms,
Shall he prolong one Trojan’s forfeit breath?
A man, a mortal, pre-ordain’d to death!
And will no murmurs fill the courts above?
No gods indignant blame their partial Jove?”",Ilias
1603,"“Go then (return’d the sire) without delay,
Exert thy will: I give the Fates their way.”
Swift at the mandate pleased Tritonia flies,
And stoops impetuous from the cleaving skies.",Ilias
1604,"As through the forest, o’er the vale and lawn,
The well-breath’d beagle drives the flying fawn,
In vain he tries the covert of the brakes,
Or deep beneath the trembling thicket shakes;
Sure of the vapour in the tainted dews,
The certain hound his various maze pursues.
Thus step by step, where’er the Trojan wheel’d,
There swift Achilles compass’d round the field.
Oft as to reach the Dardan gates he bends,
And hopes the assistance of his pitying friends,
(Whose showering arrows, as he coursed below,
From the high turrets might oppress the foe,)
So oft Achilles turns him to the plain:
He eyes the city, but he eyes in vain.
As men in slumbers seem with speedy pace,
One to pursue, and one to lead the chase,
Their sinking limbs the fancied course forsake,
Nor this can fly, nor that can overtake:
No less the labouring heroes pant and strain:
While that but flies, and this pursues in vain.",Ilias
1605,"What god, O muse, assisted Hector’s force
With fate itself so long to hold the course?
Phœbus it was; who, in his latest hour,
Endued his knees with strength, his nerves with power:
And great Achilles, lest some Greek’s advance
Should snatch the glory from his lifted lance,
Sign’d to the troops to yield his foe the way,
And leave untouch’d the honours of the day.",Ilias
1606,"Jove lifts the golden balances, that show
The fates of mortal men, and things below:
Here each contending hero’s lot he tries,
And weighs, with equal hand, their destinies.
Low sinks the scale surcharged with Hector’s fate;
Heavy with death it sinks, and hell receives the weight.",Ilias
1607,"Then Phœbus left him. Fierce Minerva flies
To stern Pelides, and triumphing, cries:
“O loved of Jove! this day our labours cease,
And conquest blazes with full beams on Greece.
Great Hector falls; that Hector famed so far,
Drunk with renown, insatiable of war,
Falls by thy hand, and mine! nor force, nor flight,
Shall more avail him, nor his god of light.
See, where in vain he supplicates above,
Roll’d at the feet of unrelenting Jove;
Rest here: myself will lead the Trojan on,
And urge to meet the fate he cannot shun.”",Ilias
1608,"Her voice divine the chief with joyful mind
Obey’d; and rested, on his lance reclined
While like Deiphobus the martial dame
(Her face, her gesture, and her arms the same),
In show an aid, by hapless Hector’s side
Approach’d, and greets him thus with voice belied:",Ilias
1609,"“Too long, O Hector! have I borne the sight
Of this distress, and sorrow’d in thy flight:
It fits us now a noble stand to make,
And here, as brothers, equal fates partake.”",Ilias
1610,"Then he: “O prince! allied in blood and fame,
Dearer than all that own a brother’s name;
Of all that Hecuba to Priam bore,
Long tried, long loved: much loved, but honoured more!
Since you, of all our numerous race alone
Defend my life, regardless of your own.”",Ilias
1611,"Again the goddess: “Much my father’s prayer,
And much my mother’s, press’d me to forbear:
My friends embraced my knees, adjured my stay,
But stronger love impell’d, and I obey.
Come then, the glorious conflict let us try,
Let the steel sparkle, and the javelin fly;
Or let us stretch Achilles on the field,
Or to his arm our bloody trophies yield.”",Ilias
1612,"Fraudful she said; then swiftly march’d before:
The Dardan hero shuns his foe no more.
Sternly they met. The silence Hector broke:
His dreadful plumage nodded as he spoke:",Ilias
1613,"“Enough, O son of Peleus! Troy has view’d
Her walls thrice circled, and her chief pursued.
But now some god within me bids me try
Thine, or my fate: I kill thee, or I die.
Yet on the verge of battle let us stay,
And for a moment’s space suspend the day;
Let Heaven’s high powers be call’d to arbitrate
The just conditions of this stern debate,
(Eternal witnesses of all below,
And faithful guardians of the treasured vow!)
To them I swear; if, victor in the strife,
Jove by these hands shall shed thy noble life,
No vile dishonour shall thy corse pursue;
Stripp’d of its arms alone (the conqueror’s due)
The rest to Greece uninjured I’ll restore:
Now plight thy mutual oath, I ask no more.”",Ilias
1614,"“Talk not of oaths (the dreadful chief replies,
While anger flash’d from his disdainful eyes),
Detested as thou art, and ought to be,
Nor oath nor pact Achilles plights with thee:
Such pacts as lambs and rabid wolves combine,
Such leagues as men and furious lions join,
To such I call the gods! one constant state
Of lasting rancour and eternal hate:
No thought but rage, and never-ceasing strife,
Till death extinguish rage, and thought, and life.
Rouse then thy forces this important hour,
Collect thy soul, and call forth all thy power.
No further subterfuge, no further chance;
’Tis Pallas, Pallas gives thee to my lance.
Each Grecian ghost, by thee deprived of breath,
Now hovers round, and calls thee to thy death.”",Ilias
1615,"He spoke, and launch’d his javelin at the foe;
But Hector shunn’d the meditated blow:
He stoop’d, while o’er his head the flying spear
Sang innocent, and spent its force in air.
Minerva watch’d it falling on the land,
Then drew, and gave to great Achilles’ hand,
Unseen of Hector, who, elate with joy,
Now shakes his lance, and braves the dread of Troy.",Ilias
1616,"“The life you boasted to that javelin given,
Prince! you have miss’d. My fate depends on Heaven,
To thee, presumptuous as thou art, unknown,
Or what must prove my fortune, or thy own.
Boasting is but an art, our fears to blind,
And with false terrors sink another’s mind.
But know, whatever fate I am to try,
By no dishonest wound shall Hector die.
I shall not fall a fugitive at least,
My soul shall bravely issue from my breast.
But first, try thou my arm; and may this dart
End all my country’s woes, deep buried in thy heart.”",Ilias
1617,"The weapon flew, its course unerring held,
Unerring, but the heavenly shield repell’d
The mortal dart; resulting with a bound
From off the ringing orb, it struck the ground.
Hector beheld his javelin fall in vain,
Nor other lance, nor other hope remain;
He calls Deiphobus, demands a spear—
In vain, for no Deiphobus was there.
All comfortless he stands: then, with a sigh;
“’Tis so—Heaven wills it, and my hour is nigh!
I deem’d Deiphobus had heard my call,
But he secure lies guarded in the wall.
A god deceived me; Pallas, ’twas thy deed,
Death and black fate approach! ’tis I must bleed.
No refuge now, no succour from above,
Great Jove deserts me, and the son of Jove,
Propitious once, and kind! Then welcome fate!
’Tis true I perish, yet I perish great:
Yet in a mighty deed I shall expire,
Let future ages hear it, and admire!”",Ilias
1618,"“At last is Hector stretch’d upon the plain,
Who fear’d no vengeance for Patroclus slain:
Then, prince! you should have fear’d, what now you feel;
Achilles absent was Achilles still:
Yet a short space the great avenger stayed,
Then low in dust thy strength and glory laid.
Peaceful he sleeps, with all our rites adorn’d,
For ever honour’d, and for ever mourn’d:
While cast to all the rage of hostile power,
Thee birds shall mangle, and the gods devour.”",Ilias
1619,"Then Hector, fainting at the approach of death:
“By thy own soul! by those who gave thee breath!
By all the sacred prevalence of prayer;
Ah, leave me not for Grecian dogs to tear!
The common rites of sepulture bestow,
To soothe a father’s and a mother’s woe:
Let their large gifts procure an urn at least,
And Hector’s ashes in his country rest.”",Ilias
1620,"“No, wretch accursed! relentless he replies;
(Flames, as he spoke, shot flashing from his eyes;)
Not those who gave me breath should bid me spare,
Nor all the sacred prevalence of prayer.
Could I myself the bloody banquet join!
No—to the dogs that carcase I resign.
Should Troy, to bribe me, bring forth all her store,
And giving thousands, offer thousands more;
Should Dardan Priam, and his weeping dame,
Drain their whole realm to buy one funeral flame:
Their Hector on the pile they should not see,
Nor rob the vultures of one limb of thee.”",Ilias
1621,"Then thus the chief his dying accents drew:
“Thy rage, implacable! too well I knew:
The Furies that relentless breast have steel’d,
And cursed thee with a heart that cannot yield.
Yet think, a day will come, when fate’s decree
And angry gods shall wreak this wrong on thee;
Phœbus and Paris shall avenge my fate,
And stretch thee here before the Scæan gate.”[278]",Ilias
1622,"He ceased. The Fates suppress’d his labouring breath,
And his eyes stiffen’d at the hand of death;
To the dark realm the spirit wings its way,
(The manly body left a load of clay,)
And plaintive glides along the dreary coast,
A naked, wandering, melancholy ghost!",Ilias
1623,"Achilles, musing as he roll’d his eyes
O’er the dead hero, thus unheard, replies:
“Die thou the first! When Jove and heaven ordain,
I follow thee”—He said, and stripp’d the slain.
Then forcing backward from the gaping wound
The reeking javelin, cast it on the ground.
The thronging Greeks behold with wondering eyes
His manly beauty and superior size;
While some, ignobler, the great dead deface
With wounds ungenerous, or with taunts disgrace:",Ilias
1624,"Then his fell soul a thought of vengeance bred;
(Unworthy of himself, and of the dead;)
The nervous ancles bored, his feet he bound
With thongs inserted through the double wound;
These fix’d up high behind the rolling wain,
His graceful head was trail’d along the plain.
Proud on his car the insulting victor stood,
And bore aloft his arms, distilling blood.
He smites the steeds; the rapid chariot flies;
The sudden clouds of circling dust arise.
Now lost is all that formidable air;
The face divine, and long-descending hair,
Purple the ground, and streak the sable sand;
Deform’d, dishonour’d, in his native land,
Given to the rage of an insulting throng,
And, in his parents’ sight, now dragg’d along!",Ilias
1625,"Amidst her matrons Hecuba appears:
(A mourning princess, and a train in tears;)
“Ah why has Heaven prolong’d this hated breath,
Patient of horrors, to behold thy death?
O Hector! late thy parents’ pride and joy,
The boast of nations! the defence of Troy!
To whom her safety and her fame she owed;
Her chief, her hero, and almost her god!
O fatal change! become in one sad day
A senseless corse! inanimated clay!”",Ilias
1626,"But not as yet the fatal news had spread
To fair Andromache, of Hector dead;
As yet no messenger had told his fate,
Not e’en his stay without the Scæan gate.
Far in the close recesses of the dome,
Pensive she plied the melancholy loom;
A growing work employ’d her secret hours,
Confusedly gay with intermingled flowers.
Her fair-haired handmaids heat the brazen urn,
The bath preparing for her lord’s return
In vain; alas! her lord returns no more;
Unbathed he lies, and bleeds along the shore!
Now from the walls the clamours reach her ear,
And all her members shake with sudden fear:
Forth from her ivory hand the shuttle falls,
And thus, astonish’d, to her maids she calls:",Ilias
1627,"
“Ah follow me! (she cried) what plaintive noise
Invades my ear? ’Tis sure my mother’s voice.
My faltering knees their trembling frame desert,
A pulse unusual flutters at my heart;
Some strange disaster, some reverse of fate
(Ye gods avert it!) threats the Trojan state.
Far be the omen which my thoughts suggest!
But much I fear my Hector’s dauntless breast
Confronts Achilles; chased along the plain,
Shut from our walls! I fear, I fear him slain!
Safe in the crowd he ever scorn’d to wait,
And sought for glory in the jaws of fate:
Perhaps that noble heat has cost his breath,
Now quench’d for ever in the arms of death.”",Ilias
1628,"She spoke: and furious, with distracted pace,
Fears in her heart, and anguish in her face,
Flies through the dome (the maids her steps pursue),
And mounts the walls, and sends around her view.
Too soon her eyes the killing object found,
The godlike Hector dragg’d along the ground.
A sudden darkness shades her swimming eyes:
She faints, she falls; her breath, her colour flies.
Her hair’s fair ornaments, the braids that bound,
The net that held them, and the wreath that crown’d,
The veil and diadem flew far away
(The gift of Venus on her bridal day).
Around a train of weeping sisters stands,
To raise her sinking with assistant hands.
Scarce from the verge of death recall’d, again
She faints, or but recovers to complain.",Ilias
1629,"
Thus humbled in the dust, the pensive train
Through the sad city mourn’d her hero slain.
The body soil’d with dust, and black with gore,
Lies on broad Hellespont’s resounding shore.
The Grecians seek their ships, and clear the strand,
All, but the martial Myrmidonian band:
These yet assembled great Achilles holds,
And the stern purpose of his mind unfolds:",Ilias
1630,"“Not yet, my brave companions of the war,
Release your smoking coursers from the car;
But, with his chariot each in order led,
Perform due honours to Patroclus dead.
Ere yet from rest or food we seek relief,
Some rites remain, to glut our rage of grief.”",Ilias
1631,"The troops obey’d; and thrice in order led[281]
(Achilles first) their coursers round the dead;
And thrice their sorrows and laments renew;
Tears bathe their arms, and tears the sands bedew.
For such a warrior Thetis aids their woe,
Melts their strong hearts, and bids their eyes to flow.
But chief, Pelides: thick-succeeding sighs
Burst from his heart, and torrents from his eyes:
His slaughtering hands, yet red with blood, he laid
On his dead friend’s cold breast, and thus he said:",Ilias
1632,"“All hail, Patroclus! let thy honour’d ghost
Hear, and rejoice on Pluto’s dreary coast;
Behold! Achilles’ promise is complete;
The bloody Hector stretch’d before thy feet.
Lo! to the dogs his carcase I resign;
And twelve sad victims, of the Trojan line,
Sacred to vengeance, instant shall expire;
Their lives effused around thy funeral pyre.”",Ilias
1633,"Gloomy he said, and (horrible to view)
Before the bier the bleeding Hector threw,
Prone on the dust. The Myrmidons around
Unbraced their armour, and the steeds unbound.
All to Achilles’ sable ship repair,
Frequent and full, the genial feast to share.
Now from the well-fed swine black smokes aspire,
The bristly victims hissing o’er the fire:
The huge ox bellowing falls; with feebler cries
Expires the goat; the sheep in silence dies.
Around the hero’s prostrate body flow’d,
In one promiscuous stream, the reeking blood.
And now a band of Argive monarchs brings
The glorious victor to the king of kings.
From his dead friend the pensive warrior went,
With steps unwilling, to the regal tent.
The attending heralds, as by office bound,
With kindled flames the tripod-vase surround:
To cleanse his conquering hands from hostile gore,
They urged in vain; the chief refused, and swore:[282]",Ilias
1634,"“No drop shall touch me, by almighty Jove!
The first and greatest of the gods above!
Till on the pyre I place thee; till I rear
The grassy mound, and clip thy sacred hair.
Some ease at least those pious rites may give,
And soothe my sorrows, while I bear to live.
Howe’er, reluctant as I am, I stay
And share your feast; but with the dawn of day,
(O king of men!) it claims thy royal care,
That Greece the warrior’s funeral pile prepare,
And bid the forests fall: (such rites are paid
To heroes slumbering in eternal shade:)
Then, when his earthly part shall mount in fire,
Let the leagued squadrons to their posts retire.”",Ilias
1635,"“And is it thou? (he answers) To my sight[283]
Once more return’st thou from the realms of night?
O more than brother! Think each office paid,
Whate’er can rest a discontented shade;
But grant one last embrace, unhappy boy!
Afford at least that melancholy joy.”",Ilias
1636,"He said, and with his longing arms essay’d
In vain to grasp the visionary shade!
Like a thin smoke he sees the spirit fly,[284]
And hears a feeble, lamentable cry.
Confused he wakes; amazement breaks the bands
Of golden sleep, and starting from the sands,
Pensive he muses with uplifted hands:",Ilias
1637,"“’Tis true, ’tis certain; man, though dead, retains
Part of himself; the immortal mind remains:
The form subsists without the body’s aid,
Aerial semblance, and an empty shade!
This night my friend, so late in battle lost,
Stood at my side, a pensive, plaintive ghost:
Even now familiar, as in life, he came;
Alas! how different! yet how like the same!”",Ilias
1638,"“Sperchius! whose waves in mazy errors lost
Delightful roll along my native coast!
To whom we vainly vow’d, at our return,
These locks to fall, and hecatombs to burn:
Full fifty rams to bleed in sacrifice,
Where to the day thy silver fountains rise,
And where in shade of consecrated bowers
Thy altars stand, perfumed with native flowers!
So vow’d my father, but he vow’d in vain;
No more Achilles sees his native plain;
In that vain hope these hairs no longer grow,
Patroclus bears them to the shades below.”",Ilias
1639,"“All hail, Patroclus! let thy vengeful ghost
Hear, and exult, on Pluto’s dreary coast.
Behold Achilles’ promise fully paid,
Twelve Trojan heroes offer’d to thy shade;
But heavier fates on Hector’s corse attend,
Saved from the flames, for hungry dogs to rend.”",Ilias
1640,"So spake he, threatening: but the gods made vain
His threat, and guard inviolate the slain:
Celestial Venus hover’d o’er his head,
And roseate unguents, heavenly fragrance! shed:
She watch’d him all the night and all the day,
And drove the bloodhounds from their destined prey.
Nor sacred Phœbus less employ’d his care;
He pour’d around a veil of gather’d air,
And kept the nerves undried, the flesh entire,
Against the solar beam and Sirian fire.",Ilias
1641,"Then parting from the pile he ceased to weep,
And sank to quiet in the embrace of sleep,
Exhausted with his grief: meanwhile the crowd
Of thronging Grecians round Achilles stood;
The tumult waked him: from his eyes he shook
Unwilling slumber, and the chiefs bespoke:",Ilias
1642,"“Ye kings and princes of the Achaian name!
First let us quench the yet remaining flame
With sable wine; then, as the rites direct,
The hero’s bones with careful view select:
(Apart, and easy to be known they lie
Amidst the heap, and obvious to the eye:
The rest around the margin will be seen
Promiscuous, steeds and immolated men:)
These wrapp’d in double cauls of fat, prepare;
And in the golden vase dispose with care;
There let them rest with decent honour laid,
Till I shall follow to the infernal shade.
Meantime erect the tomb with pious hands,
A common structure on the humble sands:
Hereafter Greece some nobler work may raise,
And late posterity record our praise!”",Ilias
1643,"The Greeks obey; where yet the embers glow,
Wide o’er the pile the sable wine they throw,
And deep subsides the ashy heap below.
Next the white bones his sad companions place,
With tears collected, in the golden vase.
The sacred relics to the tent they bore;
The urn a veil of linen covered o’er.
That done, they bid the sepulchre aspire,
And cast the deep foundations round the pyre;
High in the midst they heap the swelling bed
Of rising earth, memorial of the dead.",Ilias
1644,"The swarming populace the chief detains,
And leads amidst a wide extent of plains;
There placed them round: then from the ships proceeds
A train of oxen, mules, and stately steeds,
Vases and tripods (for the funeral games),
Resplendent brass, and more resplendent dames.
First stood the prizes to reward the force
Of rapid racers in the dusty course:
A woman for the first, in beauty’s bloom,
Skill’d in the needle, and the labouring loom;
And a large vase, where two bright handles rise,
Of twenty measures its capacious size.
The second victor claims a mare unbroke,
Big with a mule, unknowing of the yoke:
The third, a charger yet untouch’d by flame;
Four ample measures held the shining frame:
Two golden talents for the fourth were placed:
An ample double bowl contents the last.
These in fair order ranged upon the plain,
The hero, rising, thus address’d the train:",Ilias
1645,"“Behold the prizes, valiant Greeks! decreed
To the brave rulers of the racing steed;
Prizes which none beside ourself could gain,
Should our immortal coursers take the plain;
(A race unrivall’d, which from ocean’s god
Peleus received, and on his son bestow’d.)
But this no time our vigour to display;
Nor suit, with them, the games of this sad day:
Lost is Patroclus now, that wont to deck
Their flowing manes, and sleek their glossy neck.
Sad, as they shared in human grief, they stand,
And trail those graceful honours on the sand!
Let others for the noble task prepare,
Who trust the courser and the flying car.”",Ilias
1646,"Fired at his word the rival racers rise;
But far the first Eumelus hopes the prize,
Famed though Pieria for the fleetest breed,
And skill’d to manage the high-bounding steed.
With equal ardour bold Tydides swell’d,
The steeds of Tros beneath his yoke compell’d
(Which late obey’d the Dardan chief’s command,
When scarce a god redeem’d him from his hand).
Then Menelaus his Podargus brings,
And the famed courser of the king of kings:
Whom rich Echepolus (more rich than brave),
To ’scape the wars, to Agamemnon gave,
(Æthe her name) at home to end his days;
Base wealth preferring to eternal praise.
Next him Antilochus demands the course
With beating heart, and cheers his Pylian horse.
Experienced Nestor gives his son the reins,
Directs his judgment, and his heat restrains;
Nor idly warns the hoary sire, nor hears
The prudent son with unattending ears.",Ilias
1647,"The next, though distant, Menelaus succeeds;
While thus young Nestor animates his steeds:
“Now, now, my generous pair, exert your force;
Not that we hope to match Tydides’ horse,
Since great Minerva wings their rapid way,
And gives their lord the honours of the day;
But reach Atrides! shall his mare outgo
Your swiftness? vanquish’d by a female foe?
Through your neglect, if lagging on the plain
The last ignoble gift be all we gain,
No more shall Nestor’s hand your food supply,
The old man’s fury rises, and ye die.
Haste then: yon narrow road, before our sight,
Presents the occasion, could we use it right.”",Ilias
1648,"“Old man! (Oïleus rashly thus replies)
Thy tongue too hastily confers the prize;
Of those who view the course, nor sharpest eyed,
Nor youngest, yet the readiest to decide.
Eumelus’ steeds, high bounding in the chase,
Still, as at first, unrivall’d lead the race:
I well discern him, as he shakes the rein,
And hear his shouts victorious o’er the plain.”",Ilias
1649,"Thus he. Idomeneus, incensed, rejoin’d:
“Barbarous of words! and arrogant of mind!
Contentious prince, of all the Greeks beside
The last in merit, as the first in pride!
To vile reproach what answer can we make?
A goblet or a tripod let us stake,
And be the king the judge. The most unwise
Will learn their rashness, when they pay the price.”",Ilias
1650,"He said: and Ajax, by mad passion borne,
Stern had replied; fierce scorn enhancing scorn
To fell extremes. But Thetis’ godlike son
Awful amidst them rose, and thus begun:",Ilias
1651,"“Forbear, ye chiefs! reproachful to contend;
Much would ye blame, should others thus offend:
And lo! the approaching steeds your contest end.”
No sooner had he spoke, but thundering near,
Drives, through a stream of dust, the charioteer.
High o’er his head the circling lash he wields:
His bounding horses scarcely touch the fields:
His car amidst the dusty whirlwind roll’d,
Bright with the mingled blaze of tin and gold,
Refulgent through the cloud: no eye could find
The track his flying wheels had left behind:
And the fierce coursers urged their rapid pace
So swift, it seem’d a flight, and not a race.
Now victor at the goal Tydides stands,
Quits his bright car, and springs upon the sands;
From the hot steeds the sweaty torrents stream;
The well-plied whip is hung athwart the beam:
With joy brave Sthenelus receives the prize,
The tripod-vase, and dame with radiant eyes:
These to the ships his train triumphant leads,
The chief himself unyokes the panting steeds.",Ilias
1652,"Young Nestor follows (who by art, not force,
O’erpass’d Atrides) second in the course.
Behind, Atrides urged the race, more near
Than to the courser in his swift career
The following car, just touching with his heel
And brushing with his tail the whirling wheel:
Such, and so narrow now the space between
The rivals, late so distant on the green;
So soon swift Æthe her lost ground regain’d,
One length, one moment, had the race obtain’d.",Ilias
1653,"Merion pursued, at greater distance still,
With tardier coursers, and inferior skill.
Last came, Admetus! thy unhappy son;
Slow dragged the steeds his batter’d chariot on:
Achilles saw, and pitying thus begun:",Ilias
1654,"“Behold! the man whose matchless art surpass’d
The sons of Greece! the ablest, yet the last!
Fortune denies, but justice bids us pay
(Since great Tydides bears the first away)
To him the second honours of the day.”",Ilias
1655,"The Greeks consent with loud-applauding cries,
And then Eumelus had received the prize,
But youthful Nestor, jealous of his fame,
The award opposes, and asserts his claim.
“Think not (he cries) I tamely will resign,
O Peleus’ son! the mare so justly mine.
What if the gods, the skilful to confound,
Have thrown the horse and horseman to the ground?
Perhaps he sought not heaven by sacrifice,
And vows omitted forfeited the prize.
If yet (distinction to thy friend to show,
And please a soul desirous to bestow)
Some gift must grace Eumelus, view thy store
Of beauteous handmaids, steeds, and shining ore;
An ample present let him thence receive,
And Greece shall praise thy generous thirst to give.
But this my prize I never shall forego;
This, who but touches, warriors! is my foe.”",Ilias
1656,"Thus spake the youth; nor did his words offend;
Pleased with the well-turn’d flattery of a friend,
Achilles smiled: “The gift proposed (he cried),
Antilochus! we shall ourself provide.
With plates of brass the corslet cover’d o’er,
(The same renown’d Asteropaeus wore,)
Whose glittering margins raised with silver shine,
(No vulgar gift,) Eumelus! shall be thine.”",Ilias
1657,"He said: Automedon at his command
The corslet brought, and gave it to his hand.
Distinguish’d by his friend, his bosom glows
With generous joy: then Menelaus rose;
The herald placed the sceptre in his hands,
And still’d the clamour of the shouting bands.
Not without cause incensed at Nestor’s son,
And inly grieving, thus the king begun:",Ilias
1658,"“The praise of wisdom, in thy youth obtain’d,
An act so rash, Antilochus! has stain’d.
Robb’d of my glory and my just reward,
To you, O Grecians! be my wrong declared:
So not a leader shall our conduct blame,
Or judge me envious of a rival’s fame.
But shall not we, ourselves, the truth maintain?
What needs appealing in a fact so plain?
What Greek shall blame me, if I bid thee rise,
And vindicate by oath th’ ill-gotten prize?
Rise if thou darest, before thy chariot stand,
The driving scourge high-lifted in thy hand;
And touch thy steeds, and swear thy whole intent
Was but to conquer, not to circumvent.
Swear by that god whose liquid arms surround
The globe, and whose dread earthquakes heave the ground!”",Ilias
1659,"The prudent chief with calm attention heard;
Then mildly thus: “Excuse, if youth have err’d;
Superior as thou art, forgive the offence,
Nor I thy equal, or in years, or sense.
Thou know’st the errors of unripen’d age,
Weak are its counsels, headlong is its rage.
The prize I quit, if thou thy wrath resign;
The mare, or aught thou ask’st, be freely thine
Ere I become (from thy dear friendship torn)
Hateful to thee, and to the gods forsworn.”",Ilias
1660,"So spoke Antilochus; and at the word
The mare contested to the king restored.
Joy swells his soul: as when the vernal grain
Lifts the green ear above the springing plain,
The fields their vegetable life renew,
And laugh and glitter with the morning dew;
Such joy the Spartan’s shining face o’erspread,
And lifted his gay heart, while thus he said:",Ilias
1661,"“Still may our souls, O generous youth! agree
’Tis now Atrides’ turn to yield to thee.
Rash heat perhaps a moment might control,
Not break, the settled temper of thy soul.
Not but (my friend) ’tis still the wiser way
To waive contention with superior sway;
For ah! how few, who should like thee offend,
Like thee, have talents to regain the friend!
To plead indulgence, and thy fault atone,
Suffice thy father’s merit and thy own:
Generous alike, for me, the sire and son
Have greatly suffer’d, and have greatly done.
I yield; that all may know, my soul can bend,
Nor is my pride preferr’d before my friend.”",Ilias
1662,"He said; and pleased his passion to command,
Resign’d the courser to Noemon’s hand,
Friend of the youthful chief: himself content,
The shining charger to his vessel sent.
The golden talents Merion next obtain’d;
The fifth reward, the double bowl, remain’d.
Achilles this to reverend Nestor bears.
And thus the purpose of his gift declares:
“Accept thou this, O sacred sire! (he said)
In dear memorial of Patroclus dead;
Dead and for ever lost Patroclus lies,
For ever snatch’d from our desiring eyes!
Take thou this token of a grateful heart,
Though ’tis not thine to hurl the distant dart,
The quoit to toss, the ponderous mace to wield,
Or urge the race, or wrestle on the field:
Thy pristine vigour age has overthrown,
But left the glory of the past thy own.”",Ilias
1663,"The prizes next are order’d to the field,
For the bold champions who the caestus wield.
A stately mule, as yet by toils unbroke,
Of six years’ age, unconscious of the yoke,
Is to the circus led, and firmly bound;
Next stands a goblet, massy, large, and round.
Achilles rising, thus: “Let Greece excite
Two heroes equal to this hardy fight;
Who dare the foe with lifted arms provoke,
And rush beneath the long-descending stroke.
On whom Apollo shall the palm bestow,
And whom the Greeks supreme by conquest know,
This mule his dauntless labours shall repay,
The vanquish’d bear the massy bowl away.”",Ilias
1664,"This dreadful combat great Epeüs chose;[291]
High o’er the crowd, enormous bulk! he rose,
And seized the beast, and thus began to say:
“Stand forth some man, to bear the bowl away!
(Price of his ruin: for who dares deny
This mule my right; the undoubted victor I)
Others, ’tis own’d, in fields of battle shine,
But the first honours of this fight are mine;
For who excels in all? Then let my foe
Draw near, but first his certain fortune know;
Secure this hand shall his whole frame confound,
Mash all his bones, and all his body pound:
So let his friends be nigh, a needful train,
To heave the batter’d carcase off the plain.”",Ilias
1665,"He said; and, straining, heaved him off the ground
With matchless strength; that time Ulysses found
The strength to evade, and where the nerves combine
His ankle struck: the giant fell supine;
Ulysses, following, on his bosom lies;
Shouts of applause run rattling through the skies.
Ajax to lift Ulysses next essays;
He barely stirr’d him, but he could not raise:
His knee lock’d fast, the foe’s attempt denied;
And grappling close, they tumbled side by side.
Defiled with honourable dust they roll,
Still breathing strife, and unsubdued of soul:
Again they rage, again to combat rise;
When great Achilles thus divides the prize:",Ilias
1666,"“Your noble vigour, O my friends, restrain;
Nor weary out your generous strength in vain.
Ye both have won: let others who excel,
Now prove that prowess you have proved so well.”",Ilias
1667,"The hero’s words the willing chiefs obey,
From their tired bodies wipe the dust away,
And, clothed anew, the following games survey.",Ilias
1668,"And now succeed the gifts ordain’d to grace
The youths contending in the rapid race:
A silver urn that full six measures held,
By none in weight or workmanship excell’d:
Sidonian artists taught the frame to shine,
Elaborate, with artifice divine;
Whence Tyrian sailors did the prize transport,
And gave to Thoas at the Lemnian port:
From him descended, good Eunaeus heir’d
The glorious gift; and, for Lycaon spared,
To brave Patroclus gave the rich reward:
Now, the same hero’s funeral rites to grace,
It stands the prize of swiftness in the race.
A well-fed ox was for the second placed;
And half a talent must content the last.
Achilles rising then bespoke the train:
“Who hope the palm of swiftness to obtain,
Stand forth, and bear these prizes from the plain.”",Ilias
1669,"“Accursed fate! the conquest I forego;
A mortal I, a goddess was my foe;
She urged her favourite on the rapid way,
And Pallas, not Ulysses, won the day.”",Ilias
1670,"Thus sourly wail’d he, sputtering dirt and gore;
A burst of laughter echoed through the shore.
Antilochus, more humorous than the rest,
Takes the last prize, and takes it with a jest:",Ilias
1671,"“Why with our wiser elders should we strive?
The gods still love them, and they always thrive.
Ye see, to Ajax I must yield the prize:
He to Ulysses, still more aged and wise;
(A green old age unconscious of decays,
That proves the hero born in better days!)
Behold his vigour in this active race!
Achilles only boasts a swifter pace:
For who can match Achilles? He who can,
Must yet be more than hero, more than man.”",Ilias
1672,"The effect succeeds the speech. Pelides cries,
“Thy artful praise deserves a better prize.
Nor Greece in vain shall hear thy friend extoll’d;
Receive a talent of the purest gold.”
The youth departs content. The host admire
The son of Nestor, worthy of his sire.",Ilias
1673,"Next these a buckler, spear, and helm, he brings;
Cast on the plain, the brazen burden rings:
Arms which of late divine Sarpedon wore,
And great Patroclus in short triumph bore.
“Stand forth the bravest of our host! (he cries)
Whoever dares deserve so rich a prize,
Now grace the lists before our army’s sight,
And sheathed in steel, provoke his foe to fight.
Who first the jointed armour shall explore,
And stain his rival’s mail with issuing gore,
The sword Asteropaeus possess’d of old,
(A Thracian blade, distinct with studs of gold,)
Shall pay the stroke, and grace the striker’s side:
These arms in common let the chiefs divide:
For each brave champion, when the combat ends,
A sumptuous banquet at our tents attends.”",Ilias
1674,"Fierce at the word uprose great Tydeus’ son,
And the huge bulk of Ajax Telamon.
Clad in refulgent steel, on either hand,
The dreadful chiefs amid the circle stand;
Louring they meet, tremendous to the sight;
Each Argive bosom beats with fierce delight.
Opposed in arms not long they idly stood,
But thrice they closed, and thrice the charge renew’d.
A furious pass the spear of Ajax made
Through the broad shield, but at the corslet stay’d.
Not thus the foe: his javelin aim’d above
The buckler’s margin, at the neck he drove.
But Greece, now trembling for her hero’s life,
Bade share the honours, and surcease the strife.
Yet still the victor’s due Tydides gains,
With him the sword and studded belt remains.",Ilias
1675,"Then hurl’d the hero, thundering on the ground,
A mass of iron (an enormous round),
Whose weight and size the circling Greeks admire,
Rude from the furnace, and but shaped by fire.
This mighty quoit Aëtion wont to rear,
And from his whirling arm dismiss in air;
The giant by Achilles slain, he stow’d
Among his spoils this memorable load.
For this, he bids those nervous artists vie,
That teach the disk to sound along the sky.
“Let him, whose might can hurl this bowl, arise;
Who farthest hurls it, take it as his prize;
If he be one enrich’d with large domain
Of downs for flocks, and arable for grain,
Small stock of iron needs that man provide;
His hinds and swains whole years shall be supplied
From hence; nor ask the neighbouring city’s aid
For ploughshares, wheels, and all the rural trade.”",Ilias
1676,"Stern Polypœtes stepp’d before the throng,
And great Leonteus, more than mortal strong;
Whose force with rival forces to oppose,
Uprose great Ajax; up Epeus rose.
Each stood in order: first Epeus threw;
High o’er the wondering crowds the whirling circle flew.
Leonteus next a little space surpass’d;
And third, the strength of godlike Ajax cast.
O’er both their marks it flew; till fiercely flung
From Polypœtes’ arm the discus sung:
Far as a swain his whirling sheephook throws,
That distant falls among the grazing cows,
So past them all the rapid circle flies:
His friends, while loud applauses shake the skies,
With force conjoin’d heave off the weighty prize.",Ilias
1677,"Those, who in skilful archery contend,
He next invites the twanging bow to bend;
And twice ten axes casts amidst the round,
Ten double-edged, and ten that singly wound
The mast, which late a first-rate galley bore,
The hero fixes in the sandy shore;
To the tall top a milk-white dove they tie,
The trembling mark at which their arrows fly.",Ilias
1678,"To close the funeral games, Achilles last
A massy spear amid the circle placed,
And ample charger of unsullied frame,
With flowers high-wrought, not blacken’d yet by flame.
For these he bids the heroes prove their art,
Whose dexterous skill directs the flying dart.
Here too great Merion hopes the noble prize;
Nor here disdain’d the king of men to rise.
With joy Pelides saw the honour paid,
Rose to the monarch, and respectful said:",Ilias
1679,"“Thee first in virtue, as in power supreme,
O king of nations! all thy Greeks proclaim;
In every martial game thy worth attest,
And know thee both their greatest and their best.
Take then the prize, but let brave Merion bear
This beamy javelin in thy brother’s war.”",Ilias
1680,"Pleased from the hero’s lips his praise to hear,
The king to Merion gives the brazen spear:
But, set apart for sacred use, commands
The glittering charger to Talthybius’ hands.",Ilias
1681,"
“If equal honours by the partial skies
Are doom’d both heroes, (Juno thus replies,)
If Thetis’ son must no distinction know,
Then hear, ye gods! the patron of the bow.
But Hector only boasts a mortal claim,
His birth deriving from a mortal dame:
Achilles, of your own ethereal race,
Springs from a goddess by a man’s embrace
(A goddess by ourself to Peleus given,
A man divine, and chosen friend of heaven)
To grace those nuptials, from the bright abode
Yourselves were present; where this minstrel-god,
Well pleased to share the feast, amid the quire
Stood proud to hymn, and tune his youthful lyre.”",Ilias
1682,"Then thus the Thunderer checks the imperial dame:
“Let not thy wrath the court of heaven inflame;
Their merits, nor their honours, are the same.
But mine, and every god’s peculiar grace
Hector deserves, of all the Trojan race:
Still on our shrines his grateful offerings lay,
(The only honours men to gods can pay,)
Nor ever from our smoking altar ceased
The pure libation, and the holy feast:
Howe’er by stealth to snatch the corse away,
We will not: Thetis guards it night and day.
But haste, and summon to our courts above
The azure queen; let her persuasion move
Her furious son from Priam to receive
The proffer’d ransom, and the corse to leave.”",Ilias
1683,"Then through the world of waters they repair
(The way fair Iris led) to upper air.
The deeps dividing, o’er the coast they rise,
And touch with momentary flight the skies.
There in the lightning’s blaze the sire they found,
And all the gods in shining synod round.
Thetis approach’d with anguish in her face,
(Minerva rising, gave the mourner place,)
Even Juno sought her sorrows to console,
And offer’d from her hand the nectar-bowl:
She tasted, and resign’d it: then began
The sacred sire of gods and mortal man:",Ilias
1684,"“Thou comest, fair Thetis, but with grief o’ercast;
Maternal sorrows; long, ah, long to last!
Suffice, we know and we partake thy cares;
But yield to fate, and hear what Jove declares.
Nine days are past since all the court above
In Hector’s cause have moved the ear of Jove;
’Twas voted, Hermes from his godlike foe
By stealth should bear him, but we will’d not so:
We will, thy son himself the corse restore,
And to his conquest add this glory more.
Then hie thee to him, and our mandate bear:
Tell him he tempts the wrath of heaven too far;
Nor let him more (our anger if he dread)
Vent his mad vengeance on the sacred dead;
But yield to ransom and the father’s prayer;
The mournful father, Iris shall prepare
With gifts to sue; and offer to his hands
Whate’er his honour asks, or heart demands.”",Ilias
1685,"His word the silver-footed queen attends,
And from Olympus’ snowy tops descends.
Arrived, she heard the voice of loud lament,
And echoing groans that shook the lofty tent:
His friends prepare the victim, and dispose
Repast unheeded, while he vents his woes;
The goddess seats her by her pensive son,
She press’d his hand, and tender thus begun:",Ilias
1686,"“How long, unhappy! shall thy sorrows flow,
And thy heart waste with life-consuming woe:
Mindless of food, or love, whose pleasing reign
Soothes weary life, and softens human pain?
O snatch the moments yet within thy power;
Not long to live, indulge the amorous hour!
Lo! Jove himself (for Jove’s command I bear)
Forbids to tempt the wrath of heaven too far.
No longer then (his fury if thou dread)
Detain the relics of great Hector dead;
Nor vent on senseless earth thy vengeance vain,
But yield to ransom, and restore the slain.”",Ilias
1687,"While thus they communed, from the Olympian bowers
Jove orders Iris to the Trojan towers:
“Haste, winged goddess! to the sacred town,
And urge her monarch to redeem his son.
Alone the Ilian ramparts let him leave,
And bear what stern Achilles may receive:
Alone, for so we will; no Trojan near
Except, to place the dead with decent care,
Some aged herald, who with gentle hand
May the slow mules and funeral car command.
Nor let him death, nor let him danger dread,
Safe through the foe by our protection led:
Him Hermes to Achilles shall convey,
Guard of his life, and partner of his way.
Fierce as he is, Achilles’ self shall spare
His age, nor touch one venerable hair:
Some thought there must be in a soul so brave,
Some sense of duty, some desire to save.”",Ilias
1688,"
Then down her bow the winged Iris drives,
And swift at Priam’s mournful court arrives:
Where the sad sons beside their father’s throne
Sat bathed in tears, and answer’d groan with groan.
And all amidst them lay the hoary sire,
(Sad scene of woe!) his face his wrapp’d attire
Conceal’d from sight; with frantic hands he spread
A shower of ashes o’er his neck and head.
From room to room his pensive daughters roam;
Whose shrieks and clamours fill the vaulted dome;
Mindful of those, who late their pride and joy,
Lie pale and breathless round the fields of Troy!
Before the king Jove’s messenger appears,
And thus in whispers greets his trembling ears:",Ilias
1689,"“Fear not, O father! no ill news I bear;
From Jove I come, Jove makes thee still his care;
For Hector’s sake these walls he bids thee leave,
And bear what stern Achilles may receive;
Alone, for so he wills; no Trojan near,
Except, to place the dead with decent care,
Some aged herald, who with gentle hand
May the slow mules and funeral car command.
Nor shalt thou death, nor shalt thou danger dread:
Safe through the foe by his protection led:
Thee Hermes to Pelides shall convey,
Guard of thy life, and partner of thy way.
Fierce as he is, Achilles’ self shall spare
Thy age, nor touch one venerable hair;
Some thought there must be in a soul so brave,
Some sense of duty, some desire to save.”",Ilias
1690,"She spoke, and vanish’d. Priam bids prepare
His gentle mules and harness to the car;
There, for the gifts, a polish’d casket lay:
His pious sons the king’s command obey.
Then pass’d the monarch to his bridal-room,
Where cedar-beams the lofty roofs perfume,
And where the treasures of his empire lay;
Then call’d his queen, and thus began to say:",Ilias
1691,"“Unhappy consort of a king distress’d!
Partake the troubles of thy husband’s breast:
I saw descend the messenger of Jove,
Who bids me try Achilles’ mind to move;
Forsake these ramparts, and with gifts obtain
The corse of Hector, at yon navy slain.
Tell me thy thought: my heart impels to go
Through hostile camps, and bears me to the foe.”",Ilias
1692,"“Seek not to stay me, nor my soul affright
With words of omen, like a bird of night,
(Replied unmoved the venerable man;)
’Tis heaven commands me, and you urge in vain.
Had any mortal voice the injunction laid,
Nor augur, priest, nor seer, had been obey’d.
A present goddess brought the high command,
I saw, I heard her, and the word shall stand.
I go, ye gods! obedient to your call:
If in yon camp your powers have doom’d my fall,
Content—By the same hand let me expire!
Add to the slaughter’d son the wretched sire!
One cold embrace at least may be allow’d,
And my last tears flow mingled with his blood!”",Ilias
1693,"From forth his open’d stores, this said, he drew
Twelve costly carpets of refulgent hue,
As many vests, as many mantles told,
And twelve fair veils, and garments stiff with gold,
Two tripods next, and twice two chargers shine,
With ten pure talents from the richest mine;
And last a large well-labour’d bowl had place,
(The pledge of treaties once with friendly Thrace:)
Seem’d all too mean the stores he could employ,
For one last look to buy him back to Troy!",Ilias
1694,"Lo! the sad father, frantic with his pain,
Around him furious drives his menial train:
In vain each slave with duteous care attends,
Each office hurts him, and each face offends.
“What make ye here, officious crowds! (he cries):
Hence! nor obtrude your anguish on my eyes.
Have ye no griefs at home, to fix ye there:
Am I the only object of despair?
Am I become my people’s common show,
Set up by Jove your spectacle of woe?
No, you must feel him too; yourselves must fall;
The same stern god to ruin gives you all:
Nor is great Hector lost by me alone;
Your sole defence, your guardian power is gone!
I see your blood the fields of Phrygia drown,
I see the ruins of your smoking town!
O send me, gods! ere that sad day shall come,
A willing ghost to Pluto’s dreary dome!”",Ilias
1695,"He said, and feebly drives his friends away:
The sorrowing friends his frantic rage obey.
Next on his sons his erring fury falls,
Polites, Paris, Agathon, he calls;
His threats Deiphobus and Dius hear,
Hippothous, Pammon, Helenes the seer,
And generous Antiphon: for yet these nine
Survived, sad relics of his numerous line.",Ilias
1696,"“Inglorious sons of an unhappy sire!
Why did not all in Hector’s cause expire?
Wretch that I am! my bravest offspring slain.
You, the disgrace of Priam’s house, remain!
Mestor the brave, renown’d in ranks of war,
With Troilus, dreadful on his rushing car,[293]
And last great Hector, more than man divine,
For sure he seem’d not of terrestrial line!
All those relentless Mars untimely slew,
And left me these, a soft and servile crew,
Whose days the feast and wanton dance employ,
Gluttons and flatterers, the contempt of Troy!
Why teach ye not my rapid wheels to run,
And speed my journey to redeem my son?”",Ilias
1697,"“Take this, and pour to Jove; that safe from harms
His grace restore thee to our roof and arms.
Since victor of thy fears, and slighting mine,
Heaven, or thy soul, inspires this bold design;
Pray to that god, who high on Ida’s brow
Surveys thy desolated realms below,
His winged messenger to send from high,
And lead thy way with heavenly augury:
Let the strong sovereign of the plumy race
Tower on the right of yon ethereal space.
That sign beheld, and strengthen’d from above,
Boldly pursue the journey mark’d by Jove:
But if the god his augury denies,
Suppress thy impulse, nor reject advice.”",Ilias
1698,"“’Tis just (said Priam) to the sire above
To raise our hands; for who so good as Jove?”
He spoke, and bade the attendant handmaid bring
The purest water of the living spring:
(Her ready hands the ewer and bason held:)
Then took the golden cup his queen had fill’d;
On the mid pavement pours the rosy wine,
Uplifts his eyes, and calls the power divine:",Ilias
1699,"“O first and greatest! heaven’s imperial lord!
On lofty Ida’s holy hill adored!
To stern Achilles now direct my ways,
And teach him mercy when a father prays.
If such thy will, despatch from yonder sky
Thy sacred bird, celestial augury!
Let the strong sovereign of the plumy race
Tower on the right of yon ethereal space;
So shall thy suppliant, strengthen’d from above,
Fearless pursue the journey mark’d by Jove.”",Ilias
1700,"The afflicted monarch shiver’d with despair;
Pale grew his face, and upright stood his hair;
Sunk was his heart; his colour went and came;
A sudden trembling shook his aged frame:
When Hermes, greeting, touch’d his royal hand,
And, gentle, thus accosts with kind demand:",Ilias
1701,"“Say whither, father! when each mortal sight
Is seal’d in sleep, thou wanderest through the night?
Why roam thy mules and steeds the plains along,
Through Grecian foes, so numerous and so strong?
What couldst thou hope, should these thy treasures view;
These, who with endless hate thy race pursue?
For what defence, alas! could’st thou provide;
Thyself not young, a weak old man thy guide?
Yet suffer not thy soul to sink with dread;
From me no harm shall touch thy reverend head;
From Greece I’ll guard thee too; for in those lines
The living image of my father shines.”",Ilias
1702,"“Thy words, that speak benevolence of mind,
Are true, my son! (the godlike sire rejoin’d:)
Great are my hazards; but the gods survey
My steps, and send thee, guardian of my way.
Hail, and be bless’d! For scarce of mortal kind
Appear thy form, thy feature, and thy mind.”",Ilias
1703,"“Nor true are all thy words, nor erring wide;
(The sacred messenger of heaven replied;)
But say, convey’st thou through the lonely plains
What yet most precious of thy store remains,
To lodge in safety with some friendly hand:
Prepared, perchance, to leave thy native land?
Or fliest thou now?—What hopes can Troy retain,
Thy matchless son, her guard and glory, slain?”",Ilias
1704,"The king, alarm’d: “Say what, and whence thou art
Who search the sorrows of a parent’s heart,
And know so well how godlike Hector died?”
Thus Priam spoke, and Hermes thus replied:",Ilias
1705,"“You tempt me, father, and with pity touch:
On this sad subject you inquire too much.
Oft have these eyes that godlike Hector view’d
In glorious fight, with Grecian blood embrued:
I saw him when, like Jove, his flames he toss’d
On thousand ships, and wither’d half a host:
I saw, but help’d not: stern Achilles’ ire
Forbade assistance, and enjoy’d the fire.
For him I serve, of Myrmidonian race;
One ship convey’d us from our native place;
Polyctor is my sire, an honour’d name,
Old like thyself, and not unknown to fame;
Of seven his sons, by whom the lot was cast
To serve our prince, it fell on me, the last.
To watch this quarter, my adventure falls:
For with the morn the Greeks attack your walls;
Sleepless they sit, impatient to engage,
And scarce their rulers check their martial rage.”",Ilias
1706,"“If then thou art of stern Pelides’ train,
(The mournful monarch thus rejoin’d again,)
Ah tell me truly, where, oh! where are laid
My son’s dear relics? what befalls him dead?
Have dogs dismember’d (on the naked plains),
Or yet unmangled rest, his cold remains?”",Ilias
1707,"“O favour’d of the skies! (thus answered then
The power that mediates between god and men)
Nor dogs nor vultures have thy Hector rent,
But whole he lies, neglected in the tent:
This the twelfth evening since he rested there,
Untouch’d by worms, untainted by the air.
Still as Aurora’s ruddy beam is spread,
Round his friend’s tomb Achilles drags the dead:
Yet undisfigured, or in limb or face,
All fresh he lies, with every living grace,
Majestical in death! No stains are found
O’er all the corse, and closed is every wound,
Though many a wound they gave. Some heavenly care,
Some hand divine, preserves him ever fair:
Or all the host of heaven, to whom he led
A life so grateful, still regard him dead.”",Ilias
1708,"Thus spoke to Priam the celestial guide,
And joyful thus the royal sire replied:
“Blest is the man who pays the gods above
The constant tribute of respect and love!
Those who inhabit the Olympian bower
My son forgot not, in exalted power;
And heaven, that every virtue bears in mind,
Even to the ashes of the just is kind.
But thou, O generous youth! this goblet take,
A pledge of gratitude for Hector’s sake;
And while the favouring gods our steps survey,
Safe to Pelides’ tent conduct my way.”",Ilias
1709,"To whom the latent god: “O king, forbear
To tempt my youth, for apt is youth to err.
But can I, absent from my prince’s sight,
Take gifts in secret, that must shun the light?
What from our master’s interest thus we draw,
Is but a licensed theft that ’scapes the law.
Respecting him, my soul abjures the offence;
And as the crime, I dread the consequence.
Thee, far as Argos, pleased I could convey;
Guard of thy life, and partner of thy way:
On thee attend, thy safety to maintain,
O’er pathless forests, or the roaring main.”",Ilias
1710,"Thus having said, he vanish’d from his eyes,
And in a moment shot into the skies:
The king, confirm’d from heaven, alighted there,
And left his aged herald on the car,
With solemn pace through various rooms he went,
And found Achilles in his inner tent:
There sat the hero: Alcimus the brave,
And great Automedon, attendance gave:
These served his person at the royal feast;
Around, at awful distance, stood the rest.",Ilias
1711,"Unseen by these, the king his entry made:
And, prostrate now before Achilles laid,
Sudden (a venerable sight!) appears;
Embraced his knees, and bathed his hands in tears;
Those direful hands his kisses press’d, embrued
Even with the best, the dearest of his blood!",Ilias
1712,"As when a wretch (who, conscious of his crime,
Pursued for murder, flies his native clime)
Just gains some frontier, breathless, pale, amazed,
All gaze, all wonder: thus Achilles gazed:
Thus stood the attendants stupid with surprise:
All mute, yet seem’d to question with their eyes:
Each look’d on other, none the silence broke,
Till thus at last the kingly suppliant spoke:",Ilias
1713,"“For him through hostile camps I bent my way,
For him thus prostrate at thy feet I lay;
Large gifts proportion’d to thy wrath I bear;
O hear the wretched, and the gods revere!",Ilias
1714,"“Think of thy father, and this face behold!
See him in me, as helpless and as old!
Though not so wretched: there he yields to me,
The first of men in sovereign misery!
Thus forced to kneel, thus grovelling to embrace
The scourge and ruin of my realm and race;
Suppliant my children’s murderer to implore,
And kiss those hands yet reeking with their gore!”",Ilias
1715,"These words soft pity in the chief inspire,
Touch’d with the dear remembrance of his sire.
Then with his hand (as prostrate still he lay)
The old man’s cheek he gently turn’d away.
Now each by turns indulged the gush of woe;
And now the mingled tides together flow:
This low on earth, that gently bending o’er;
A father one, and one a son deplore:
But great Achilles different passions rend,
And now his sire he mourns, and now his friend.
The infectious softness through the heroes ran;
One universal solemn shower began;
They bore as heroes, but they felt as man.",Ilias
1716,"Satiate at length with unavailing woes,
From the high throne divine Achilles rose;
The reverend monarch by the hand he raised;
On his white beard and form majestic gazed,
Not unrelenting; then serene began
With words to soothe the miserable man:",Ilias
1717,"To whom the king: “O favour’d of the skies!
Here let me grow to earth! since Hector lies
On the bare beach deprived of obsequies.
O give me Hector! to my eyes restore
His corse, and take the gifts: I ask no more.
Thou, as thou may’st, these boundless stores enjoy;
Safe may’st thou sail, and turn thy wrath from Troy;
So shall thy pity and forbearance give
A weak old man to see the light and live!”",Ilias
1718,"“Move me no more, (Achilles thus replies,
While kindling anger sparkled in his eyes,)
Nor seek by tears my steady soul to bend:
To yield thy Hector I myself intend:
For know, from Jove my goddess-mother came,
(Old Ocean’s daughter, silver-footed dame,)
Nor comest thou but by heaven; nor comest alone,
Some god impels with courage not thy own:
No human hand the weighty gates unbarr’d,
Nor could the boldest of our youth have dared
To pass our outworks, or elude the guard.
Cease; lest, neglectful of high Jove’s command,
I show thee, king! thou tread’st on hostile land;
Release my knees, thy suppliant arts give o’er,
And shake the purpose of my soul no more.”",Ilias
1719,"The sire obey’d him, trembling and o’eraw’d.
Achilles, like a lion, rush’d abroad:
Automedon and Alcimus attend,
(Whom most he honour’d, since he lost his friend,)
These to unyoke the mules and horses went,
And led the hoary herald to the tent;
Next, heap’d on high, the numerous presents bear,
(Great Hector’s ransom,) from the polish’d car.
Two splendid mantles, and a carpet spread,
They leave: to cover and enwrap the dead.
Then call the handmaids, with assistant toil
To wash the body and anoint with oil,
Apart from Priam: lest the unhappy sire,
Provoked to passion, once more rouse to ire
The stern Pelides; and nor sacred age,
Nor Jove’s command, should check the rising rage.
This done, the garments o’er the corse they spread;
Achilles lifts it to the funeral bed:
Then, while the body on the car they laid,
He groans, and calls on loved Patroclus’ shade:",Ilias
1720,"“If, in that gloom which never light must know,
The deeds of mortals touch the ghosts below,
O friend! forgive me, that I thus fulfil
(Restoring Hector) heaven’s unquestion’d will.
The gifts the father gave, be ever thine,
To grace thy manes, and adorn thy shrine.”[296]",Ilias
1721,"“Such griefs, O king! have other parents known;
Remember theirs, and mitigate thy own.
The care of heaven thy Hector has appear’d,
Nor shall he lie unwept, and uninterr’d;
Soon may thy aged cheeks in tears be drown’d,
And all the eyes of Ilion stream around.”",Ilias
1722,"He said, and, rising, chose the victim ewe
With silver fleece, which his attendants slew.
The limbs they sever from the reeking hide,
With skill prepare them, and in parts divide:
Each on the coals the separate morsels lays,
And, hasty, snatches from the rising blaze.
With bread the glittering canisters they load,
Which round the board Automedon bestow’d.
The chief himself to each his portion placed,
And each indulging shared in sweet repast.
When now the rage of hunger was repress’d,
The wondering hero eyes his royal guest:
No less the royal guest the hero eyes,
His godlike aspect and majestic size;
Here, youthful grace and noble fire engage;
And there, the mild benevolence of age.
Thus gazing long, the silence neither broke,
(A solemn scene!) at length the father spoke:",Ilias
1723,"“Permit me now, beloved of Jove! to steep
My careful temples in the dew of sleep:
For, since the day that number’d with the dead
My hapless son, the dust has been my bed;
Soft sleep a stranger to my weeping eyes;
My only food, my sorrows and my sighs!
Till now, encouraged by the grace you give,
I share thy banquet, and consent to live.”",Ilias
1724,"With that, Achilles bade prepare the bed,
With purple soft and shaggy carpets spread;
Forth, by the flaming lights, they bend their way,
And place the couches, and the coverings lay.
Then he: “Now, father, sleep, but sleep not here;
Consult thy safety, and forgive my fear,
Lest any Argive, at this hour awake,
To ask our counsel, or our orders take,
Approaching sudden to our open’d tent,
Perchance behold thee, and our grace prevent.
Should such report thy honour’d person here,
The king of men the ransom might defer;
But say with speed, if aught of thy desire
Remains unask’d; what time the rites require
To inter thy Hector? For, so long we stay
Our slaughtering arm, and bid the hosts obey.”",Ilias
1725,"“If then thy will permit (the monarch said)
To finish all due honours to the dead,
This of thy grace accord: to thee are known
The fears of Ilion, closed within her town;
And at what distance from our walls aspire
The hills of Ide, and forests for the fire.
Nine days to vent our sorrows I request,
The tenth shall see the funeral and the feast;
The next, to raise his monument be given;
The twelfth we war, if war be doom’d by heaven!”",Ilias
1726,"Then gave his hand at parting, to prevent
The old man’s fears, and turn’d within the tent;
Where fair Briseïs, bright in blooming charms,
Expects her hero with desiring arms.
But in the porch the king and herald rest;
Sad dreams of care yet wandering in their breast.
Now gods and men the gifts of sleep partake;
Industrious Hermes only was awake,
The king’s return revolving in his mind,
To pass the ramparts, and the watch to blind.
The power descending hover’d o’er his head:
“And sleep’st thou, father! (thus the vision said:)
Now dost thou sleep, when Hector is restored?
Nor fear the Grecian foes, or Grecian lord?
Thy presence here should stern Atrides see,
Thy still surviving sons may sue for thee;
May offer all thy treasures yet contain,
To spare thy age; and offer all in vain.”",Ilias
1727,"Waked with the word the trembling sire arose,
And raised his friend: the god before him goes:
He joins the mules, directs them with his hand,
And moves in silence through the hostile land.
When now to Xanthus’ yellow stream they drove,
(Xanthus, immortal progeny of Jove,)
The winged deity forsook their view,
And in a moment to Olympus flew.
Now shed Aurora round her saffron ray,
Sprang through the gates of light, and gave the day:
Charged with the mournful load, to Ilion go
The sage and king, majestically slow.
Cassandra first beholds, from Ilion’s spire,
The sad procession of her hoary sire;
Then, as the pensive pomp advanced more near,
(Her breathless brother stretched upon the bier,)
A shower of tears o’erflows her beauteous eyes,
Alarming thus all Ilion with her cries:",Ilias
1728,"“Turn here your steps, and here your eyes employ,
Ye wretched daughters, and ye sons of Troy!
If e’er ye rush’d in crowds, with vast delight,
To hail your hero glorious from the fight,
Now meet him dead, and let your sorrows flow;
Your common triumph, and your common woe.”",Ilias
1729,"In thronging crowds they issue to the plains;
Nor man nor woman in the walls remains;
In every face the self-same grief is shown;
And Troy sends forth one universal groan.
At Scæa’s gates they meet the mourning wain,
Hang on the wheels, and grovel round the slain.
The wife and mother, frantic with despair,
Kiss his pale cheek, and rend their scatter’d hair:
Thus wildly wailing, at the gates they lay;
And there had sigh’d and sorrow’d out the day;
But godlike Priam from the chariot rose:
“Forbear (he cried) this violence of woes;
First to the palace let the car proceed,
Then pour your boundless sorrows o’er the dead.”",Ilias
1730,"The waves of people at his word divide,
Slow rolls the chariot through the following tide;
Even to the palace the sad pomp they wait:
They weep, and place him on the bed of state.
A melancholy choir attend around,
With plaintive sighs, and music’s solemn sound:
Alternately they sing, alternate flow
The obedient tears, melodious in their woe.
While deeper sorrows groan from each full heart,
And nature speaks at every pause of art.",Ilias
1731,"The mournful mother next sustains her part:
“O thou, the best, the dearest to my heart!
Of all my race thou most by heaven approved,
And by the immortals even in death beloved!
While all my other sons in barbarous bands
Achilles bound, and sold to foreign lands,
This felt no chains, but went a glorious ghost,
Free, and a hero, to the Stygian coast.
Sentenced, ’tis true, by his inhuman doom,
Thy noble corse was dragg’d around the tomb;
(The tomb of him thy warlike arm had slain;)
Ungenerous insult, impotent and vain!
Yet glow’st thou fresh with every living grace;
No mark of pain, or violence of face:
Rosy and fair! as Phœbus’ silver bow
Dismiss’d thee gently to the shades below.”",Ilias
1732,"Thus spoke the dame, and melted into tears.
Sad Helen next in pomp of grief appears;
Fast from the shining sluices of her eyes
Fall the round crystal drops, while thus she cries.",Ilias
1733,"“Ah, dearest friend! in whom the gods had join’d[298]
The mildest manners with the bravest mind,
Now twice ten years (unhappy years) are o’er
Since Paris brought me to the Trojan shore,
(O had I perish’d, ere that form divine
Seduced this soft, this easy heart of mine!)
Yet was it ne’er my fate, from thee to find
A deed ungentle, or a word unkind.
When others cursed the authoress of their woe,
Thy pity check’d my sorrows in their flow.
If some proud brother eyed me with disdain,
Or scornful sister with her sweeping train,
Thy gentle accents soften’d all my pain.
For thee I mourn, and mourn myself in thee,
The wretched source of all this misery.
The fate I caused, for ever I bemoan;
Sad Helen has no friend, now thou art gone!
Through Troy’s wide streets abandon’d shall I roam!
In Troy deserted, as abhorr’d at home!”",Ilias
1734,"So spoke the fair, with sorrow-streaming eye.
Distressful beauty melts each stander-by.
On all around the infectious sorrow grows;
But Priam check’d the torrent as it rose:
“Perform, ye Trojans! what the rites require,
And fell the forests for a funeral pyre;
Twelve days, nor foes nor secret ambush dread;
Achilles grants these honours to the dead.”[299]",Ilias
1735,"
We have now passed through the Iliad, and seen the anger of Achilles,
and the terrible effects of it, at an end: as that only was the subject
of the poem, and the nature of epic poetry would not permit our author
to proceed to the event of the war, it perhaps may be acceptable to the
common reader to give a short account of what happened to Troy and the
chief actors in this poem after the conclusion of it.",Ilias
1736,"I need not mention that Troy was taken soon after the death of Hector
by the stratagem of the wooden horse, the particulars of which are
described by Virgil in the second book of the Æneid.",Ilias
1737,"Achilles fell before Troy, by the hand of Paris, by the shot of an
arrow in his heel, as Hector had prophesied at his death, lib. xxii.",Ilias
1738,"Ajax, after the death of Achilles, had a contest with Ulysses for the
armour of Vulcan, but being defeated in his aim, he slew himself
through indignation.",Ilias
1739,"Helen, after the death of Paris, married Deiphobus his brother, and at
the taking of Troy betrayed him, in order to reconcile herself to
Menelaus her first husband, who received her again into favour.",Ilias
1740,"Agamemnon at his return was barbarously murdered by Ægysthus, at the
instigation of Clytemnestra his wife, who in his absence had
dishonoured his bed with Ægysthus.",Ilias
1741,"Diomed, after the fall of Troy, was expelled his own country, and
scarce escaped with his life from his adulterous wife Ægialé; but at
last was received by Daunus in Apulia, and shared his kingdom; it is
uncertain how he died.",Ilias
1742,"Ulysses also, after innumerable troubles by sea and land, at last
returned in safety to Ithaca, which is the subject of Homer’s Odyssey.",Ilias
1743,"For what remains, I beg to be excused from the ceremonies of taking
leave at the end of my work, and from embarrassing myself, or others,
with any defences or apologies about it. But instead of endeavouring to
raise a vain monument to myself, of the merits or difficulties of it
(which must be left to the world, to truth, and to posterity), let me
leave behind me a memorial of my friendship with one of the most
valuable of men, as well as finest writers, of my age and country, one
who has tried, and knows by his own experience, how hard an undertaking
it is to do justice to Homer, and one whom (I am sure) sincerely
rejoices with me at the period of my labours. To him, therefore, having
brought this long work to a conclusion, I desire to dedicate it, and to
have the honour and satisfaction of placing together, in this manner,
the names of Mr. CONGREVE, and of",Ilias
1744,"
Ton theon de eupoiia—to mae epi pleon me procophai en poiaetiki kai
allois epitaeoeimasi en ois isos a kateschethaen, ei aesthomaen emautan
euodos proionta.",Ilias
1745,"
 [1] “What,” says Archdeacon Wilberforce, “is the natural root of
 loyalty as distinguished from such mere selfish desire of personal
 security as is apt to take its place in civilized times, but that
 consciousness of a natural bond among the families of men which gives
 a fellow-feeling to whole clans and nations, and thus enlists their
 affections in behalf of those time-honoured representatives of their
 ancient blood, in whose success they feel a personal interest? Hence
 the delight when we recognize an act of nobility or justice in our
 hereditary princes",Ilias
1746,"“So strong is this feeling, that it regains an engrafted influence even
when history witnesses that vast convulsions have rent and weakened it
and the Celtic feeling towards the Stuarts has been rekindled in our
own days towards the granddaughter of George the Third of Hanover.
    “Somewhat similar may be seen in the disposition to idolize those
    great lawgivers of man’s race, who have given expression, in the
    immortal language of song, to the deeper inspirations of our
    nature. The thoughts of Homer or of Shakespere are the universal
    inheritance of the human race. In this mutual ground every man
    meets his brother, they have been set forth by the providence of
    God to vindicate for all of us what nature could effect, and that,
    in these representatives of our race, we might recognize our common
    benefactors.’—_Doctrine of the Incarnation_, pp. 9, 10.",Ilias
1747," [2] Εἰκος δέ μιν ἦν καὶ μνημόσυνα πάντων γράφεσθαι. Vit. Hom. in
 Schweigh. Herodot. t. iv. p. 299, sq. § 6. I may observe that this
 Life has been paraphrased in English by my learned young friend
 Kenneth R. H. Mackenzie, and appended to my prose translation of the
 Odyssey. The present abridgement however, will contain all that is of
 use to the reader, for the biographical value of the treatise is most
 insignificant.",Ilias
1748," [3] _I.e._ both of composing and reciting verses for as Blair
 observes, “The first poets sang their own verses.” Sextus Empir. adv.
 Mus. p. 360 ed. Fabric. Οὐ ἀμελει γέ τοι καὶ οἰ ποιηταὶ μελοποιοὶ
 λέγονται, καὶ τὰ Ὁμήρου ἕπη τὸ πάλαι πρὸς λύραν ἤδετο.
    “The voice,” observes Heeren, “was always accompanied by some
 instrument. The bard was provided with a harp on which he played a
 prelude, to elevate and inspire his mind, and with which he
 accompanied the song when begun. His voice probably preserved a medium
 between singing and recitation; the words, and not the melody were
 regarded by the listeners, hence it was necessary for him to remain
 intelligible to all. In countries where nothing similar is found, it
 is difficult to represent such scenes to the mind; but whoever has had
 an opportunity of listening to the improvisation of Italy, can easily
 form an idea of Demodocus and Phemius.”—_Ancient Greece_, p. 94.",Ilias
1749," [4] “Should it not be, since _my_ arrival? asks Mackenzie, observing
 that “poplars can hardly live so long”. But setting aside the fact
 that we must not expect consistency in a mere romance, the ancients
 had a superstitious belief in the great age of trees which grew near
 places consecrated by the presence of gods and great men. See Cicero
 de Legg II I, sub init., where he speaks of the plane tree under which
 Socrates used to walk and of the tree at Delos, where Latona gave
 birth to Apollo. This passage is referred to by Stephanus of
 Byzantium, _s. v._ N. T. p. 490, ed. de Pinedo. I omit quoting any of
 the dull epigrams ascribed to Homer for, as Mr. Justice Talfourd
 rightly observes, “The authenticity of these fragments depends upon
 that of the pseudo Herodotean Life of Homer, from which they are
 taken.” Lit of Greece, pp. 38 in Encycl. Metrop. Cf. Coleridge,
 Classic Poets, p. 317.",Ilias
1750," [7] Ὡς εἰ τοὺς Ὁμήρους δόξει τρέφειν αὐτοῖς, ὅμιλον πολλόν τε και
 ἀχρεοῖν ἕξουσιν. ἐι τεῦθεν δὲ και τοὔνομα Ὁμηρος ἐπεκράτησε τῷ
 Μελησιγενεῖ ἀπὸ τῆς συμφορης. οἱ γὰρ Κυμαῖοι τοὺς τυφλοὺς Ὁμήρους
 λέγουσιν. Vit. Hom. _l. c._ p. 311. The etymology has been condemned
 by recent scholars. See Welcker, Epische Cyclus, p. 127, and
 Mackenzie’s note, p. xiv.",Ilias
1751," [8] Θεστορίδης, θνητοῖσιν ἀνωἷστων πολεών περ, οὐδὲν ἀφραστότερον
 πέλεται νόου ἀνθρώποισιν. Ibid. p. 315. During his stay at Phocœa,
 Homer is said to have composed the Little Iliad, and the Phocœid. See
 Muller’s Hist. of Lit., vi. § 3. Welcker, _l. c._ pp. 132, 272, 358,
 sqq., and Mure, Gr. Lit. vol. ii. p. 284, sq.",Ilias
1752," [9] This is so pretty a picture of early manners and hospitality, that
 it is almost a pity to find that it is obviously a copy from the
 Odyssey. See the fourteenth book. In fact, whoever was the author of
 this fictitious biography, he showed some tact in identifying Homer
 with certain events described in his poems, and in eliciting from them
 the germs of something like a personal narrative.",Ilias
1753," [10] Διὰ λόγων ἐστιῶντο. A common metaphor. So Plato calls the parties
 conversing δαιτύμονες, or ἐστιάτορες, Tim. i. p. 522 A. Cf. Themist.
 Orat. vi. p. 168, and xvi. p. 374, ed. Petav. So διηγήμασι σοφοῖς ὁμοῦ
 καὶ τερπνοῖς ἡδίω τὴν θοινην τοῖς ἑστιωμένοις ἐποίει, Choricius in
 Fabric. Bibl. Gr. T. viii. P. 851. λόγοις γὰρ ἑστίᾳ, Athenæus vii p
 275, A.",Ilias
1754," [11] It was at Bolissus, and in the house of this Chian citizen, that
 Homer is said to have written the Batrachomyomachia, or Battle of the
 Frogs and Mice, the Epicichlidia, and some other minor works.",Ilias
1755," [12] Chandler, Travels, vol. i. p. 61, referred to in the Voyage
 Pittoresque dans la Grèce, vol. i. P. 92, where a view of the spot is
 given of which the author candidly says,— “Je ne puis répondre d’une
 exactitude scrupuleuse dans la vue générale que j’en donne, car étant
 allé seul pour l’examiner je perdis mon crayon, et je fus obligé de
 m’en fier à ma mémoire. Je ne crois cependant pas avoir trop à me
 plaindre d’elle en cette occasion.”",Ilias
1756," [13] A more probable reason for this companionship, and for the
 character of Mentor itself, is given by the allegorists, viz.: the
 assumption of Mentor’s form by the guardian deity of the wise Ulysses,
 Minerva. The classical reader may compare Plutarch, Opp. t. ii. p.
 880; _Xyland_. Heraclid. Pont. Alleg. Hom. p. 531-5, of Gale’s Opusc.
 Mythol. Dionys. Halic. de Hom. Poes. c. 15; Apul. de Deo Socrat. s. f.",Ilias
1757," [20] Viz., the following beautiful passage, for the translation of
 which I am indebted to Coleridge, Classic Poets, p. 286.",Ilias
1758,"“Origias, farewell! and oh! remember me
Hereafter, when some stranger from the sea,
A hapless wanderer, may your isle explore,
And ask you, maid, of all the bards you boast,
Who sings the sweetest, and delights you most
Oh! answer all,—‘A blind old man and poor
Sweetest he sings—and dwells on Chios’ rocky shore.’”",Ilias
1759," [21] Longin., de Sublim., ix. § 26. Ὅθεν ἐν τῇ Ὀδυσσείᾳ παρεικάσαι τις
 ἂν καταδυομένῳ τὸν Ὅμηρον ἡλίῳ, οδ δίχα τῆς σφοδρότητος παραμένει το
 μέγεθος.",Ilias
1760," [22] See Tatian, quoted in Fabric. Bibl. Gr. v. II t. ii. Mr.
 Mackenzie has given three brief but elaborate papers on the different
 writers on the subject, which deserve to be consulted. See Notes and
 Queries, vol. v. pp. 99, 171, and 221. His own views are moderate, and
 perhaps as satisfactory, on the whole, as any of the hypotheses
 hitherto put forth. In fact, they consist in an attempt to blend those
 hypotheses into something like consistency, rather than in advocating
 any individual theory.",Ilias
1761," [28] Betrachtungen über die Ilias. Berol. 1841. See Grote, p. 204.
 Notes and Queries, vol. v. p. 221.",Ilias
1762," [31] “Who,” says Cicero, de Orat. iii. 34, “was more learned in that
 age, or whose eloquence is reported to have been more perfected by
 literature than that of Peisistratus, who is said first to have
 disposed the books of Homer in the order in which we now have them?”
 Compare Wolf’s Prolegomena 33, §.",Ilias
1763," [32] “The first book, together with the eighth, and the books from the
 eleventh to the twenty-second inclusive, seems to form the primary
 organization of the poem, then properly an Achilleïs.”—Grote, vol. ii.
 p. 235",Ilias
1764," [36] The best description of this monument will be found in Vaux’s
 “Antiquities of the British Museum,” p. 198 sq. The monument itself
 (Towneley Sculptures, No. 123) is well known.",Ilias
1765," [41] Vultures: Pope is more accurate than the poet he translates, for
 Homer writes “a prey to dogs and to _all_ kinds of birds. But all
 kinds of birds are not carnivorous.",Ilias
1766," [42] _i.e._ during the whole time of their striving the will of Jove
 was being gradually accomplished.",Ilias
1767," [47] _Smintheus_ an epithet taken from sminthos, the Phrygian name
 for a _mouse_, was applied to Apollo for having put an end to a plague
 of mice which had harassed that territory. Strabo, however, says, that
 when the Teucri were migrating from Crete, they were told by an oracle
 to settle in that place, where they should not be attacked by the
 original inhabitants of the land, and that, having halted for the
 night, a number of field-mice came and gnawed away the leathern straps
 of their baggage, and thongs of their armour. In fulfilment of the
 oracle, they settled on the spot, and raised a temple to Sminthean
 Apollo. Grote, “History of Greece,” i. p. 68, remarks that the
 “worship of Sminthean Apollo, in various parts of the Troad and its
 neighboring territory, dates before the earliest period of Æolian
 colonization.”",Ilias
1768," [48] _Cilla_, a town of Troas near Thebe, so called from Cillus, a
 sister of Hippodamia, slain by Œnomaus.",Ilias
1769," [51] It has frequently been observed, that most pestilences begin with
 animals, and that Homer had this fact in mind.",Ilias
1770," [52] _Convened to council_. The public assembly in the heroic times is
 well characterized by Grote, vol. ii. p 92. “It is an assembly for
 talk. Communication and discussion to a certain extent by the chiefs
 in person, of the people as listeners and sympathizers—often for
 eloquence, and sometimes for quarrel—but here its ostensible purposes
 end.”",Ilias
1771," [53] Old Jacob Duport, whose “Gnomologia Homerica” is full of curious
 and useful things, quotes several passages of the ancients, in which
 reference is made to these words of Homer, in maintenance of the
 belief that dreams had a divine origin and an import in which men were
 interested.",Ilias
1772," [56] The Myrmidons dwelt on the southern borders of Thessaly, and took
 their origin from Myrmido, son of Jupiter and Eurymedusa. It is
 fancifully supposed that the name was derived from myrmaex, an _ant_,
 “because they imitated the diligence of the ants, and like them were
 indefatigable, continually employed in cultivating the earth; the
 change from ants to men is founded merely on the equivocation of their
 name, which resembles that of the ant: they bore a further resemblance
 to these little animals, in that instead of inhabiting towns or
 villages, at first they commonly resided in the open fields, having no
 other retreats but dens and the cavities of trees, until Ithacus
 brought them together, and settled them in more secure and comfortable
 habitations.”—Anthon’s “Lempriere.”",Ilias
1773," [57] Eustathius, after Heraclides Ponticus and others, allegorizes
 this apparition, as if the appearance of Minerva to Achilles, unseen
 by the rest, was intended to point out the sudden recollection that he
 would gain nothing by intemperate wrath, and that it were best to
 restrain his anger, and only gratify it by withdrawing his services.
 The same idea is rather cleverly worked out by Apuleius, “De Deo
 Socratis.”",Ilias
1774," [59] Salt water was chiefly used in lustrations, from its being
 supposed to possess certain fiery particles. Hence, if sea-water could
 not be obtained, salt was thrown into the fresh water to be used for
 the lustration. Menander, in Clem. Alex. vii. p.713, hydati
 perriranai, embalon alas, phakois.",Ilias
1775," [60] The persons of heralds were held inviolable, and they were at
 liberty to travel whither they would without fear of molestation.
 Pollux, Onom. viii. p. 159. The office was generally given to old men,
 and they were believed to be under the especial protection of Jove and
 Mercury.",Ilias
1776," [61] His mother, Thetis, the daughter of Nereus and Doris, who was
 courted by Neptune and Jupiter. When, however, it was known that the
 son to whom she would give birth must prove greater than his father,
 it was determined to wed her to a mortal, and Peleus, with great
 difficulty, succeeded in obtaining her hand, as she eluded him by
 assuming various forms. Her children were all destroyed by fire
 through her attempts to see whether they were immortal, and Achilles
 would have shared the same fate had not his father rescued him. She
 afterwards rendered him invulnerable by plunging him into the waters
 of the Styx, with the exception of that part of the heel by which she
 held him. Hygin. Fab. 54",Ilias
1777," [65] _To Fates averse_. Of the gloomy destiny reigning throughout the
 Homeric poems, and from which even the gods are not exempt, Schlegel
 well observes, “This power extends also to the world of gods— for the
 Grecian gods are mere powers of nature—and although immeasurably
 higher than mortal man, yet, compared with infinitude, they are on an
 equal footing with himself.”—‘Lectures on the Drama’ v. p. 67.",Ilias
1778," [66] It has been observed that the annual procession of the sacred
 ship so often represented on Egyptian monuments, and the return of the
 deity from Ethiopia after some days’ absence, serves to show the
 Ethiopian origin of Thebes, and of the worship of Jupiter Ammon. “I
 think,” says Heeren, after quoting a passage from Diodorus about the
 holy ship, “that this procession is represented in one of the great
 sculptured reliefs on the temple of Karnak. The sacred ship of Ammon
 is on the shore with its whole equipment, and is towed along by
 another boat. It is therefore on its voyage. This must have been one
 of the most celebrated festivals, since, even according to the
 interpretation of antiquity, Homer alludes to it when he speaks of
 Jupiter’s visit to the Ethiopians, and his twelve days’
 absence.”—Long, “Egyptian Antiquities” vol. 1 p. 96. Eustathius, vol.
 1 p. 98, sq. (ed. Basil) gives this interpretation, and likewise an
 allegorical one, which we will spare the reader.",Ilias
1779," [67] _Atoned_, i.e. reconciled. This is the proper and most natural
 meaning of the word, as may be seen from Taylor’s remarks in Calmet’s
 Dictionary, p.110, of my edition.",Ilias
1780," [68] That is, drawing back their necks while they cut their throats.
 “If the sacrifice was in honour of the celestial gods, the throat was
 bent upwards towards heaven; but if made to the heroes, or infernal
 deities, it was killed with its throat toward the ground.”— “Elgin
 Marbles,” vol i. p.81.",Ilias
1781,"“The jolly crew, unmindful of the past,
The quarry share, their plenteous dinner haste,
Some strip the skin; some portion out the spoil;
The limbs yet trembling, in the caldrons boil;
Some on the fire the reeking entrails broil.
Stretch’d on the grassy turf, at ease they dine,
Restore their strength with meat, and cheer their souls with wine.”",Ilias
1782," [69] _Crown’d, i.e._ filled to the brim. The custom of adorning
 goblets with flowers was of later date.",Ilias
1783," [70] _He spoke_, &c. “When a friend inquired of Phidias what pattern
 he had formed his Olympian Jupiter, he is said to have answered by
 repeating the lines of the first Iliad in which the poet represents
 the majesty of the god in the most sublime terms; thereby signifying
 that the genius of Homer had inspired him with it. Those who beheld
 this statue are said to have been so struck with it as to have asked
 whether Jupiter had descended from heaven to show himself to Phidias,
 or whether Phidias had been carried thither to contemplate the god.”—
 “Elgin Marbles,” vol. xii p.124.",Ilias
1784," [71] “So was his will
Pronounced among the gods, and by an oath,
That shook heav’n’s whole circumference, confirm’d.”",Ilias
1785," [72] _A double bowl, i.e._ a vessel with a cup at both ends, something
 like the measures by which a halfpenny or pennyworth of nuts is sold.
 See Buttmann, Lexic. p. 93 sq.",Ilias
1786,"“Him th’ Almighty power
Hurl’d headlong flaming from th ethereal sky,
With hideous ruin and combustion”",Ilias
1787," [74] The occasion on which Vulcan incurred Jove’s displeasure was
 this—After Hercules, had taken and pillaged Troy, Juno raised a storm,
 which drove him to the island of Cos, having previously cast Jove into
 a sleep, to prevent him aiding his son. Jove, in revenge, fastened
 iron anvils to her feet, and hung her from the sky, and Vulcan,
 attempting to relieve her, was kicked down from Olympus in the manner
 described. The allegorists have gone mad in finding deep explanations
 for this amusing fiction. See Heraclides, “Ponticus,” p. 463 sq., ed
 Gale. The story is told by Homer himself in Book xv. The Sinthians
 were a race of robbers, the ancient inhabitants of Lemnos which island
 was ever after sacred to Vulcan.",Ilias
1788,"“Nor was his name unheard or unadored
In ancient Greece, and in Ausonian land
Men call’d him Mulciber, and how he fell
From heaven, they fabled, thrown by angry Jove
Sheer o’er the crystal battlements from morn
To noon he fell, from noon to dewy eve,
A summer’s day and with the setting sun
Dropp’d from the zenith like a falling star
On Lemnos, th’ Aegean isle thus they relate.”",Ilias
1789," [75] It is ingeniously observed by Grote, vol i p. 463, that “The gods
 formed a sort of political community of their own which had its
 hierarchy, its distribution of ranks and duties, its contentions for
 power and occasional revolutions, its public meetings in the agora of
 Olympus, and its multitudinous banquets or festivals.”",Ilias
1790," [76] Plato, Rep. iii. p. 437, was so scandalized at this deception of
 Jupiter’s, and at his other attacks on the character of the gods, that
 he would fain sentence him to an honourable banishment. (See Minucius
 Felix, Section 22.) Coleridge, Introd. p. 154, well observes, that the
 supreme father of gods and men had a full right to employ a lying
 spirit to work out his ultimate will. Compare “Paradise Lost,” v. 646:",Ilias
1791," [77] —_Dream_ ought to be spelt with a capital letter, being, I think,
 evidently personified as the god of dreams. See Anthon and others.",Ilias
1792," [79] This truly military sentiment has been echoed by the approving
 voice of many a general and statesman of antiquity. See Pliny’s
 Panegyric on Trajan. Silius neatly translates it,",Ilias
1793," [81] “As bees in spring-time, when
The sun with Taurus rides,
Pour forth their populous youth about the hive
In clusters; they among fresh dews and flowers
Fly to and fro, or on the smoothed plank,
The suburb of this straw-built citadel,
New-nibb’d with balm, expatiate and confer
Their state affairs. So thick the very crowd
Swarm’d and were straiten’d.”—“Paradise Lost” i. 768.",Ilias
1794," [82] It was the herald’s duty to make the people sit down. “A
 _standing_ agora is a symptom of manifest terror (II. Xviii. 246) an
 evening agora, to which men came elevated by wine, is also the
 forerunner of mischief (‘Odyssey,’ iii. 138).”—Grote, ii. p. 91,
 _note_.",Ilias
1795," [83] This sceptre, like that of Judah (Genesis xlix. 10), is a type of
 the supreme and far-spread dominion of the house of the Atrides. See
 Thucydides i. 9. “It is traced through the hands of Hermes, he being
 the wealth giving god, whose blessing is most efficacious in
 furthering the process of acquisition.”—Grote, i. p. 212. Compare
 Quintus Calaber (Dyce’s Selections, p. 43).",Ilias
1796,"“Thus the monarch spoke,
Then pledged the chief in a capacious cup,
Golden, and framed by art divine (a gift
Which to Almighty Jove lame Vulcan brought
Upon his nuptial day, when he espoused
The Queen of Love), the sire of gods bestow’d
The cup on Dardanus, who gave it next
To Ericthonius Tros received it then,
And left it, with his wealth, to be possess’d
By Ilus he to great Laomedon
Gave it, and last to Priam’s lot it fell.”",Ilias
1797," [84] Grote, i, p. 393, states the number of the Grecian forces at
 upwards of 100,000 men. Nichols makes a total of 135,000.",Ilias
1798," [85] “As thick as when a field
Of Ceres, ripe for harvest, waving bends
His bearded grove of ears, which way the wind
Sways them.”—Paradise Lost,” iv. 980, sqq.",Ilias
1799," [86] This sentiment used to be a popular one with some of the greatest
 tyrants, who abused it into a pretext for unlimited usurpation of
 power. Dion, Caligula, and Domitian were particularly fond of it, and,
 in an extended form, we find the maxim propounded by Creon in the
 Antigone of Sophocles. See some important remarks of Heeren, “Ancient
 Greece,” ch. vi. p. 105.",Ilias
1800," [88] “There cannot be a clearer indication than this description —so
 graphic in the original poem—of the true character of the Homeric
 agora. The multitude who compose it are listening and acquiescent, not
 often hesitating, and never refractory to the chief. The fate which
 awaits a presumptuous critic, even where his virulent reproaches are
 substantially well-founded, is plainly set forth in the treatment of
 Thersites; while the unpopularity of such a character is attested even
 more by the excessive pains which Homer takes to heap upon him
 repulsive personal deformities, than by the chastisement of Odysseus
 he is lame, bald, crook-backed, of misshapen head, and squinting
 vision.”—Grote, vol. i. p. 97.",Ilias
1801," [89] According to Pausanias, both the sprig and the remains of the
 tree were exhibited in his time. The tragedians, Lucretius and others,
 adopted a different fable to account for the stoppage at Aulis, and
 seem to have found the sacrifice of Iphigena better suited to form the
 subject of a tragedy. Compare Dryden’s “Æneid,” vol. iii. sqq.",Ilias
1802," [90] _Full of his god, i.e._, Apollo, filled with the prophetic
 spirit. “_The_ god” would be more simple and emphatic.",Ilias
1803," [91] Those critics who have maintained that the “Catalogue of Ships”
 is an interpolation, should have paid more attention to these lines,
 which form a most natural introduction to their enumeration.",Ilias
1804," [92] The following observation will be useful to Homeric readers:
 “Particular animals were, at a later time, consecrated to particular
 deities. To Jupiter, Ceres, Juno, Apollo, and Bacchus victims of
 advanced age might be offered. An ox of five years old was considered
 especially acceptable to Jupiter. A black bull, a ram, or a boar pig,
 were offerings for Neptune. A heifer, or a sheep, for Minerva. To
 Ceres a sow was sacrificed, as an enemy to corn. The goat to Bacchus,
 because he fed on vines. Diana was propitiated with a stag; and to
 Venus the dove was consecrated. The infernal and evil deities were to
 be appeased with black victims. The most acceptable of all sacrifices
 was the heifer of a year old, which had never borne the yoke. It was
 to be perfect in every limb, healthy, and without blemish.”—“Elgin
 Marbles,” vol. i. p. 78.",Ilias
1805," [93] _Idomeneus_, son of Deucalion, was king of Crete. Having vowed,
 during a tempest, on his return from Troy, to sacrifice to Neptune the
 first creature that should present itself to his eye on the Cretan
 shore, his son fell a victim to his rash vow.",Ilias
1806," [95] That is, Ajax, the son of Oïleus, a Locrian. He must be
 distinguished from the other, who was king of Salamis.",Ilias
1807," [96] A great deal of nonsense has been written to account for the word
 _unbid_, in this line. Even Plato, “Sympos.” p. 315, has found some
 curious meaning in what, to us, appears to need no explanation. Was
 there any _heroic_ rule of etiquette which prevented one brother-king
 visiting another without a formal invitation?",Ilias
1808," [97] Fresh water fowl, especially swans, were found in great numbers
 about the Asian Marsh, a fenny tract of country in Lydia, formed by
 the river Cayster, near its mouth. See Virgil, “Georgics,” vol. i.
 383, sq.",Ilias
1809," [99] It should be “his _chest_ like Neptune.” The torso of Neptune, in
 the “Elgin Marbles,” No. 103, (vol. ii. p. 26,) is remarkable for its
 breadth and massiveness of development.",Ilias
1810,"“Ma di’ tu, Musa, come i primi danni
Mandassero à Cristiani, e di quai parti:
Tu ’l sai; ma di tant’ opra a noi si lunge
Debil aura di fama appena giunge.”—“Gier. Lib.” iv. 19.",Ilias
1811," [103] The mention of Corinth is an anachronism, as that city was
 called Ephyre before its capture by the Dorians. But Velleius, vol. i.
 p. 3, well observes, that the poet would naturally speak of various
 towns and cities by the names by which they were known in his own
 time.",Ilias
1812," [104] “Adam, the goodliest man of men since born, His sons, the
 fairest of her daughters Eve.’—“Paradise Lost,” iv. 323.",Ilias
1813," [105] _Æsetes’ tomb_. Monuments were often built on the sea-coast, and
 of a considerable height, so as to serve as watch-towers or land
 marks. See my notes to my prose translations of the “Odyssey,” ii. p.
 21, or on Eur. “Alcest.” vol. i. p. 240.",Ilias
1814," [106] _Zeleia_, another name for Lycia. The inhabitants were greatly
 devoted to the worship of Apollo. See Muller, “Dorians,” vol. i. p.
 248.",Ilias
1815," [107] _Barbarous tongues_. “Various as were the dialects of the
 Greeks—and these differences existed not only between the several
 tribes, but even between neighbouring cities—they yet acknowledged in
 their language that they formed but one nation were but branches of
 the same family. Homer has ‘men of other tongues:’ and yet Homer had
 no general name for the Greek nation.”—Heeren, “Ancient Greece,”
 Section vii. p. 107, sq.",Ilias
1816," [108] _The cranes_.
“Marking the tracts of air, the clamorous cranes
Wheel their due flight in varied ranks descried:
And each with outstretch’d neck his rank maintains,
In marshall’d order through th’ ethereal void.”",Ilias
1817," [109] _Silent, breathing rage._
“Thus they,
Breathing united force with fixed thought,
Moved on in silence.”",Ilias
1818," [110] “As when some peasant in a bushy brake
Has with unwary footing press’d a snake;
He starts aside, astonish’d, when he spies
His rising crest, blue neck, and rolling eyes”",Ilias
1819," [111] Dysparis, _i.e._ unlucky, ill fated, Paris. This alludes to the
 evils which resulted from his having been brought up, despite the
 omens which attended his birth.",Ilias
1820," [112] The following scene, in which Homer has contrived to introduce
 so brilliant a sketch of the Grecian warriors, has been imitated by
 Euripides, who in his “Phoenissae” represents Antigone surveying the
 opposing champions from a high tower, while the paedagogus describes
 their insignia and details their histories.",Ilias
1821," [113] _No wonder_, &c. Zeuxis, the celebrated artist, is said to have
 appended these lines to his picture of Helen, as a motto. Valer Max.
 iii. 7.",Ilias
1822," [116]
“His lab’ring heart with sudden rapture seized
He paus’d, and on the ground in silence gazed.
Unskill’d and uninspired he seems to stand,
Nor lifts the eye, nor graceful moves the hand:
Then, while the chiefs in still attention hung,
Pours the full tide of eloquence along;
While from his lips the melting torrent flows,
Soft as the fleeces of descending snows.
Now stronger notes engage the listening crowd,
Louder the accents rise, and yet more loud,
Like thunders rolling from a distant cloud.”",Ilias
1823," [117] Duport, “Gnomol. Homer,” p. 20, well observes that this
 comparison may also be sarcastically applied to the _frigid_ style of
 oratory. It, of course, here merely denotes the ready fluency of
 Ulysses.",Ilias
1824," [118] _Her brothers’ doom_. They perished in combat with Lynceus and
 Idas, whilst besieging Sparta. See Hygin. Poet Astr. 32, 22. Virgil
 and others, however, make them share immortality by turns.",Ilias
1825," [119] Idreus was the arm-bearer and charioteer of king Priam, slain
 during this war. Cf. Æn, vi. 487.",Ilias
1826," [121] This was customary in all sacrifices. Hence we find Iras
 descending to cut off the hair of Dido, before which she could not
 expire.",Ilias
1827,"“This said, his feeble hand a jav’lin threw,
Which, flutt’ring, seemed to loiter as it flew,
Just, and but barely, to the mark it held,
And faintly tinkled on the brazen shield.”",Ilias
1828,"“Thus having said, she turn’d and made appear
Her neck refulgent and dishevell’d hair,
Which, flowing from her shoulders, reach’d the ground,
And widely spread ambrosial scents around.
In length of train descends her sweeping gown;
And, by her graceful walk, the queen of love is known.”",Ilias
1829," [124] _Cranae’s isle, i.e._ Athens. See the “Schol.” and Alberti’s
 “Hesychius,” vol. ii. p. 338. This name was derived from one of its
 early kings, Cranaus.",Ilias
1830," [125] _The martial maid_. In the original, “Minerva Alalcomeneis,”
 _i.e. the defender_, so called from her temple at Alalcomene in
 Bœotia.",Ilias
1831," [127] —_Argos_. The worship of Juno at Argos was very celebrated in
 ancient times, and she was regarded as the patron deity of that city.
 Apul. Met., vi. p. 453; Servius on Virg. Æn., i. 28.",Ilias
1832,"So Apuleius, _l. c._ speaks of her as “Jovis germana et conjux, and so
Horace, Od. iii. 3, 64, “conjuge me Jovis et sorore.”",Ilias
1833," [129]
“Thither came Uriel, gleaming through the even
On a sunbeam, swift as a shooting star
In autumn thwarts the night, when vapours fired
Impress the air, and shows the mariner
From what point of his compass to beware
Impetuous winds.”",Ilias
1834," [130] _Æsepus’ flood_. A river of Mysia, rising from Mount Cotyius, in
 the southern part of the chain of Ida.",Ilias
1835," [133]
“The plant she bruises with a stone, and stands
Tempering the juice between her ivory hands
This o’er her breast she sheds with sovereign art
And bathes with gentle touch the wounded part
The wound such virtue from the juice derives,
At once the blood is stanch’d, the youth revives.”",Ilias
1836,"“Would heav’n (said he) my strength and youth recall,
Such as I was beneath Praeneste’s wall—
Then when I made the foremost foes retire,
And set whole heaps of conquer’d shields on fire;
When Herilus in single fight I slew,
Whom with three lives Feronia did endue.”",Ilias
1837," [135] _Sthenelus_, a son of Capaneus, one of the Epigoni. He was one
 of the suitors of Helen, and is said to have been one of those who
 entered Troy inside the wooden horse.",Ilias
1838," [136] _Forwarn’d the horrors_. The same portent has already been
 mentioned. To this day, modern nations are not wholly free from this
 superstition.",Ilias
1839,"“Thus, when a black-brow’d gust begins to rise,
White foam at first on the curl’d ocean fries;
Then roars the main, the billows mount the skies,
Till, by the fury of the storm full blown,
The muddy billow o’er the clouds is thrown.”",Ilias
1840," [141] I may, once for all, remark that Homer is most anatomically
 correct as to the parts of the body in which a wound would be
 immediately mortal.",Ilias
1841,"“Nuovo favor del cielo in lui niluce
E ’l fa grande, et angusto oltre il costume.
Gl’ empie d’ honor la faccia, e vi riduce
Di giovinezza il bel purpureo lume.”",Ilias
1842," [144]
“Or deluges, descending on the plains,
Sweep o’er the yellow year, destroy the pains
Of lab’ring oxen, and the peasant’s gains;
Uproot the forest oaks, and bear away
Flocks, folds, and trees, an undistinguish’d prey.”",Ilias
1843,"“A pair of coursers, born of heav’nly breed,
Who from their nostrils breathed ethereal fire;
Whom Circe stole from her celestial sire,
By substituting mares produced on earth,
Whose wombs conceived a more than mortal birth.",Ilias
1844," [147] The belief in the existence of men of larger stature in earlier
 times, is by no means confined to Homer.",Ilias
1845," [151] _Ægialé_ daughter of Adrastus. The Cyclic poets (See Anthon’s
 Lempriere, _s. v._) assert Venus incited her to infidelity, in revenge
 for the wound she had received from her husband.",Ilias
1846," [153] _Tlepolemus_, son of Hercules and Astyochia. Having left his
 native country, Argos, in consequence of the accidental murder of
 Liscymnius, he was commanded by an oracle to retire to Rhodes. Here he
 was chosen king, and accompanied the Trojan expedition. After his
 death, certain games were instituted at Rhodes in his honour, the
 victors being rewarded with crowns of poplar.",Ilias
1847," [154] These heroes’ names have since passed into a kind of proverb,
 designating the _oi polloi_ or mob.",Ilias
1848,"“Veil’d with his gorgeous wings, upspringing light
Flew through the midst of heaven; th’ angelic quires,
On each hand parting, to his speed gave way
Through all th’ empyreal road; till at the gate
Of heaven arrived, the gate self-open’d wide,
On golden hinges turning.”",Ilias
1849," [157] _Far as a shepherd_. “With what majesty and pomp does Homer
 exalt his deities! He here measures the leap of the horses by the
 extent of the world. And who is there, that, considering the exceeding
 greatness of the space would not with reason cry out that ‘If the
 steeds of the deity were to take a second leap, the world would want
 room for it’?”—Longinus, Section 8.",Ilias
1850," [158] “No trumpets, or any other instruments of sound, are used in the
 Homeric action itself; but the trumpet was known, and is introduced
 for the purpose of illustration as employed in war. Hence arose the
 value of a loud voice in a commander; Stentor was an indispensable
 officer... In the early Saracen campaigns frequent mention is made of
 the service rendered by men of uncommonly strong voices; the battle of
 Honain was restored by the shouts and menaces of Abbas, the uncle of
 Mohammed,” &c.—Coleridge, p. 213.",Ilias
1851," [160] _Pæon_ seems to have been to the gods, what Podaleirius and
 Machaon were to the Grecian heroes.",Ilias
1852," [163] _Rich heaps of brass_. “The halls of Alkinous and Menelaus
 glitter with gold, copper, and electrum; while large stocks of yet
 unemployed metal—gold, copper, and iron are stored up in the
 treasure-chamber of Odysseus and other chiefs. Coined money is unknown
 in the Homeric age—the trade carried on being one of barter. In
 reference also to the metals, it deserves to be remarked, that the
 Homeric descriptions universally suppose copper, and not iron, to be
 employed for arms, both offensive and defensive. By what process the
 copper was tempered and hardened, so as to serve the purpose of the
 warrior, we do not know; but the use of iron for these objects belongs
 to a later age.”—Grote, vol. ii. p. 142.",Ilias
1853," [164] _Oh impotent_, &c. “In battle, quarter seems never to have been
 given, except with a view to the ransom of the prisoner. Agamemnon
 reproaches Menelaus with unmanly softness, when he is on the point of
 sparing a fallen enemy, and himself puts the suppliant to the
 sword.”—Thirlwall, vol. i. p. 181",Ilias
1854," [165]
“The ruthless steel, impatient of delay,
Forbade the sire to linger out the day.
It struck the bending father to the earth,
And cropt the wailing infant at the birth.
Can innocents the rage of parties know,
And they who ne’er offended find a foe?”",Ilias
1855," [166]
“Meantime the Trojan dames, oppress’d with woe,
To Pallas’ fane in long procession go,
In hopes to reconcile their heav’nly foe:
They weep; they beat their breasts; they rend their hair,
And rich embroider’d vests for presents bear.”",Ilias
1856," [167] The manner in which this episode is introduced, is well
 illustrated by the following remarks of Mure, vol. i. p.298: “The
 poet’s method of introducing his episode, also, illustrates in a
 curious manner his tact in the dramatic department of his art. Where,
 for example, one or more heroes are despatched on some commission, to
 be executed at a certain distance of time or place, the fulfilment of
 this task is not, as a general rule, immediately described. A certain
 interval is allowed them for reaching the appointed scene of action,
 which interval is dramatised, as it were, either by a temporary
 continuation of the previous narrative, or by fixing attention for a
 while on some new transaction, at the close of which the further
 account of the mission is resumed.”",Ilias
1857," [168] _With tablets sealed_. These probably were only devices of a
 hieroglyphical character. Whether writing was known in the Homeric
 times is utterly uncertain. See Grote, vol ii. p. 192, sqq.",Ilias
1858," [170] From this “melancholy madness” of Bellerophon, hypochondria
 received the name of “Morbus Bellerophonteus.” See my notes in my
 prose translation, p. 112. The “Aleian field,” _i.e._ “the plain of
 wandering,” was situated between the rivers Pyramus and Pinarus, in
 Cilicia.",Ilias
1859," [171] _His own, of gold_. This bad bargain has passed into a common
 proverb. See Aulus Gellius, ii, 23.",Ilias
1860,"“The fifty nuptial beds, (such hopes had he,
So large a promise of a progeny,)
The ports of plated gold, and hung with spoils.”",Ilias
1861," [174] _O would kind earth_, &c. “It is apparently a sudden, irregular
 burst of popular indignation to which Hector alludes, when he regrets
 that the Trojans had not spirit enough to cover Paris with a mantle of
 stones. This, however, was also one of the ordinary formal modes of
 punishment for great public offences. It may have been originally
 connected with the same feeling—the desire of avoiding the pollution
 of bloodshed—which seems to have suggested the practice of burying
 prisoners alive, with a scantling of food by their side. Though Homer
 makes no mention of this horrible usage, the example of the Roman
 Vestals affords reasons for believing that, in ascribing it to the
 heroic ages, Sophocles followed an authentic tradition.”—Thirlwall’s
 Greece, vol. i. p. 171, sq.",Ilias
1862," [175] _Paris’ lofty dome_. “With respect to the private dwellings,
 which are oftenest described, the poet’s language barely enables us to
 form a general notion of their ordinary plan, and affords no
 conception of the style which prevailed in them or of their effect on
 the eye. It seems indeed probable, from the manner in which he dwells
 on their metallic ornaments that the higher beauty of proportion was
 but little required or understood, and it is, perhaps, strength and
 convenience, rather than elegance, that he means to commend, in
 speaking of the fair house which Paris had built for himself with the
 aid of the most skilful masons of Troy.”—Thirlwall’s Greece, vol. i.
 p. 231.",Ilias
1863,"“Come destrier, che da le regie stalle
    Ove a l’usa de l’arme si riserba,
Fugge, e libero al fiu per largo calle
    Va tragl’ armenti, o al fiume usato, o a l’herba.”",Ilias
1864," [177] _Casque_. The original word is stephanae, about the meaning of
 which there is some little doubt. Some take it for a different kind of
 cap or helmet, others for the rim, others for the cone, of the helmet.",Ilias
1865," [181] _In the general’s helm_. It was customary to put the lots into a
 helmet, in which they were well shaken up; each man then took his
 choice.",Ilias
1866," [184]
“Sete ò guerrieri, incomincio Pindoro,
Con pari honor di pari ambo possenti,
Dunque cessi la pugna, e non sian rotte
Le ragioni, e ’l riposo, e de la notte.”",Ilias
1867," [185] It was an ancient style of compliment to give a larger portion
 of food to the conqueror, or person to whom respect was to be shown.
 See Virg. Æn. viii. 181. Thus Benjamin was honoured with a “double
 portion.” Gen. xliii. 34.",Ilias
1868," [186] _Embattled walls._ “Another essential basis of mechanical unity
 in the poem is the construction of the rampart. This takes place in
 the seventh book. The reason ascribed for the glaring improbability
 that the Greeks should have left their camp and fleet unfortified
 during nine years, in the midst of a hostile country, is a purely
 poetical one: ‘So long as Achilles fought, the terror of his name
 sufficed to keep every foe at a distance.’ The disasters consequent on
 his secession first led to the necessity of other means of protection.
 Accordingly, in the battles previous to the eighth book, no allusion
 occurs to a rampart; in all those which follow it forms a prominent
 feature. Here, then, in the anomaly as in the propriety of the Iliad,
 the destiny of Achilles, or rather this peculiar crisis of it, forms
 the pervading bond of connexion to the whole poem.”—Mure, vol. i., p.
 257.",Ilias
1869," [188] _In exchange_. These lines are referred to by Theophilus, the
 Roman lawyer, iii. tit. xxiii. § 1, as exhibiting the most ancient
 mention of barter.",Ilias
1870," [189] “A similar bond of connexion, in the military details of the
 narrative, is the decree issued by Jupiter, at the commencement of the
 eighth book, against any further interference of the gods in the
 battles. In the opening of the twentieth book this interdict is
 withdrawn. During the twelve intermediate books it is kept steadily in
 view. No interposition takes place but on the part of the specially
 authorised agents of Jove, or on that of one or two contumacious
 deities, described as boldly setting his commands at defiance, but
 checked and reprimanded for their disobedience; while the other divine
 warriors, who in the previous and subsequent cantos are so active in
 support of their favourite heroes, repeatedly allude to the supreme
 edict as the cause of their present inactivity.”—Mure, vol. i. p 257.
 See however, Muller, “Greek Literature,” ch. v. Section 6, and Grote,
 vol. ii. p. 252.",Ilias
1871,"“Some of the epithets which Homer applies to the heavens seem to imply
that he considered it as a solid vault of metal. But it is not
necessary to construe these epithets so literally, nor to draw any such
inference from his description of Atlas, who holds the lofty pillars
which keep earth and heaven asunder. Yet it would seem, from the manner
in which the height of heaven is compared with the depth of Tartarus,
that the region of light was thought to have certain bounds. The summit
of the Thessalian Olympus was regarded as the highest point on the
earth, and it is not always carefully distinguished from the aerian
regions above The idea of a seat of the gods—perhaps derived from a
more ancient tradition, in which it was not attached to any
geographical site—seems to be indistinctly blended in the poet’s mind
with that of the real mountain.”—Thirlwall’s Greece, vol. i. p. 217,
sq.",Ilias
1872," [191]
“Now lately heav’n, earth, another world
Hung e’er my realm, link’d in a golden chain
To that side heav’n.”",Ilias
1873,"“Jove now, sole arbiter of peace and war,
Held forth the fatal balance from afar:
Each host he weighs; by turns they both prevail,
Till Troy descending fix’d the doubtful scale.”",Ilias
1874,"“Oh’ Eternal, to prevent such horrid fray,
Hung forth in heav’n his golden scales,
Wherein all things created first he weighed;
The pendulous round earth, with balanced air
In counterpoise; now ponders all events,
Battles and realms. In these he puts two weights,
The sequel each of parting and of fight:
The latter quick up flew, and kick’d the beam.”",Ilias
1875,"“And now all heaven
Had gone to wrack, with ruin overspread;
Had not th’ Almighty Father, where he sits
... foreseen.”",Ilias
1876," [194] _Gerenian Nestor_. The epithet _Gerenian_ either refers to the
 name of a place in which Nestor was educated, or merely signifies
 honoured, revered. See Schol. Venet. in II. B. 336; Strabo, viii. p.
 340.",Ilias
1877,"“Il suo Lesbia quasi bel fior succiso,
E in atto si gentil languir tremanti
Gl’ occhi, e cader siu ’l tergo il collo mira.”",Ilias
1878,"“Struck by the lab’ring priests’ uplifted hands
The victims fall: to heav’n they make their pray’r,
The curling vapours load the ambient air.
But vain their toil: the pow’rs who rule the skies
Averse beheld the ungrateful sacrifice.”",Ilias
1879," [198]
“As when about the silver moon, when aire is free from winde,
And stars shine cleare, to whose sweet beams high prospects on the
brows
Of all steepe hills and pinnacles thrust up themselves for shows,
And even the lowly valleys joy to glitter in their sight;
When the unmeasured firmament bursts to disclose her light,
And all the signs in heaven are seene, that glad the shepherd’s heart.”",Ilias
1880," [199] This flight of the Greeks, according to Buttmann, Lexil. p. 358,
 was not a supernatural flight caused by the gods, but “a great and
 general one, caused by Hector and the Trojans, but with the approval
 of Jove.”",Ilias
1881," [200] Grote, vol. ii. p. 91, after noticing the modest calmness and
 respect with which Nestor addresses Agamemnon, observes, “The Homeric
 Council is a purely consultative body, assembled not with any power of
 peremptorily arresting mischievous resolves of the king, but solely
 for his information and guidance.”",Ilias
1882," [201] In the heroic times, it is not unfrequent for the king to
 receive presents to purchase freedom from his wrath, or immunity from
 his exactions. Such gifts gradually became regular, and formed the
 income of the German, (Tacit. Germ. Section 15) Persian, (Herodot.
 iii.89), and other kings. So, too, in the middle ages, ‘The feudal
 aids are the beginning of taxation, of which they for a long time
 answered the purpose.’ (Hallam, Middle Ages, ch. x. pt. 1, p. 189)
 This fact frees Achilles from the apparent charge of sordidness.
 Plato, however, (De Rep. vi. 4), says, “We cannot commend Phœnix, the
 tutor of Achilles, as if he spoke correctly, when counselling him to
 accept of presents and assist the Greeks, but, without presents, not
 to desist from his wrath, nor again, should we commend Achilles
 himself, or approve of his being so covetous as to receive presents
 from Agamemnon,” &c.",Ilias
1883," [202] It may be observed, that, brief as is the mention of Briseïs in
 the Iliad, and small the part she plays—what little is said is
 pre-eminently calculated to enhance her fitness to be the bride of
 Achilles. Purity, and retiring delicacy, are features well contrasted
 with the rough, but tender disposition of the hero.",Ilias
1884," [203] _Laodice_. Iphianassa, or Iphigenia, is not mentioned by Homer,
 among the daughters of Agamemnon.",Ilias
1885," [204] “Agamemnon, when he offers to transfer to Achilles seven towns
 inhabited by wealthy husbandmen, who would enrich their lord by
 presents and tribute, seems likewise to assume rather a property in
 them, than an authority over them. And the same thing may be intimated
 when it is said that Peleus bestowed a great people, the Dolopes of
 Phthia, on Phœnix.”—Thirlwall’s Greece, vol. i Section 6, p. 162,
 note.",Ilias
1886," [205] _Pray in deep silence_. Rather: “use well-omened words;” or, as
 Kennedy has explained it, “Abstain from expressions unsuitable to the
 solemnity of the occasion, which, by offending the god, might defeat
 the object of their supplications.”",Ilias
1887," [206] _Purest hands_. This is one of the most ancient superstitions
 respecting prayer, and one founded as much in nature as in tradition.",Ilias
1888," [207] It must be recollected, that the war at Troy was not a settled
 siege, and that many of the chieftains busied themselves in piratical
 expeditions about its neighborhood. Such a one was that of which
 Achilles now speaks. From the following verses, it is evident that
 fruits of these maraudings went to the common support of the
 expedition, and not to the successful plunderer.",Ilias
1889," [209] _Orchomenian town_. The topography of Orchomenus, in Bœotia,
 “situated,” as it was, “on the northern bank of the lake Æpais, which
 receives not only the river Cephisus from the valleys of Phocis, but
 also other rivers from Parnassus and Helicon” (Grote, vol. p. 181),
 was a sufficient reason for its prosperity and decay. “As long as the
 channels of these waters were diligently watched and kept clear, a
 large portion of the lake was in the condition of alluvial land,
 pre-eminently rich and fertile. But when the channels came to be
 either neglected, or designedly choked up by an enemy, the water
 accumulated in such a degree as to occupy the soil of more than one
 ancient islet, and to occasion the change of the site of Orchomenus
 itself from the plain to the declivity of Mount Hyphanteion.” (Ibid.)",Ilias
1890," [210] The phrase “hundred gates,” &c., seems to be merely expressive
 of a great number. See notes to my prose translation, p. 162.",Ilias
1891,"“Many gifts he gave, and o’er
Dolopia bade me rule; thee in his arms
He brought an infant, on my bosom laid
The precious charge, and anxiously enjoin’d
That I should rear thee as my own with all
A parent’s love. I fail’d not in my trust
And oft, while round my neck thy hands were lock’d,
From thy sweet lips the half articulate sound
Of Father came; and oft, as children use,
Mewling and puking didst thou drench my tunic.”",Ilias
1892,"“This description,” observes my learned friend (notes, p. 121) “is
taken from the passage of Homer, II ix, in translating which, Pope,
with that squeamish, artificial taste, which distinguished the age of
Anne, omits the natural (and, let me add, affecting) circumstance.”",Ilias
1893,"“And the wine
Held to thy lips, and many a time in fits
Of infant frowardness the purple juice
Rejecting thou hast deluged all my vest,",Ilias
1894," [212] _Where Calydon_. For a good sketch of the story of Meleager, too
 long to be inserted here, see Grote, vol. i. p. 195, sqq.; and for the
 authorities, see my notes to the prose translation, p. 166.",Ilias
1895," [213] “_Gifts can conquer_”—It is well observed by Bishop Thirlwall,
 “Greece,” vol. i. p, 180, that the law of honour among the Greeks did
 not compel them to treasure up in their memory the offensive language
 which might be addressed to them by a passionate adversary, nor to
 conceive that it left a stain which could only be washed away by
 blood. Even for real and deep injuries they were commonly willing to
 accept a pecuniary compensation.”",Ilias
1896," [217] _Soft wool within, i e._ a kind of woollen stuffing, pressed in
 between the straps, to protect the head, and make the helmet fit
 close.",Ilias
1897," [218] “All the circumstances of this action—the night, Rhesus buried
 in a profound sleep, and Diomede with the sword in his hand hanging
 over the head of that prince—furnished Homer with the idea of this
 fiction, which represents Rhesus lying fast asleep, and, as it were,
 beholding his enemy in a dream, plunging the sword into his bosom.
 This image is very natural; for a man in his condition awakes no
 farther than to see confusedly what environs him, and to think it not
 a reality but a dream.”—Pope.",Ilias
1898," [220] _Red drops of blood_. “This phenomenon, if a mere fruit of the
 poet’s imagination, might seem arbitrary or far-fetched. It is one,
 however, of ascertained reality, and of no uncommon occurrence in the
 climate of Greece.”—Mure, i p. 493. Cf. Tasso, Gier. Lib. ix. 15:",Ilias
1899," [222] _One of love_. Although a bastard brother received only a small
 portion of the inheritance, he was commonly very well treated. Priam
 appears to be the only one of whom polygamy is directly asserted in
 the Iliad. Grote, vol. ii. p. 114, note.",Ilias
1900," [223] “Circled with foes as when a packe of bloodie jackals cling
 About a goodly palmed hart, hurt with a hunter’s bow Whose escape his
 nimble feet insure, whilst his warm blood doth flow, And his light
 knees have power to move: but (maistred by his wound) Embost within a
 shady hill, the jackals charge him round, And teare his flesh—when
 instantly fortune sends in the powers Of some sterne lion, with whose
 sighte they flie and he devours. So they around Ulysses prest.”",Ilias
1901," [225]
“Where yon disorder’d heap of ruin lies,
Stones rent from stones,—where clouds of dust arise,—
Amid that smother, Neptune holds his place,
Below the wall’s foundation drives his mace,
And heaves the building from the solid base.”",Ilias
1902,"“Wherefore do I assume
These royalties and not refuse to reign,
Refusing to accept as great a share
Of hazard as of honour, due alike to him
Who reigns, and so much to him due
Of hazard more, as he above the rest
High honour’d sits.”",Ilias
1903," [229] _Renown’d for justice and for length of days_, Arrian. de Exp.
 Alex. iv. p. 239, also speaks of the independence of these people,
 which he regards as the result of their poverty and uprightness. Some
 authors have regarded the phrase “Hippomolgian,” _i.e._ “milking their
 mares,” as an epithet applicable to numerous tribes, since the oldest
 of the Samatian nomads made their mares’ milk one of their chief
 articles of diet. The epithet abion or abion, in this passage, has
 occasioned much discussion. It may mean, according as we read it,
 either “long-lived,” or “bowless,” the latter epithet indicating that
 they did not depend upon archery for subsistence.",Ilias
1904,"“And as a round piece of a rocke, which with a winter’s flood
Is from his top torn, when a shoure poured from a bursten cloud,
Hath broke the naturall band it had within the roughftey rock,
Flies jumping all adourne the woods, resounding everie shocke,
And on, uncheckt, it headlong leaps till in a plaine it stay,
And then (tho’ never so impelled), it stirs not any way:—
So Hector,—”",Ilias
1905," [231] This book forms a most agreeable interruption to the continuous
 round of battles, which occupy the latter part of the Iliad. It is as
 well to observe, that the sameness of these scenes renders many notes
 unnecessary.",Ilias
1906,"Teneri sdegni, e placide, e tranquille
Repulse, e cari vezzi, e liete paci,
Sorrisi, parolette, e dolci stille
Di pianto, e sospir tronchi, e molli baci.”",Ilias
1907," [235]
“Twice seven, the charming daughters of the main—
Around my person wait, and bear my train:
Succeed my wish, and second my design,
The fairest, Deiopeia, shall be thine.”",Ilias
1908," [236] _And Minos_. “By Homer, Minos is described as the son of
 Jupiter, and of the daughter of Phœnix, whom all succeeding authors
 name Europa; and he is thus carried back into the remotest period of
 Cretan antiquity known to the poet, apparently as a native hero,
 Illustrious enough for a divine parentage, and too ancient to allow
 his descent to be traced to any other source. But in a genealogy
 recorded by later writers, he is likewise the adopted son of Asterius,
 as descendant of Dorus, the son of Helen, and is thus connected with a
 colony said to have been led into Creta by Tentamus, or Tectamus, son
 of Dorus, who is related either to have crossed over from Thessaly, or
 to have embarked at Malea after having led his followers by land into
 Laconia.”—Thirlwall, p. 136, seq.",Ilias
1909,"“Forthwith on all sides to his aid was run
By angels many and strong, who interpos’d
Defence, while others bore him on their shields
Back to his chariot, where it stood retir’d
From off the files of war; there they him laid,
Gnashing for anguish, and despite, and shame.”",Ilias
1910," [240] _For, by the gods! who flies_. Observe the bold ellipsis of “he
 cries,” and the transition from the direct to the oblique
 construction. So in Milton:—",Ilias
1911,"“Thus at their shady lodge arriv’d, both stood,
Both turn’d, and under open sky ador’d
The God that made both sky, air, earth, and heaven,
Which they beheld, the moon’s resplendent globe,
And starry pole.—Thou also mad’st the night,
Maker omnipotent, and thou the day.”",Ilias
1912,"“But like a rock unmov’d, a rock that braves
The raging tempest, and the rising waves—
Propp’d on himself he stands: his solid sides
Wash off the sea-weeds, and the sounding tides.”",Ilias
1913," [242] Protesilaus was the first Greek who fell, slain by Hector, as he
 leaped from the vessel to the Trojan shore. He was buried on the
 Chersonese, near the city of Plagusa. Hygin Fab. ciii. Tzetz. on
 Lycophr. 245, 528. There is a most elegant tribute to his memory in
 the Preface to the Heroica of Philostratus.",Ilias
1914," [244]
“As hungry wolves with raging appetite,
Scour through the fields, ne’er fear the stormy night—
Their whelps at home expect the promised food,
And long to temper their dry chaps in blood—
So rush’d we forth at once.”",Ilias
1915," [246] _Thrice at the battlements_. “The art military of the Homeric
 age is upon a level with the state of navigation just described,
 personal prowess decided every thing; the night attack and the
 ambuscade, although much esteemed, were never upon a large scale. The
 chiefs fight in advance, and enact almost as much as the knights of
 romance. The siege of Troy was as little like a modern siege as a
 captain in the guards is like Achilles. There is no mention of a ditch
 or any other line or work round the town, and the wall itself was
 accessible without a ladder. It was probably a vast mound of earth
 with a declivity outwards. Patroclus thrice mounts it in armour. The
 Trojans are in no respects blockaded, and receive assistance from
 their allies to the very end.”—Coleridge, p. 212.",Ilias
1916,"“Fast by the manger stands the inactive steed,
And, sunk in sorrow, hangs his languid head;
He stands, and careless of his golden grain,
Weeps his associates and his master slain.”",Ilias
1917,"“Nothing is heard upon the mountains now,
But pensive herds that for their master low,
Straggling and comfortless about they rove,
Unmindful of their pasture and their love.”",Ilias
1918,"“To close the pomp, Æthon, the steed of state,
Is led, the funeral of his lord to wait.
Stripp’d of his trappings, with a sullen pace
He walks, and the big tears run rolling down his face.”",Ilias
1919,"“Like to a bull, that with impetuous spring
Darts, at the moment when the fatal blow
Hath struck him, but unable to proceed
Plunges on either side.”",Ilias
1920," [250] This is connected with the earlier part of last book, the
 regular narrative being interrupted by the message of Antilochus and
 the lamentations of Achilles.",Ilias
1921," [251] _Far in the deep_. So Oceanus hears the lamentations of
 Prometheus, in the play of Æschylus, and comes from the depths of the
 sea to comfort him.",Ilias
1922," [253] Quintus Calaber, lib. v., has attempted to rival Homer in his
 description of the shield of the same hero. A few extracts from Mr.
 Dyce’s version (Select Translations, p. 104, seq.) may here be
 introduced.",Ilias
1923,"“In the wide circle of the shield were seen
Refulgent images of various forms,
The work of Vulcan; who had there described
The heaven, the ether, and the earth and sea,
The winds, the clouds, the moon, the sun, apart
In different stations; and you there might view
The stars that gem the still-revolving heaven,
And, under them, the vast expanse of air,
In which, with outstretch’d wings, the long-beak’d bird
Winnow’d the gale, as if instinct with life.
Around the shield the waves of ocean flow’d,
The realms of Tethys, which unnumber’d streams,
In azure mazes rolling o’er the earth,
Seem’d to augment.”",Ilias
1924," [254] _On seats of stone_. “Several of the old northern Sagas
 represent the old men assembled for the purpose of judging as sitting
 on great stones, in a circle called the Urtheilsring or gerichtsring”—
 Grote, ii. p. 100, note. On the independence of the judicial office in
 The heroic times, see Thirlwall’s Greece, vol. i. p. 166.",Ilias
1925,"“And here
Were horrid wars depicted; grimly pale
Were heroes lying with their slaughter’d steeds
Upon the ground incarnadin’d with blood.
Stern stalked Bellona, smear’d with reeking gore,
Through charging ranks; beside her Rout was seen,
And Terror, Discord to the fatal strife
Inciting men, and Furies breathing flames:
Nor absent were the Fates, and the tall shape
Of ghastly Death, round whom did Battles throng,
Their limbs distilling plenteous blood and sweat;
And Gorgons, whose long locks were twisting snakes.
That shot their forky tongues incessant forth.
Such were the horrors of dire war.”",Ilias
1926,"“Here was a corn field; reapers in a row,
Each with a sharp-tooth’d sickle in his hand,
Work’d busily, and, as the harvest fell,
Others were ready still to bind the sheaves:
Yoked to a wain that bore the corn away
The steers were moving; sturdy bullocks here
The plough were drawing, and the furrow’d glebe
Was black behind them, while with goading wand
The active youths impell’d them. Here a feast
Was graved: to the shrill pipe and ringing lyre
A band of blooming virgins led the dance.
As if endued with life.”
—Dyce’s Calaber.",Ilias
1927," [258] “This legend is one of the most pregnant and characteristic in
 the Grecian Mythology; it explains, according to the religious ideas
 familiar to the old epic poets, both the distinguishing attributes and
 the endless toil and endurances of Heracles, the most renowned
 subjugator of all the semi-divine personages worshipped by the
 Hellenes,—a being of irresistible force, and especially beloved by
 Zeus, yet condemned constantly to labour for others and to obey the
 commands of a worthless and cowardly persecutor. His recompense is
 reserved to the close of his career, when his afflicting trials are
 brought to a close: he is then admitted to the godhead, and receives
 in marriage Hebe.”—Grote, vol. i. p. 128.",Ilias
1928,"“The blue-eyed maid,
In ev’ry breast new vigour to infuse.
Brings nectar temper’d with ambrosial dews.”",Ilias
1929," [260] “Hell is naked before him, and destruction hath no covering. He
 stretcheth out the north over the empty place, and hangeth the earth
 upon nothing. He bindeth up the waters in his thick clouds; and the
 cloud is not rent under them.” Job xxvi. 6-8.",Ilias
1930," [261]
“Swift from his throne the infernal monarch ran,
All pale and trembling, lest the race of man,v Slain by Jove’s wrath,
and led by Hermes’ rod,
Should fill (a countless throng!) his dark abode.”",Ilias
1931," [262] These words seem to imply the old belief, that the Fates might
 be delayed, but never wholly set aside.",Ilias
1932," [263] It was anciently believed that it was dangerous, if not fatal,
 to behold a deity. See Exod. xxxiii. 20; Judg. xiii. 22.",Ilias
1933,"“Outstripp’d the winds in speed upon the plain,
Flew o’er the field, nor hurt the bearded grain:
She swept the seas, and, as she skimm’d along,
Her flying feet unbathed on billows hung.”",Ilias
1934," [266] _The future father_. “Æneas and Antenor stand distinguished from
 the other Trojans by a dissatisfaction with Priam, and a sympathy with
 the Greeks, which is by Sophocles and others construed as treacherous
 collusion,—a suspicion indirectly glanced at, though emphatically
 repelled, in the Æneas of Virgil.”—Grote, i. p. 427.",Ilias
1935,"“When your Æneas fought, but fought with odds
Of force unequal, and unequal gods:
I spread a cloud before the victor’s sight,
Sustain’d the vanquish’d, and secured his flight—
Even then secured him, when I sought with joy
The vow’d destruction of ungrateful Troy.”",Ilias
1936," [268] _On Polydore_. Euripides, Virgil, and others, relate that
 Polydore was sent into Thrace, to the house of Polymestor, for
 protection, being the youngest of Priam’s sons, and that he was
 treacherously murdered by his host for the sake of the treasure sent
 with him.",Ilias
1937," [270] Wood has observed, that “the circumstance of a falling tree,
 which is described as reaching from one of its banks to the other,
 affords a very just idea of the breadth of the Scamander.”",Ilias
1938," [271] _Ignominious_. Drowning, as compared with a death in the field
 of battle, was considered utterly disgraceful.",Ilias
1939,"“So, when with crackling flames a caldron fries,
The bubbling waters from the bottom rise.
Above the brims they force their fiery way;
Black vapours climb aloft, and cloud the day.”",Ilias
1940," [273] “This tale of the temporary servitude of particular gods, by
 order of Jove, as a punishment for misbehaviour, recurs not
 unfrequently among the incidents of the Mythical world.”—Grote, vol.
 i. p. 156.",Ilias
1941,"“On the other side,
Incensed with indignation, Satan stood
Unterrified, and like a comet burn’d,
That fires the length of Ophiuchus huge
In the arctic sky, and from his horrid hair
Shakes pestilence and war.”",Ilias
1942," [276] The example of Nausicaa, in the Odyssey, proves that the duties
 of the laundry were not thought derogatory, even from the dignity of a
 princess, in the heroic times.",Ilias
1943," [278] Such was his fate. After chasing the Trojans into the town, he
 was slain by an arrow from the quiver of Paris, directed under the
 unerring auspices of Apollo. The greatest efforts were made by the
 Trojans to possess themselves of the body, which was however rescued
 and borne off to the Grecian camp by the valour of Ajax and Ulysses.
 Thetis stole away the body, just as the Greeks were about to burn it
 with funeral honours, and conveyed it away to a renewed life of
 immortality in the isle of Leuke in the Euxine.",Ilias
1944," [279] _Astyanax_, i.e. the _city-king_ or guardian. It is amusing that
 Plato, who often finds fault with Homer without reason, should have
 copied this twaddling etymology into his Cratylus.",Ilias
1945," [280] This book has been closely imitated by Virgil in his fifth book,
 but it is almost useless to attempt a selection of passages for
 comparison.",Ilias
1946," [281] _Thrice in order led_. This was a frequent rite at funerals. The
 Romans had the same custom, which they called _decursio_. Plutarch
 states that Alexander, in after times, renewed these same honours to
 the memory of Achilles himself.",Ilias
1947," [282] _And swore_. Literally, and called Orcus, the god of oaths, to
 witness. See Buttmann, Lexilog, p. 436.",Ilias
1948," [283]
“O, long expected by thy friends! from whence
Art thou so late return’d for our defence?
Do we behold thee, wearied as we are
With length of labours, and with, toils of war?
After so many funerals of thy own,
Art thou restored to thy declining town?
But say, what wounds are these? what new disgrace
Deforms the manly features of thy face?”",Ilias
1949,"“In vain I reach my feeble hands to join
In sweet embraces—ah! no longer thine!
She said, and from his eyes the fleeting fair
Retired, like subtle smoke dissolved in air.”",Ilias
1950,"“So eagerly the fiend
O’er bog, o’er steep, through strait, rough, dense, or rare,
With head, hands, wings, or feet pursues his way,
And swims, or sinks, or wades, or creeps, or flies.”",Ilias
1951," [286]
“An ancient forest, for the work design’d
(The shady covert of the savage kind).
The Trojans found: the sounding axe is placed:
Firs, pines, and pitch-trees, and the tow’ring pride
Of forest ashes, feel the fatal stroke,
And piercing wedges cleave the stubborn oak.
High trunks of trees, fell’d from the steepy crown
Of the bare mountains, roll with ruin down.”",Ilias
1952," [288] The height of the tomb or pile was a great proof of the dignity
 of the deceased, and the honour in which he was held.",Ilias
1953," [291] Virgil, by making the boaster vanquished, has drawn a better
 moral from this episode than Homer. The following lines deserve
 comparison:—",Ilias
1954,"“The haughty Dares in the lists appears:
Walking he strides, his head erected bears:
His nervous arms the weighty gauntlet wield,
And loud applauses echo through the field.
* * * *
Such Dares was, and such he strode along,
And drew the wonder of the gazing throng
His brawny breast and ample chest he shows;
His lifted arms around his head he throws,
And deals in whistling air his empty blows.
His match is sought, but, through the trembling band,
No one dares answer to the proud demand.
Presuming of his force, with sparkling eyes,
Already he devours the promised prize.
* * * *
If none my matchless valour dares oppose,
How long shall Dares wait his dastard foes?”",Ilias
1955," [292]
“The gauntlet-fight thus ended, from the shore
His faithful friends unhappy Dares bore:
His mouth and nostrils pour’d a purple flood,
And pounded teeth came rushing with his blood.”",Ilias
1956," [293] “Troilus is only once named in the Iliad; he was mentioned also
 in the Cypriad but his youth, beauty, and untimely end made him an
 object of great interest with the subsequent poets.”—Grote, i, p. 399.",Ilias
1957," [294] Milton has rivalled this passage describing the descent of
 Gabriel, “Paradise Lost,” bk. v. 266, seq.",Ilias
1958,"“Down thither prone in flight
He speeds, and through the vast ethereal sky
Sails between worlds and worlds, with steady wing,
Now on the polar winds, then with quick fan
Winnows the buxom air. * * * *
* * * *
At once on th’ eastern cliff of Paradise
He lights, and to his proper shape returns
A seraph wing’d. * * * *
Like Maia’s son he stood,
And shook his plumes, that heavenly fragrance fill’d
The circuit wide.”",Ilias
1959,"“Hermes obeys; with golden pinions binds
His flying feet, and mounts the western winds:
And whether o’er the seas or earth he flies,
With rapid force they bear him down the skies
But first he grasps within his awful hand
The mark of sovereign power, his magic wand;
With this he draws the ghost from hollow graves;
With this he drives them from the Stygian waves:
* * * *
Thus arm’d, the god begins his airy race,v And drives the racking
clouds along the liquid space.”",Ilias
1960," [298] The following observations of Coleridge furnish a most gallant
 and interesting view of Helen’s character—
    “Few things are more interesting than to observe how the same hand
    that has given us the fury and inconsistency of Achilles, gives us
    also the consummate elegance and tenderness of Helen. She is
    through the Iliad a genuine lady, graceful in motion and speech,
    noble in her associations, full of remorse for a fault for which
    higher powers seem responsible, yet grateful and affectionate
    towards those with whom that fault had committed her. I have always
    thought the following speech in which Helen laments Hector, and
    hints at her own invidious and unprotected situation in Troy, as
    almost the sweetest passage in the poem. It is another striking
    instance of that refinement of feeling and softness of tone which
    so generally distinguish the last book of the Iliad from the
    rest.”—Classic Poets, p. 198, seq.",Ilias
1961," [299] “And here we part with Achilles at the moment best calculated to
 exalt and purify our impression of his character. We had accompanied
 him through the effervescence, undulations, and final subsidence of
 his stormy passions. We now leave him in repose and under the full
 influence of the more amiable affections, while our admiration of his
 great qualities is chastened by the reflection that, within a few
 short days the mighty being in whom they were united was himself to be
 suddenly cut off in the full vigour of their exercise.
    The frequent and touching allusions, interspersed throughout the
    Iliad, to the speedy termination of its hero’s course, and the
    moral on the vanity of human life which they indicate, are among
    the finest evidences of the spirit of ethic unity by which the
    whole framework of the poem is united.”—Mure, vol. i. p 201.",Ilias
1962," [300] Cowper says,—“I cannot take my leave of this noble poem without
 expressing how much I am struck with the plain conclusion of it. It is
 like the exit of a great man out of company, whom he has entertained
 magnificently; neither pompous nor familiar; not contemptuous, yet
 without much ceremony.” Coleridge, p. 227, considers the termination
 of “Paradise Lost” somewhat similar.",Ilias
1963,"To protect the Project Gutenberg™ mission of promoting the free
distribution of electronic works, by using or distributing this work
(or any other work associated in any way with the phrase “Project
Gutenberg”), you agree to comply with all the terms of the Full
Project Gutenberg™ License available with this file or online at
www.gutenberg.org/license.",Ilias
1964,"1.A. By reading or using any part of this Project Gutenberg™
electronic work, you indicate that you have read, understand, agree to
and accept all the terms of this license and intellectual property
(trademark/copyright) agreement. If you do not agree to abide by all
the terms of this agreement, you must cease using and return or
destroy all copies of Project Gutenberg™ electronic works in your
possession. If you paid a fee for obtaining a copy of or access to a
Project Gutenberg™ electronic work and you do not agree to be bound
by the terms of this agreement, you may obtain a refund from the person
or entity to whom you paid the fee as set forth in paragraph 1.E.8.",Ilias
1965,"1.B. “Project Gutenberg” is a registered trademark. It may only be
used on or associated in any way with an electronic work by people who
agree to be bound by the terms of this agreement. There are a few
things that you can do with most Project Gutenberg™ electronic works
even without complying with the full terms of this agreement. See
paragraph 1.C below. There are a lot of things you can do with Project
Gutenberg™ electronic works if you follow the terms of this
agreement and help preserve free future access to Project Gutenberg™
electronic works. See paragraph 1.E below.",Ilias
1966,"1.D. The copyright laws of the place where you are located also govern
what you can do with this work. Copyright laws in most countries are
in a constant state of change. If you are outside the United States,
check the laws of your country in addition to the terms of this
agreement before downloading, copying, displaying, performing,
distributing or creating derivative works based on this work or any
other Project Gutenberg™ work. The Foundation makes no
representations concerning the copyright status of any work in any
country other than the United States.",Ilias
1967,"1.E.1. The following sentence, with active links to, or other
immediate access to, the full Project Gutenberg™ License must appear
prominently whenever any copy of a Project Gutenberg™ work (any work
on which the phrase “Project Gutenberg” appears, or with which the
phrase “Project Gutenberg” is associated) is accessed, displayed,
performed, viewed, copied or distributed:",Ilias
1968,"1.E.3. If an individual Project Gutenberg™ electronic work is posted
with the permission of the copyright holder, your use and distribution
must comply with both paragraphs 1.E.1 through 1.E.7 and any
additional terms imposed by the copyright holder. Additional terms
will be linked to the Project Gutenberg™ License for all works
posted with the permission of the copyright holder found at the
beginning of this work.",Ilias
1969,"1.E.4. Do not unlink or detach or remove the full Project Gutenberg™
License terms from this work, or any files containing a part of this
work or any other work associated with Project Gutenberg™.",Ilias
1970,"1.E.5. Do not copy, display, perform, distribute or redistribute this
electronic work, or any part of this electronic work, without
prominently displaying the sentence set forth in paragraph 1.E.1 with
active links or immediate access to the full terms of the Project
Gutenberg™ License.",Ilias
1971,"1.E.6. You may convert to and distribute this work in any binary,
compressed, marked up, nonproprietary or proprietary form, including
any word processing or hypertext form. However, if you provide access
to or distribute copies of a Project Gutenberg™ work in a format
other than “Plain Vanilla ASCII” or other format used in the official
version posted on the official Project Gutenberg™ website
(www.gutenberg.org), you must, at no additional cost, fee or expense
to the user, provide a copy, a means of exporting a copy, or a means
of obtaining a copy upon request, of the work in its original “Plain
Vanilla ASCII” or other form. Any alternate format must include the
full Project Gutenberg™ License as specified in paragraph 1.E.1.",Ilias
1972,"1.E.7. Do not charge a fee for access to, viewing, displaying,
performing, copying or distributing any Project Gutenberg™ works
unless you comply with paragraph 1.E.8 or 1.E.9.",Ilias
1973,"1.E.8. You may charge a reasonable fee for copies of or providing
access to or distributing Project Gutenberg™ electronic works
provided that:",Ilias
1974,"1.E.9. If you wish to charge a fee or distribute a Project
Gutenberg™ electronic work or group of works on different terms than
are set forth in this agreement, you must obtain permission in writing
from the Project Gutenberg Literary Archive Foundation, the manager of
the Project Gutenberg™ trademark. Contact the Foundation as set
forth in Section 3 below.",Ilias
1975,"1.F.1. Project Gutenberg volunteers and employees expend considerable
effort to identify, do copyright research on, transcribe and proofread
works not protected by U.S. copyright law in creating the Project
Gutenberg™ collection. Despite these efforts, Project Gutenberg™
electronic works, and the medium on which they may be stored, may
contain “Defects,” such as, but not limited to, incomplete, inaccurate
or corrupt data, transcription errors, a copyright or other
intellectual property infringement, a defective or damaged disk or
other medium, a computer virus, or computer codes that damage or
cannot be read by your equipment.",Ilias
1976,"1.F.2. LIMITED WARRANTY, DISCLAIMER OF DAMAGES - Except for the “Right
of Replacement or Refund” described in paragraph 1.F.3, the Project
Gutenberg Literary Archive Foundation, the owner of the Project
Gutenberg™ trademark, and any other party distributing a Project
Gutenberg™ electronic work under this agreement, disclaim all
liability to you for damages, costs and expenses, including legal
fees. YOU AGREE THAT YOU HAVE NO REMEDIES FOR NEGLIGENCE, STRICT
LIABILITY, BREACH OF WARRANTY OR BREACH OF CONTRACT EXCEPT THOSE
PROVIDED IN PARAGRAPH 1.F.3. YOU AGREE THAT THE FOUNDATION, THE
TRADEMARK OWNER, AND ANY DISTRIBUTOR UNDER THIS AGREEMENT WILL NOT BE
LIABLE TO YOU FOR ACTUAL, DIRECT, INDIRECT, CONSEQUENTIAL, PUNITIVE OR
INCIDENTAL DAMAGES EVEN IF YOU GIVE NOTICE OF THE POSSIBILITY OF SUCH
DAMAGE.",Ilias
1977,"1.F.3. LIMITED RIGHT OF REPLACEMENT OR REFUND - If you discover a
defect in this electronic work within 90 days of receiving it, you can
receive a refund of the money (if any) you paid for it by sending a
written explanation to the person you received the work from. If you
received the work on a physical medium, you must return the medium
with your written explanation. The person or entity that provided you
with the defective work may elect to provide a replacement copy in
lieu of a refund. If you received the work electronically, the person
or entity providing it to you may choose to give you a second
opportunity to receive the work electronically in lieu of a refund. If
the second copy is also defective, you may demand a refund in writing
without further opportunities to fix the problem.",Ilias
1978,"1.F.4. Except for the limited right of replacement or refund set forth
in paragraph 1.F.3, this work is provided to you ‘AS-IS’, WITH NO
OTHER WARRANTIES OF ANY KIND, EXPRESS OR IMPLIED, INCLUDING BUT NOT
LIMITED TO WARRANTIES OF MERCHANTABILITY OR FITNESS FOR ANY PURPOSE.",Ilias
1979,"1.F.5. Some states do not allow disclaimers of certain implied
warranties or the exclusion or limitation of certain types of
damages. If any disclaimer or limitation set forth in this agreement
violates the law of the state applicable to this agreement, the
agreement shall be interpreted to make the maximum disclaimer or
limitation permitted by the applicable state law. The invalidity or
unenforceability of any provision of this agreement shall not void the
remaining provisions.",Ilias
1980,"1.F.6. INDEMNITY - You agree to indemnify and hold the Foundation, the
trademark owner, any agent or employee of the Foundation, anyone
providing copies of Project Gutenberg™ electronic works in
accordance with this agreement, and any volunteers associated with the
production, promotion and distribution of Project Gutenberg™
electronic works, harmless from all liability, costs and expenses,
including legal fees, that arise directly or indirectly from any of
the following which you do or cause to occur: (a) distribution of this
or any Project Gutenberg™ work, (b) alteration, modification, or
additions or deletions to any Project Gutenberg™ work, and (c) any
Defect you cause.",Ilias
1981,"Project Gutenberg™ is synonymous with the free distribution of
electronic works in formats readable by the widest variety of
computers including obsolete, old, middle-aged and new computers. It
exists because of the efforts of hundreds of volunteers and donations
from people in all walks of life.",Ilias
1982,"Volunteers and financial support to provide volunteers with the
assistance they need are critical to reaching Project Gutenberg™’s
goals and ensuring that the Project Gutenberg™ collection will
remain freely available for generations to come. In 2001, the Project
Gutenberg Literary Archive Foundation was created to provide a secure
and permanent future for Project Gutenberg™ and future
generations. To learn more about the Project Gutenberg Literary
Archive Foundation and how your efforts and donations can help, see
Sections 3 and 4 and the Foundation information page at www.gutenberg.org.",Ilias
1983,"The Project Gutenberg Literary Archive Foundation is a non-profit
501(c)(3) educational corporation organized under the laws of the
state of Mississippi and granted tax exempt status by the Internal
Revenue Service. The Foundation’s EIN or federal tax identification
number is 64-6221541. Contributions to the Project Gutenberg Literary
Archive Foundation are tax deductible to the full extent permitted by
U.S. federal laws and your state’s laws.",Ilias
1984,"The Foundation’s business office is located at 809 North 1500 West,
Salt Lake City, UT 84116, (801) 596-1887. Email contact links and up
to date contact information can be found at the Foundation’s website
and official page at www.gutenberg.org/contact",Ilias
1985,"Project Gutenberg™ depends upon and cannot survive without widespread
public support and donations to carry out its mission of
increasing the number of public domain and licensed works that can be
freely distributed in machine-readable form accessible by the widest
array of equipment including outdated equipment. Many small donations
($1 to $5,000) are particularly important to maintaining tax exempt
status with the IRS.",Ilias
1986,"The Foundation is committed to complying with the laws regulating
charities and charitable donations in all 50 states of the United
States. Compliance requirements are not uniform and it takes a
considerable effort, much paperwork and many fees to meet and keep up
with these requirements. We do not solicit donations in locations
where we have not received written confirmation of compliance. To SEND
DONATIONS or determine the status of compliance for any particular state
visit www.gutenberg.org/donate.",Ilias
1987,"While we cannot and do not solicit contributions from states where we
have not met the solicitation requirements, we know of no prohibition
against accepting unsolicited donations from donors in such states who
approach us with offers to donate.",Ilias
1988,"International donations are gratefully accepted, but we cannot make
any statements concerning tax treatment of donations received from
outside the United States. U.S. laws alone swamp our small staff.",Ilias
1989,"Please check the Project Gutenberg web pages for current donation
methods and addresses. Donations are accepted in a number of other
ways including checks, online payments and credit card donations. To
donate, please visit: www.gutenberg.org/donate.",Ilias
1990,"Professor Michael S. Hart was the originator of the Project
Gutenberg™ concept of a library of electronic works that could be
freely shared with anyone. For forty years, he produced and
distributed Project Gutenberg™ eBooks with only a loose network of
volunteer support.",Ilias
1991,"Project Gutenberg™ eBooks are often created from several printed
editions, all of which are confirmed as not protected by copyright in
the U.S. unless a copyright notice is included. Thus, we do not
necessarily keep eBooks in compliance with any particular paper
edition.",Ilias
1992,"This website includes information about Project Gutenberg™,
including how to make donations to the Project Gutenberg Literary
Archive Foundation, how to help produce our new eBooks, and how to
subscribe to our email newsletter to hear about new eBooks.",Ilias
